date,commodity,avg_price_ngn,mean_trust_score,n_markets
2007-01-01,Agric Hen Eggs (Crate of 30 Pieces),331.4235135135135,9.50945945945946,74
2007-02-01,Agric Hen Eggs (Crate of 30 Pieces),342.03986486486485,9.50945945945946,74
2007-03-01,Agric Hen Eggs (Crate of 30 Pieces),340.09716216216214,9.50945945945946,74
2007-04-01,Agric Hen Eggs (Crate of 30 Pieces),350.65797297297297,9.50945945945946,74
2007-05-01,Agric Hen Eggs (Crate of 30 Pieces),354.60459459459463,9.50945945945946,74
2007-06-01,Agric Hen Eggs (Crate of 30 Pieces),360.10027027027024,9.50945945945946,74
2007-07-01,Agric Hen Eggs (Crate of 30 Pieces),357.9072972972973,9.50945945945946,74
2007-08-01,Agric Hen Eggs (Crate of 30 Pieces),356.7351351351352,9.50945945945946,74
2007-09-01,Agric Hen Eggs (Crate of 30 Pieces),359.12716216216216,9.50945945945946,74
2007-10-01,Agric Hen Eggs (Crate of 30 Pieces),368.1260810810811,9.50945945945946,74
2007-11-01,Agric Hen Eggs (Crate of 30 Pieces),360.7694594594594,9.50945945945946,74
2007-12-01,Agric Hen Eggs (Crate of 30 Pieces),366.61486486486484,9.50945945945946,74
2008-01-01,Agric Hen Eggs (Crate of 30 Pieces),377.9397297297297,9.50945945945946,74
2008-02-01,Agric Hen Eggs (Crate of 30 Pieces),386.6852702702703,9.50945945945946,74
2008-03-01,Agric Hen Eggs (Crate of 30 Pieces),401.9697297297297,9.50945945945946,74
2008-04-01,Agric Hen Eggs (Crate of 30 Pieces),413.8781081081081,9.50945945945946,74
2008-05-01,Agric Hen Eggs (Crate of 30 Pieces),430.59324324324325,9.50945945945946,74
2008-06-01,Agric Hen Eggs (Crate of 30 Pieces),449.65270270270275,9.50945945945946,74
2008-07-01,Agric Hen Eggs (Crate of 30 Pieces),453.07081081081077,9.50945945945946,74
2008-08-01,Agric Hen Eggs (Crate of 30 Pieces),455.80297297297295,9.50945945945946,74
2008-09-01,Agric Hen Eggs (Crate of 30 Pieces),406.2905405405405,9.50945945945946,74
2008-10-01,Agric Hen Eggs (Crate of 30 Pieces),403.73783783783784,9.50945945945946,74
2008-11-01,Agric Hen Eggs (Crate of 30 Pieces),355.84378378378375,9.50945945945946,74
2008-12-01,Agric Hen Eggs (Crate of 30 Pieces),352.4954054054054,9.50945945945946,74
2009-01-01,Agric Hen Eggs (Crate of 30 Pieces),415.0747297297297,9.50945945945946,74
2009-02-01,Agric Hen Eggs (Crate of 30 Pieces),434.2495945945946,9.50945945945946,74
2009-03-01,Agric Hen Eggs (Crate of 30 Pieces),420.9790540540541,9.50945945945946,74
2009-04-01,Agric Hen Eggs (Crate of 30 Pieces),425.7367567567568,9.50945945945946,74
2009-05-01,Agric Hen Eggs (Crate of 30 Pieces),393.56797297297294,9.513513513513514,74
2009-06-01,Agric Hen Eggs (Crate of 30 Pieces),438.1527027027027,9.514864864864865,74
2009-07-01,Agric Hen Eggs (Crate of 30 Pieces),483.0372972972973,9.516216216216216,74
2009-08-01,Agric Hen Eggs (Crate of 30 Pieces),474.280945945946,9.516216216216216,74
2009-09-01,Agric Hen Eggs (Crate of 30 Pieces),445.3133783783784,9.516216216216216,74
2009-10-01,Agric Hen Eggs (Crate of 30 Pieces),426.0360810810811,9.516216216216216,74
2009-11-01,Agric Hen Eggs (Crate of 30 Pieces),408.00864864864866,9.516216216216216,74
2009-12-01,Agric Hen Eggs (Crate of 30 Pieces),416.84986486486486,9.517567567567568,74
2010-01-01,Agric Hen Eggs (Crate of 30 Pieces),431.5491891891892,9.52027027027027,74
2010-02-01,Agric Hen Eggs (Crate of 30 Pieces),427.34,9.522972972972974,74
2010-03-01,Agric Hen Eggs (Crate of 30 Pieces),417.69270270270266,9.524324324324324,74
2010-04-01,Agric Hen Eggs (Crate of 30 Pieces),410.9647297297297,9.524324324324324,74
2010-05-01,Agric Hen Eggs (Crate of 30 Pieces),425.6881081081081,9.524324324324324,74
2010-06-01,Agric Hen Eggs (Crate of 30 Pieces),420.99445945945945,9.524324324324324,74
2010-07-01,Agric Hen Eggs (Crate of 30 Pieces),413.0697297297297,9.524324324324324,74
2010-08-01,Agric Hen Eggs (Crate of 30 Pieces),405.7504054054054,9.524324324324324,74
2010-09-01,Agric Hen Eggs (Crate of 30 Pieces),413.65621621621625,9.525675675675675,74
2010-10-01,Agric Hen Eggs (Crate of 30 Pieces),409.13500000000005,9.527027027027026,74
2010-11-01,Agric Hen Eggs (Crate of 30 Pieces),415.4912162162162,9.527027027027026,74
2010-12-01,Agric Hen Eggs (Crate of 30 Pieces),415.7810810810811,9.52837837837838,74
2011-01-01,Agric Hen Eggs (Crate of 30 Pieces),421.4121621621622,9.52837837837838,74
2011-02-01,Agric Hen Eggs (Crate of 30 Pieces),423.30432432432434,9.527027027027026,74
2011-03-01,Agric Hen Eggs (Crate of 30 Pieces),431.5560810810811,9.52837837837838,74
2011-04-01,Agric Hen Eggs (Crate of 30 Pieces),436.2928378378378,9.52837837837838,74
2011-05-01,Agric Hen Eggs (Crate of 30 Pieces),436.5489189189189,9.52972972972973,74
2011-06-01,Agric Hen Eggs (Crate of 30 Pieces),441.8989189189189,9.52837837837838,74
2011-07-01,Agric Hen Eggs (Crate of 30 Pieces),453.46324324324326,9.52972972972973,74
2011-08-01,Agric Hen Eggs (Crate of 30 Pieces),451.9586486486487,9.52837837837838,74
2011-09-01,Agric Hen Eggs (Crate of 30 Pieces),436.27675675675675,9.52972972972973,74
2011-10-01,Agric Hen Eggs (Crate of 30 Pieces),445.0806756756757,9.52972972972973,74
2011-11-01,Agric Hen Eggs (Crate of 30 Pieces),437.4177027027027,9.52837837837838,74
2011-12-01,Agric Hen Eggs (Crate of 30 Pieces),464.0763513513514,9.52837837837838,74
2012-01-01,Agric Hen Eggs (Crate of 30 Pieces),446.78432432432436,9.527027027027026,74
2012-02-01,Agric Hen Eggs (Crate of 30 Pieces),469.8285135135135,9.527027027027026,74
2012-03-01,Agric Hen Eggs (Crate of 30 Pieces),474.93567567567567,9.527027027027026,74
2012-04-01,Agric Hen Eggs (Crate of 30 Pieces),448.3328378378378,9.52837837837838,74
2012-05-01,Agric Hen Eggs (Crate of 30 Pieces),455.9233783783784,9.533783783783784,74
2012-06-01,Agric Hen Eggs (Crate of 30 Pieces),487.9627027027027,9.535135135135135,74
2012-07-01,Agric Hen Eggs (Crate of 30 Pieces),505.9906756756756,9.536486486486487,74
2012-08-01,Agric Hen Eggs (Crate of 30 Pieces),515.3594594594595,9.54054054054054,74
2012-09-01,Agric Hen Eggs (Crate of 30 Pieces),525.7633783783783,9.54054054054054,74
2012-10-01,Agric Hen Eggs (Crate of 30 Pieces),512.1700000000001,9.54054054054054,74
2012-11-01,Agric Hen Eggs (Crate of 30 Pieces),502.5793243243244,9.54054054054054,74
2012-12-01,Agric Hen Eggs (Crate of 30 Pieces),506.2845945945946,9.541891891891892,74
2013-01-01,Agric Hen Eggs (Crate of 30 Pieces),504.3013513513514,9.541891891891892,74
2013-02-01,Agric Hen Eggs (Crate of 30 Pieces),503.50864864864866,9.543243243243245,74
2013-03-01,Agric Hen Eggs (Crate of 30 Pieces),515.8004054054054,9.543243243243245,74
2013-04-01,Agric Hen Eggs (Crate of 30 Pieces),541.5804054054054,9.543243243243245,74
2013-05-01,Agric Hen Eggs (Crate of 30 Pieces),543.7948648648648,9.543243243243245,74
2013-06-01,Agric Hen Eggs (Crate of 30 Pieces),552.3113513513514,9.543243243243245,74
2013-07-01,Agric Hen Eggs (Crate of 30 Pieces),560.9528378378378,9.543243243243245,74
2013-08-01,Agric Hen Eggs (Crate of 30 Pieces),597.7241891891891,9.543243243243245,74
2013-09-01,Agric Hen Eggs (Crate of 30 Pieces),613.8537837837838,9.543243243243245,74
2013-10-01,Agric Hen Eggs (Crate of 30 Pieces),608.2778378378378,9.541891891891892,74
2013-11-01,Agric Hen Eggs (Crate of 30 Pieces),575.3601351351351,9.541891891891892,74
2013-12-01,Agric Hen Eggs (Crate of 30 Pieces),563.2756756756756,9.541891891891892,74
2014-01-01,Agric Hen Eggs (Crate of 30 Pieces),502.4948648648649,9.541891891891892,74
2014-02-01,Agric Hen Eggs (Crate of 30 Pieces),498.72783783783785,9.541891891891892,74
2014-03-01,Agric Hen Eggs (Crate of 30 Pieces),511.89,9.541891891891892,74
2014-04-01,Agric Hen Eggs (Crate of 30 Pieces),505.40162162162164,9.541891891891892,74
2014-05-01,Agric Hen Eggs (Crate of 30 Pieces),514.1213513513514,9.54054054054054,74
2014-06-01,Agric Hen Eggs (Crate of 30 Pieces),528.4348648648648,9.53918918918919,74
2014-07-01,Agric Hen Eggs (Crate of 30 Pieces),548.5524324324324,9.54054054054054,74
2014-08-01,Agric Hen Eggs (Crate of 30 Pieces),546.5487837837838,9.543243243243245,74
2014-09-01,Agric Hen Eggs (Crate of 30 Pieces),542.0395945945946,9.544594594594594,74
2014-10-01,Agric Hen Eggs (Crate of 30 Pieces),546.4408108108108,9.544594594594594,74
2014-11-01,Agric Hen Eggs (Crate of 30 Pieces),548.7954054054054,9.554054054054054,74
2014-12-01,Agric Hen Eggs (Crate of 30 Pieces),548.1781081081081,9.555405405405406,74
2015-01-01,Agric Hen Eggs (Crate of 30 Pieces),518.170945945946,9.555405405405406,74
2015-02-01,Agric Hen Eggs (Crate of 30 Pieces),510.1793243243243,9.555405405405406,74
2015-03-01,Agric Hen Eggs (Crate of 30 Pieces),545.8783783783783,9.55945945945946,74
2015-04-01,Agric Hen Eggs (Crate of 30 Pieces),548.3641891891891,9.56081081081081,74
2015-05-01,Agric Hen Eggs (Crate of 30 Pieces),558.0451351351351,9.566216216216215,74
2015-06-01,Agric Hen Eggs (Crate of 30 Pieces),555.4882432432432,9.566216216216215,74
2015-07-01,Agric Hen Eggs (Crate of 30 Pieces),564.162027027027,9.566216216216215,74
2015-08-01,Agric Hen Eggs (Crate of 30 Pieces),569.1875675675675,9.566216216216215,74
2015-09-01,Agric Hen Eggs (Crate of 30 Pieces),559.5521621621622,9.566216216216215,74
2015-10-01,Agric Hen Eggs (Crate of 30 Pieces),587.1152702702702,9.566216216216215,74
2015-11-01,Agric Hen Eggs (Crate of 30 Pieces),597.9647297297297,9.567567567567568,74
2015-12-01,Agric Hen Eggs (Crate of 30 Pieces),606.3648648648649,9.567567567567568,74
2016-01-01,Agric Hen Eggs (Crate of 30 Pieces),635.0083783783784,9.57027027027027,74
2016-02-01,Agric Hen Eggs (Crate of 30 Pieces),653.4266216216216,9.57027027027027,74
2016-03-01,Agric Hen Eggs (Crate of 30 Pieces),667.0786486486486,9.57027027027027,74
2016-04-01,Agric Hen Eggs (Crate of 30 Pieces),688.9613513513514,9.57162162162162,74
2016-05-01,Agric Hen Eggs (Crate of 30 Pieces),732.5132432432433,9.57162162162162,74
2016-06-01,Agric Hen Eggs (Crate of 30 Pieces),834.4541891891892,9.57972972972973,74
2016-07-01,Agric Hen Eggs (Crate of 30 Pieces),881.061891891892,9.58918918918919,74
2016-08-01,Agric Hen Eggs (Crate of 30 Pieces),892.9840540540541,9.593243243243244,74
2016-09-01,Agric Hen Eggs (Crate of 30 Pieces),854.1540540540541,9.598648648648648,74
2016-10-01,Agric Hen Eggs (Crate of 30 Pieces),935.3813513513513,9.605405405405405,74
2016-11-01,Agric Hen Eggs (Crate of 30 Pieces),986.8036486486486,9.606756756756756,74
2016-12-01,Agric Hen Eggs (Crate of 30 Pieces),1054.7331081081081,9.621621621621621,74
2017-01-01,Agric Hen Eggs (Crate of 30 Pieces),1059.2509459459461,9.643243243243244,74
2017-02-01,Agric Hen Eggs (Crate of 30 Pieces),1079.934054054054,9.664864864864866,74
2017-03-01,Agric Hen Eggs (Crate of 30 Pieces),1081.5278378378378,9.685135135135136,74
2017-04-01,Agric Hen Eggs (Crate of 30 Pieces),1033.263108108108,9.68918918918919,74
2017-05-01,Agric Hen Eggs (Crate of 30 Pieces),1024.3032432432433,9.71081081081081,74
2017-06-01,Agric Hen Eggs (Crate of 30 Pieces),1002.1127027027027,9.712162162162162,74
2017-07-01,Agric Hen Eggs (Crate of 30 Pieces),1010.0706756756756,9.722972972972974,74
2017-08-01,Agric Hen Eggs (Crate of 30 Pieces),1018.4017567567568,9.724324324324325,74
2017-09-01,Agric Hen Eggs (Crate of 30 Pieces),1012.8844594594594,9.732432432432432,74
2017-10-01,Agric Hen Eggs (Crate of 30 Pieces),1050.8945945945945,9.737837837837839,74
2017-11-01,Agric Hen Eggs (Crate of 30 Pieces),1082.2101351351353,9.73918918918919,74
2017-12-01,Agric Hen Eggs (Crate of 30 Pieces),1086.2267567567567,9.737837837837839,74
2018-01-01,Agric Hen Eggs (Crate of 30 Pieces),1100.4028378378378,9.74054054054054,74
2018-02-01,Agric Hen Eggs (Crate of 30 Pieces),1088.8081081081082,9.74054054054054,74
2018-03-01,Agric Hen Eggs (Crate of 30 Pieces),1061.416891891892,9.74189189189189,74
2018-04-01,Agric Hen Eggs (Crate of 30 Pieces),1051.013243243243,9.74189189189189,74
2018-05-01,Agric Hen Eggs (Crate of 30 Pieces),1047.1528378378378,9.74189189189189,74
2018-06-01,Agric Hen Eggs (Crate of 30 Pieces),1070.386891891892,9.73918918918919,74
2018-07-01,Agric Hen Eggs (Crate of 30 Pieces),1068.445945945946,9.73918918918919,74
2018-08-01,Agric Hen Eggs (Crate of 30 Pieces),1047.4435135135134,9.73918918918919,74
2018-09-01,Agric Hen Eggs (Crate of 30 Pieces),1040.75472972973,9.73918918918919,74
2018-10-01,Agric Hen Eggs (Crate of 30 Pieces),1030.956216216216,9.73918918918919,74
2018-11-01,Agric Hen Eggs (Crate of 30 Pieces),1038.7685135135134,9.73918918918919,74
2018-12-01,Agric Hen Eggs (Crate of 30 Pieces),1051.2395945945946,9.74054054054054,74
2019-01-01,Agric Hen Eggs (Crate of 30 Pieces),1060.306081081081,9.74054054054054,74
2019-02-01,Agric Hen Eggs (Crate of 30 Pieces),1055.5822972972971,9.74054054054054,74
2019-03-01,Agric Hen Eggs (Crate of 30 Pieces),1036.126216216216,9.74054054054054,74
2019-04-01,Agric Hen Eggs (Crate of 30 Pieces),1033.2386486486487,9.74054054054054,74
2019-05-01,Agric Hen Eggs (Crate of 30 Pieces),1037.7163513513512,9.74054054054054,74
2019-06-01,Agric Hen Eggs (Crate of 30 Pieces),1040.4464864864865,9.745945945945946,74
2019-07-01,Agric Hen Eggs (Crate of 30 Pieces),1041.208918918919,9.745945945945946,74
2019-08-01,Agric Hen Eggs (Crate of 30 Pieces),1034.7158108108108,9.745945945945946,74
2019-09-01,Agric Hen Eggs (Crate of 30 Pieces),1014.4435135135136,9.747297297297298,74
2019-10-01,Agric Hen Eggs (Crate of 30 Pieces),1033.4094594594594,9.747297297297298,74
2019-11-01,Agric Hen Eggs (Crate of 30 Pieces),1045.4854054054053,9.747297297297298,74
2019-12-01,Agric Hen Eggs (Crate of 30 Pieces),1058.4255405405406,9.747297297297298,74
2020-01-01,Agric Hen Eggs (Crate of 30 Pieces),1064.8027027027026,9.748648648648649,74
2020-02-01,Agric Hen Eggs (Crate of 30 Pieces),1059.2063513513515,9.748648648648649,74
2020-03-01,Agric Hen Eggs (Crate of 30 Pieces),1052.986081081081,9.748648648648649,74
2020-04-01,Agric Hen Eggs (Crate of 30 Pieces),1075.912972972973,9.748648648648649,74
2020-05-01,Agric Hen Eggs (Crate of 30 Pieces),1057.7564864864864,9.751351351351351,74
2020-06-01,Agric Hen Eggs (Crate of 30 Pieces),1059.336081081081,9.751351351351351,74
2020-07-01,Agric Hen Eggs (Crate of 30 Pieces),1090.8813513513514,9.751351351351351,74
2020-08-01,Agric Hen Eggs (Crate of 30 Pieces),1113.079864864865,9.751351351351351,74
2020-09-01,Agric Hen Eggs (Crate of 30 Pieces),1138.8208108108108,9.751351351351351,74
2020-10-01,Agric Hen Eggs (Crate of 30 Pieces),1106.986891891892,9.751351351351351,74
2020-11-01,Agric Hen Eggs (Crate of 30 Pieces),1213.8316216216215,9.752702702702702,74
2020-12-01,Agric Hen Eggs (Crate of 30 Pieces),1254.2141891891893,9.752702702702702,74
2021-01-01,Agric Hen Eggs (Crate of 30 Pieces),1261.1797297297298,9.752702702702702,74
2021-02-01,Agric Hen Eggs (Crate of 30 Pieces),1267.6518918918919,9.752702702702702,74
2021-03-01,Agric Hen Eggs (Crate of 30 Pieces),1347.0778378378377,9.752702702702702,74
2021-04-01,Agric Hen Eggs (Crate of 30 Pieces),1341.6140540540541,9.754054054054054,74
2021-05-01,Agric Hen Eggs (Crate of 30 Pieces),1386.8825675675675,9.754054054054054,74
2021-06-01,Agric Hen Eggs (Crate of 30 Pieces),1445.0274324324323,9.754054054054054,74
2021-07-01,Agric Hen Eggs (Crate of 30 Pieces),1496.1045945945946,9.755405405405405,74
2021-08-01,Agric Hen Eggs (Crate of 30 Pieces),1472.0443243243244,9.755405405405405,74
2021-09-01,Agric Hen Eggs (Crate of 30 Pieces),1465.754054054054,9.755405405405405,74
2021-10-01,Agric Hen Eggs (Crate of 30 Pieces),1490.6343243243243,9.755405405405405,74
2021-11-01,Agric Hen Eggs (Crate of 30 Pieces),1576.7898648648647,9.754054054054054,74
2021-12-01,Agric Hen Eggs (Crate of 30 Pieces),1623.8124324324324,9.754054054054054,74
2022-01-01,Agric Hen Eggs (Crate of 30 Pieces),1655.980135135135,9.751351351351351,74
2022-02-01,Agric Hen Eggs (Crate of 30 Pieces),1686.4402702702703,9.751351351351351,74
2022-03-01,Agric Hen Eggs (Crate of 30 Pieces),1716.8256756756757,9.748648648648649,74
2022-04-01,Agric Hen Eggs (Crate of 30 Pieces),1726.3286486486488,9.745945945945946,74
2022-05-01,Agric Hen Eggs (Crate of 30 Pieces),1750.7847297297299,9.743243243243244,74
2022-06-01,Agric Hen Eggs (Crate of 30 Pieces),1790.2604054054052,9.743243243243244,74
2022-07-01,Agric Hen Eggs (Crate of 30 Pieces),1841.586081081081,9.743243243243244,74
2022-08-01,Agric Hen Eggs (Crate of 30 Pieces),1873.4225675675675,9.743243243243244,74
2022-09-01,Agric Hen Eggs (Crate of 30 Pieces),1862.0947297297298,9.743243243243244,74
2022-10-01,Agric Hen Eggs (Crate of 30 Pieces),1901.3985135135133,9.735135135135135,74
2022-11-01,Agric Hen Eggs (Crate of 30 Pieces),1997.593783783784,9.722972972972974,74
2022-12-01,Agric Hen Eggs (Crate of 30 Pieces),2091.7025675675673,9.722972972972974,74
2023-01-01,Agric Hen Eggs (Crate of 30 Pieces),2112.889594594594,9.702702702702704,74
2023-02-01,Agric Hen Eggs (Crate of 30 Pieces),2173.9940540540542,9.704054054054055,74
2023-03-01,Agric Hen Eggs (Crate of 30 Pieces),2083.587297297297,9.70135135135135,74
2023-04-01,Agric Hen Eggs (Crate of 30 Pieces),2121.332972972973,9.700000000000001,74
2023-05-01,Agric Hen Eggs (Crate of 30 Pieces),2175.933918918919,9.683783783783785,74
2023-06-01,Agric Hen Eggs (Crate of 30 Pieces),2335.1995945945946,9.722972972972974,74
2023-07-01,Agric Hen Eggs (Crate of 30 Pieces),2516.973918918919,9.744594594594595,74
2023-08-01,Agric Hen Eggs (Crate of 30 Pieces),2586.3948648648648,9.762162162162161,74
2023-09-01,Agric Hen Eggs (Crate of 30 Pieces),2665.476216216216,9.766216216216216,74
2023-10-01,Agric Hen Eggs (Crate of 30 Pieces),2775.1285135135136,9.786486486486487,74
2023-11-01,Agric Hen Eggs (Crate of 30 Pieces),2998.985945945946,9.791891891891892,74
2023-12-01,Agric Hen Eggs (Crate of 30 Pieces),3125.6032432432435,9.786486486486487,74
2024-01-01,Agric Hen Eggs (Crate of 30 Pieces),3282.4366216216217,9.797297297297296,74
2024-02-01,Agric Hen Eggs (Crate of 30 Pieces),3550.3812162162167,9.79864864864865,74
2024-03-01,Agric Hen Eggs (Crate of 30 Pieces),3779.0872972972975,9.80135135135135,74
2024-04-01,Agric Hen Eggs (Crate of 30 Pieces),3946.223783783784,9.797297297297296,74
2024-05-01,Agric Hen Eggs (Crate of 30 Pieces),4197.0290540540545,9.79054054054054,74
2024-06-01,Agric Hen Eggs (Crate of 30 Pieces),4533.765810810811,9.783783783783784,74
2024-07-01,Agric Hen Eggs (Crate of 30 Pieces),4704.641081081081,9.777027027027026,74
2024-08-01,Agric Hen Eggs (Crate of 30 Pieces),4947.655540540541,9.768918918918919,74
2024-09-01,Agric Hen Eggs (Crate of 30 Pieces),5314.168108108108,9.772972972972974,74
2024-10-01,Agric Hen Eggs (Crate of 30 Pieces),5506.530675675676,9.77972972972973,74
2024-11-01,Agric Hen Eggs (Crate of 30 Pieces),5700.727702702702,9.77972972972973,74
2024-12-01,Agric Hen Eggs (Crate of 30 Pieces),5927.611216216216,9.795945945945945,74
2007-01-01,Beans Brown,144.28932432432433,8.228378378378379,74
2007-02-01,Beans Brown,150.97635135135135,8.228378378378379,74
2007-03-01,Beans Brown,151.41432432432433,8.228378378378379,74
2007-04-01,Beans Brown,168.47148648648647,8.228378378378379,74
2007-05-01,Beans Brown,172.3645945945946,8.228378378378379,74
2007-06-01,Beans Brown,185.1518918918919,8.228378378378379,74
2007-07-01,Beans Brown,173.99405405405406,8.228378378378379,74
2007-08-01,Beans Brown,179.73824324324323,8.228378378378379,74
2007-09-01,Beans Brown,189.4145945945946,8.228378378378379,74
2007-10-01,Beans Brown,201.79162162162163,8.228378378378379,74
2007-11-01,Beans Brown,192.7585135135135,8.228378378378379,74
2007-12-01,Beans Brown,194.415,8.228378378378379,74
2008-01-01,Beans Brown,203.91027027027027,8.228378378378379,74
2008-02-01,Beans Brown,215.80905405405406,8.228378378378379,74
2008-03-01,Beans Brown,228.20824324324323,8.228378378378379,74
2008-04-01,Beans Brown,254.63513513513513,8.228378378378379,74
2008-05-01,Beans Brown,285.01594594594593,8.228378378378379,74
2008-06-01,Beans Brown,294.50702702702705,8.228378378378379,74
2008-07-01,Beans Brown,290.0264864864865,8.228378378378379,74
2008-08-01,Beans Brown,260.50432432432433,8.228378378378379,74
2008-09-01,Beans Brown,261.85162162162163,8.228378378378379,74
2008-10-01,Beans Brown,263.4267567567568,8.228378378378379,74
2008-11-01,Beans Brown,242.49378378378378,8.228378378378379,74
2008-12-01,Beans Brown,231.21297297297295,8.228378378378379,74
2009-01-01,Beans Brown,227.77851351351353,8.228378378378379,74
2009-02-01,Beans Brown,268.37932432432433,8.228378378378379,74
2009-03-01,Beans Brown,248.96756756756756,8.228378378378379,74
2009-04-01,Beans Brown,247.26324324324324,8.228378378378379,74
2009-05-01,Beans Brown,241.26810810810812,8.22972972972973,74
2009-06-01,Beans Brown,277.78148648648653,8.232432432432432,74
2009-07-01,Beans Brown,285.87783783783783,8.233783783783784,74
2009-08-01,Beans Brown,289.58054054054054,8.236486486486486,74
2009-09-01,Beans Brown,280.6590540540541,8.236486486486486,74
2009-10-01,Beans Brown,281.1401351351351,8.236486486486486,74
2009-11-01,Beans Brown,274.70391891891893,8.237837837837837,74
2009-12-01,Beans Brown,297.027972972973,8.237837837837837,74
2010-01-01,Beans Brown,288.68202702702706,8.239189189189188,74
2010-02-01,Beans Brown,263.3416216216216,8.243243243243244,74
2010-03-01,Beans Brown,262.72189189189186,8.244594594594593,74
2010-04-01,Beans Brown,274.0166216216216,8.247297297297298,74
2010-05-01,Beans Brown,322.7345945945946,8.247297297297298,74
2010-06-01,Beans Brown,313.60932432432435,8.247297297297298,74
2010-07-01,Beans Brown,291.1772972972973,8.248648648648649,74
2010-08-01,Beans Brown,268.705,8.248648648648649,74
2010-09-01,Beans Brown,251.74932432432433,8.252702702702702,74
2010-10-01,Beans Brown,232.10432432432435,8.255405405405405,74
2010-11-01,Beans Brown,260.9377027027027,8.258108108108107,74
2010-12-01,Beans Brown,250.8416216216216,8.262162162162161,74
2011-01-01,Beans Brown,256.0210810810811,8.262162162162161,74
2011-02-01,Beans Brown,254.50081081081083,8.262162162162161,74
2011-03-01,Beans Brown,273.005,8.263513513513514,74
2011-04-01,Beans Brown,276.96418918918914,8.264864864864863,74
2011-05-01,Beans Brown,273.5408108108108,8.267567567567568,74
2011-06-01,Beans Brown,269.3356756756757,8.266216216216215,74
2011-07-01,Beans Brown,293.7271621621622,8.268918918918919,74
2011-08-01,Beans Brown,254.1540540540541,8.268918918918919,74
2011-09-01,Beans Brown,253.66729729729732,8.268918918918919,74
2011-10-01,Beans Brown,257.5672972972973,8.268918918918919,74
2011-11-01,Beans Brown,280.12364864864867,8.266216216216215,74
2011-12-01,Beans Brown,280.77972972972975,8.263513513513514,74
2012-01-01,Beans Brown,293.3958108108108,8.26081081081081,74
2012-02-01,Beans Brown,306.13405405405405,8.259459459459459,74
2012-03-01,Beans Brown,306.90054054054053,8.258108108108107,74
2012-04-01,Beans Brown,335.2335135135135,8.262162162162161,74
2012-05-01,Beans Brown,345.8668918918919,8.264864864864863,74
2012-06-01,Beans Brown,335.1618918918919,8.268918918918919,74
2012-07-01,Beans Brown,330.1231081081081,8.274324324324324,74
2012-08-01,Beans Brown,341.4537837837838,8.279729729729729,74
2012-09-01,Beans Brown,317.42945945945945,8.283783783783784,74
2012-10-01,Beans Brown,307.68081081081084,8.286486486486485,74
2012-11-01,Beans Brown,344.0010810810811,8.29054054054054,74
2012-12-01,Beans Brown,374.59648648648647,8.297297297297296,74
2013-01-01,Beans Brown,381.2104054054054,8.299999999999999,74
2013-02-01,Beans Brown,396.2391891891892,8.306756756756755,74
2013-03-01,Beans Brown,391.9508108108108,8.314864864864864,74
2013-04-01,Beans Brown,411.32878378378376,8.314864864864864,74
2013-05-01,Beans Brown,394.31743243243244,8.314864864864864,74
2013-06-01,Beans Brown,406.33,8.314864864864864,74
2013-07-01,Beans Brown,425.90472972972975,8.313513513513513,74
2013-08-01,Beans Brown,445.5581081081082,8.312162162162162,74
2013-09-01,Beans Brown,450.3914864864865,8.31081081081081,74
2013-10-01,Beans Brown,446.3133783783784,8.30945945945946,74
2013-11-01,Beans Brown,440.1416216216216,8.308108108108108,74
2013-12-01,Beans Brown,422.86837837837834,8.306756756756755,74
2014-01-01,Beans Brown,397.3081081081081,8.305405405405404,74
2014-02-01,Beans Brown,383.72162162162164,8.305405405405404,74
2014-03-01,Beans Brown,400.92932432432434,8.305405405405404,74
2014-04-01,Beans Brown,402.55283783783784,8.305405405405404,74
2014-05-01,Beans Brown,385.1039189189189,8.299999999999999,74
2014-06-01,Beans Brown,385.48797297297295,8.293243243243243,74
2014-07-01,Beans Brown,399.7127027027027,8.312162162162162,74
2014-08-01,Beans Brown,369.71135135135137,8.328378378378378,74
2014-09-01,Beans Brown,354.22743243243247,8.347297297297297,74
2014-10-01,Beans Brown,349.1591891891892,8.356756756756756,74
2014-11-01,Beans Brown,336.45391891891893,8.363513513513514,74
2014-12-01,Beans Brown,339.9771621621622,8.368918918918919,74
2015-01-01,Beans Brown,320.70351351351354,8.383783783783784,74
2015-02-01,Beans Brown,303.0210810810811,8.39864864864865,74
2015-03-01,Beans Brown,310.6675675675676,8.406756756756755,74
2015-04-01,Beans Brown,315.4381081081081,8.422972972972973,74
2015-05-01,Beans Brown,319.40635135135136,8.432432432432432,74
2015-06-01,Beans Brown,327.8183783783784,8.433783783783783,74
2015-07-01,Beans Brown,307.827972972973,8.433783783783783,74
2015-08-01,Beans Brown,299.63216216216216,8.435135135135134,74
2015-09-01,Beans Brown,299.02337837837837,8.43918918918919,74
2015-10-01,Beans Brown,288.25243243243244,8.440540540540539,74
2015-11-01,Beans Brown,322.42743243243245,8.443243243243243,74
2015-12-01,Beans Brown,321.3560810810811,8.443243243243243,74
2016-01-01,Beans Brown,332.12445945945944,8.45135135135135,74
2016-02-01,Beans Brown,359.1389189189189,8.45135135135135,74
2016-03-01,Beans Brown,419.7927027027027,8.45,74
2016-04-01,Beans Brown,481.12229729729734,8.447297297297297,74
2016-05-01,Beans Brown,574.7993243243243,8.444594594594594,74
2016-06-01,Beans Brown,624.4936486486487,8.504054054054054,74
2016-07-01,Beans Brown,591.6905405405405,8.554054054054054,74
2016-08-01,Beans Brown,624.4721621621622,8.577027027027025,74
2016-09-01,Beans Brown,657.9817567567568,8.58918918918919,74
2016-10-01,Beans Brown,702.5271621621622,8.597297297297297,74
2016-11-01,Beans Brown,667.6010810810811,8.61216216216216,74
2016-12-01,Beans Brown,653.0091891891892,8.698648648648648,74
2017-01-01,Beans Brown,730.1194594594594,8.71081081081081,74
2017-02-01,Beans Brown,761.9363513513514,8.759459459459459,74
2017-03-01,Beans Brown,823.560135135135,8.81081081081081,74
2017-04-01,Beans Brown,863.9135135135135,8.844594594594595,74
2017-05-01,Beans Brown,877.7501351351351,8.85945945945946,74
2017-06-01,Beans Brown,937.2443243243243,8.885135135135135,74
2017-07-01,Beans Brown,1091.5983783783784,8.894594594594594,74
2017-08-01,Beans Brown,1185.0085135135137,8.897297297297296,74
2017-09-01,Beans Brown,1146.0358108108107,8.93108108108108,74
2017-10-01,Beans Brown,1042.418918918919,8.954054054054055,74
2017-11-01,Beans Brown,1097.4263513513513,8.958108108108108,74
2017-12-01,Beans Brown,1050.931891891892,8.968918918918918,74
2018-01-01,Beans Brown,1091.7271621621621,8.989189189189188,74
2018-02-01,Beans Brown,1168.2774324324323,8.983783783783784,74
2018-03-01,Beans Brown,1189.3362162162164,8.983783783783784,74
2018-04-01,Beans Brown,1189.121891891892,8.978378378378379,74
2018-05-01,Beans Brown,1121.7191891891891,8.972972972972974,74
2018-06-01,Beans Brown,997.470945945946,8.962162162162162,74
2018-07-01,Beans Brown,887.2494594594596,8.95945945945946,74
2018-08-01,Beans Brown,845.314864864865,8.95135135135135,74
2018-09-01,Beans Brown,776.237972972973,8.95135135135135,74
2018-10-01,Beans Brown,721.6804054054054,8.954054054054055,74
2018-11-01,Beans Brown,700.02,8.955405405405404,74
2018-12-01,Beans Brown,685.0654054054054,8.958108108108108,74
2019-01-01,Beans Brown,643.9404054054054,8.945945945945946,74
2019-02-01,Beans Brown,630.353108108108,8.99189189189189,74
2019-03-01,Beans Brown,621.9148648648649,9.021621621621621,74
2019-04-01,Beans Brown,563.883918918919,9.04864864864865,74
2019-05-01,Beans Brown,522.3794594594594,9.055405405405406,74
2019-06-01,Beans Brown,495.25756756756755,9.06081081081081,74
2019-07-01,Beans Brown,484.10905405405407,9.06081081081081,74
2019-08-01,Beans Brown,475.75432432432433,9.072972972972973,74
2019-09-01,Beans Brown,487.8913513513513,9.082432432432432,74
2019-10-01,Beans Brown,476.2114864864865,9.082432432432432,74
2019-11-01,Beans Brown,470.6440540540541,9.083783783783783,74
2019-12-01,Beans Brown,447.1005405405406,9.08918918918919,74
2020-01-01,Beans Brown,429.2909459459459,9.09054054054054,74
2020-02-01,Beans Brown,433.33675675675676,9.087837837837839,74
2020-03-01,Beans Brown,427.155945945946,9.09189189189189,74
2020-04-01,Beans Brown,447.48824324324323,9.09189189189189,74
2020-05-01,Beans Brown,477.67310810810807,9.093243243243244,74
2020-06-01,Beans Brown,542.5413513513513,9.093243243243244,74
2020-07-01,Beans Brown,605.6178378378379,9.09054054054054,74
2020-08-01,Beans Brown,654.6341891891892,9.09054054054054,74
2020-09-01,Beans Brown,692.7581081081081,9.09189189189189,74
2020-10-01,Beans Brown,602.9193243243243,9.09189189189189,74
2020-11-01,Beans Brown,716.5877027027027,9.087837837837839,74
2020-12-01,Beans Brown,702.8247297297297,9.072972972972973,74
2021-01-01,Beans Brown,787.1824324324324,9.072972972972973,74
2021-02-01,Beans Brown,874.578108108108,9.072972972972973,74
2021-03-01,Beans Brown,1056.1127027027026,9.082432432432432,74
2021-04-01,Beans Brown,1110.1587837837837,9.087837837837839,74
2021-05-01,Beans Brown,1167.0782432432434,9.094594594594595,74
2021-06-01,Beans Brown,1297.2113513513514,9.1,74
2021-07-01,Beans Brown,1416.8877027027027,9.102702702702704,74
2021-08-01,Beans Brown,1404.7606756756757,9.102702702702704,74
2021-09-01,Beans Brown,1451.811891891892,9.104054054054053,74
2021-10-01,Beans Brown,1343.021216216216,9.104054054054053,74
2021-11-01,Beans Brown,1223.4783783783782,9.104054054054053,74
2021-12-01,Beans Brown,1151.1643243243243,9.10135135135135,74
2022-01-01,Beans Brown,1266.8094594594593,9.10135135135135,74
2022-02-01,Beans Brown,1282.6132432432432,9.094594594594595,74
2022-03-01,Beans Brown,1313.0647297297296,9.086486486486486,74
2022-04-01,Beans Brown,1302.902027027027,9.06891891891892,74
2022-05-01,Beans Brown,1286.8271621621623,9.04864864864865,74
2022-06-01,Beans Brown,1161.3385135135136,9.062162162162162,74
2022-07-01,Beans Brown,1207.645,9.062162162162162,74
2022-08-01,Beans Brown,1118.9656756756758,9.058108108108108,74
2022-09-01,Beans Brown,1094.7171621621621,9.055405405405406,74
2022-10-01,Beans Brown,1057.9901351351352,9.049999999999999,74
2022-11-01,Beans Brown,1055.6195945945947,9.04054054054054,74
2022-12-01,Beans Brown,1058.1090540540542,9.02027027027027,74
2023-01-01,Beans Brown,1065.7004054054055,9.009459459459459,74
2023-02-01,Beans Brown,1015.9686486486486,9.03108108108108,74
2023-03-01,Beans Brown,1051.8406756756758,9.013513513513514,74
2023-04-01,Beans Brown,1170.946081081081,8.995945945945945,74
2023-05-01,Beans Brown,1256.6104054054053,8.968918918918918,74
2023-06-01,Beans Brown,1337.4502702702703,9.110810810810811,74
2023-07-01,Beans Brown,1466.218918918919,9.222972972972974,74
2023-08-01,Beans Brown,1552.9925675675674,9.297297297297296,74
2023-09-01,Beans Brown,1578.9545945945945,9.325675675675676,74
2023-10-01,Beans Brown,1659.0814864864865,9.344594594594595,74
2023-11-01,Beans Brown,1741.8408108108108,9.312162162162162,74
2023-12-01,Beans Brown,1979.5998648648651,9.259459459459459,74
2024-01-01,Beans Brown,2207.3866216216215,9.20945945945946,74
2024-02-01,Beans Brown,2487.622837837838,9.21081081081081,74
2024-03-01,Beans Brown,2797.6224324324326,9.20135135135135,74
2024-04-01,Beans Brown,2984.518783783784,9.18918918918919,74
2024-05-01,Beans Brown,3373.830135135135,9.17027027027027,74
2024-06-01,Beans Brown,4178.950945945946,9.13108108108108,74
2024-07-01,Beans Brown,4136.730135135135,9.10945945945946,74
2024-08-01,Beans Brown,4264.959054054054,9.11216216216216,74
2024-09-01,Beans Brown,4369.170405405405,9.143243243243244,74
2024-10-01,Beans Brown,3909.7835135135133,9.17162162162162,74
2024-11-01,Beans Brown,3754.861621621622,9.2,74
2024-12-01,Beans Brown,3638.3518918918917,9.24054054054054,74
2007-01-01,Beef Boneless,426.2722972972973,9.406756756756756,74
2007-02-01,Beef Boneless,437.3260810810811,9.406756756756756,74
2007-03-01,Beef Boneless,435.6372972972973,9.406756756756756,74
2007-04-01,Beef Boneless,451.7606756756757,9.406756756756756,74
2007-05-01,Beef Boneless,454.00418918918916,9.406756756756756,74
2007-06-01,Beef Boneless,458.1833783783784,9.406756756756756,74
2007-07-01,Beef Boneless,448.17310810810807,9.406756756756756,74
2007-08-01,Beef Boneless,448.84662162162164,9.406756756756756,74
2007-09-01,Beef Boneless,449.3052702702702,9.406756756756756,74
2007-10-01,Beef Boneless,457.1736486486486,9.406756756756756,74
2007-11-01,Beef Boneless,445.297972972973,9.406756756756756,74
2007-12-01,Beef Boneless,447.5536486486487,9.406756756756756,74
2008-01-01,Beef Boneless,458.8489189189189,9.406756756756756,74
2008-02-01,Beef Boneless,462.8555405405405,9.406756756756756,74
2008-03-01,Beef Boneless,474.75608108108105,9.406756756756756,74
2008-04-01,Beef Boneless,491.2487837837837,9.406756756756756,74
2008-05-01,Beef Boneless,511.5040540540541,9.406756756756756,74
2008-06-01,Beef Boneless,526.3885135135135,9.406756756756756,74
2008-07-01,Beef Boneless,526.4597297297298,9.406756756756756,74
2008-08-01,Beef Boneless,528.4981081081081,9.406756756756756,74
2008-09-01,Beef Boneless,476.0637837837838,9.406756756756756,74
2008-10-01,Beef Boneless,470.6686486486487,9.406756756756756,74
2008-11-01,Beef Boneless,424.5798648648649,9.406756756756756,74
2008-12-01,Beef Boneless,434.57202702702705,9.406756756756756,74
2009-01-01,Beef Boneless,502.5889189189189,9.406756756756756,74
2009-02-01,Beef Boneless,520.7978378378378,9.406756756756756,74
2009-03-01,Beef Boneless,518.2458108108109,9.406756756756756,74
2009-04-01,Beef Boneless,525.4747297297297,9.406756756756756,74
2009-05-01,Beef Boneless,497.34648648648647,9.406756756756756,74
2009-06-01,Beef Boneless,525.2654054054054,9.40810810810811,74
2009-07-01,Beef Boneless,565.7089189189189,9.40810810810811,74
2009-08-01,Beef Boneless,559.3063513513513,9.40810810810811,74
2009-09-01,Beef Boneless,534.8702702702703,9.40810810810811,74
2009-10-01,Beef Boneless,516.235,9.40810810810811,74
2009-11-01,Beef Boneless,496.73013513513513,9.40810810810811,74
2009-12-01,Beef Boneless,508.1982432432432,9.40810810810811,74
2010-01-01,Beef Boneless,528.8822972972973,9.40945945945946,74
2010-02-01,Beef Boneless,526.7191891891893,9.41081081081081,74
2010-03-01,Beef Boneless,517.9935135135134,9.41081081081081,74
2010-04-01,Beef Boneless,510.305,9.41081081081081,74
2010-05-01,Beef Boneless,510.8974324324325,9.41081081081081,74
2010-06-01,Beef Boneless,508.6018918918919,9.41081081081081,74
2010-07-01,Beef Boneless,497.29081081081074,9.41081081081081,74
2010-08-01,Beef Boneless,495.27216216216215,9.41081081081081,74
2010-09-01,Beef Boneless,507.50135135135133,9.412162162162161,74
2010-10-01,Beef Boneless,507.62770270270266,9.413513513513514,74
2010-11-01,Beef Boneless,505.00540540540544,9.413513513513514,74
2010-12-01,Beef Boneless,514.1114864864865,9.416216216216217,74
2011-01-01,Beef Boneless,517.4860810810811,9.414864864864866,74
2011-02-01,Beef Boneless,519.7578378378379,9.416216216216217,74
2011-03-01,Beef Boneless,526.7121621621621,9.416216216216217,74
2011-04-01,Beef Boneless,522.5847297297297,9.416216216216217,74
2011-05-01,Beef Boneless,522.0977027027027,9.416216216216217,74
2011-06-01,Beef Boneless,527.991081081081,9.416216216216217,74
2011-07-01,Beef Boneless,531.2231081081081,9.417567567567568,74
2011-08-01,Beef Boneless,541.463108108108,9.417567567567568,74
2011-09-01,Beef Boneless,518.6385135135135,9.417567567567568,74
2011-10-01,Beef Boneless,536.7874324324325,9.417567567567568,74
2011-11-01,Beef Boneless,523.4216216216216,9.416216216216217,74
2011-12-01,Beef Boneless,540.9855405405406,9.416216216216217,74
2012-01-01,Beef Boneless,529.2658108108108,9.416216216216217,74
2012-02-01,Beef Boneless,543.5663513513514,9.414864864864866,74
2012-03-01,Beef Boneless,548.5848648648648,9.414864864864866,74
2012-04-01,Beef Boneless,532.3016216216216,9.414864864864866,74
2012-05-01,Beef Boneless,542.3093243243243,9.416216216216217,74
2012-06-01,Beef Boneless,560.2856756756756,9.42027027027027,74
2012-07-01,Beef Boneless,570.6331081081081,9.42027027027027,74
2012-08-01,Beef Boneless,582.682972972973,9.42027027027027,74
2012-09-01,Beef Boneless,592.9755405405406,9.421621621621622,74
2012-10-01,Beef Boneless,578.5413513513513,9.421621621621622,74
2012-11-01,Beef Boneless,564.9044594594594,9.422972972972975,74
2012-12-01,Beef Boneless,565.7222972972972,9.424324324324324,74
2013-01-01,Beef Boneless,570.3674324324325,9.424324324324324,74
2013-02-01,Beef Boneless,580.7241891891891,9.425675675675675,74
2013-03-01,Beef Boneless,593.7944594594595,9.425675675675675,74
2013-04-01,Beef Boneless,621.1191891891892,9.425675675675675,74
2013-05-01,Beef Boneless,623.6393243243243,9.425675675675675,74
2013-06-01,Beef Boneless,628.8127027027027,9.425675675675675,74
2013-07-01,Beef Boneless,643.3518918918919,9.425675675675675,74
2013-08-01,Beef Boneless,682.9245945945946,9.424324324324324,74
2013-09-01,Beef Boneless,691.3616216216217,9.424324324324324,74
2013-10-01,Beef Boneless,690.7102702702703,9.424324324324324,74
2013-11-01,Beef Boneless,656.6106756756757,9.424324324324324,74
2013-12-01,Beef Boneless,643.9297297297297,9.424324324324324,74
2014-01-01,Beef Boneless,581.3636486486487,9.422972972972975,74
2014-02-01,Beef Boneless,579.4501351351352,9.422972972972975,74
2014-03-01,Beef Boneless,591.7039189189188,9.422972972972975,74
2014-04-01,Beef Boneless,587.1483783783784,9.422972972972975,74
2014-05-01,Beef Boneless,601.1721621621622,9.422972972972975,74
2014-06-01,Beef Boneless,615.7910810810811,9.422972972972975,74
2014-07-01,Beef Boneless,629.5941891891893,9.422972972972975,74
2014-08-01,Beef Boneless,635.5818918918918,9.427027027027027,74
2014-09-01,Beef Boneless,630.353108108108,9.42837837837838,74
2014-10-01,Beef Boneless,638.5633783783784,9.42837837837838,74
2014-11-01,Beef Boneless,643.2171621621621,9.42837837837838,74
2014-12-01,Beef Boneless,650.8505405405406,9.436486486486487,74
2015-01-01,Beef Boneless,624.1374324324324,9.437837837837838,74
2015-02-01,Beef Boneless,618.1610810810811,9.44054054054054,74
2015-03-01,Beef Boneless,679.3718918918919,9.443243243243245,74
2015-04-01,Beef Boneless,653.512027027027,9.443243243243245,74
2015-05-01,Beef Boneless,654.9932432432432,9.44864864864865,74
2015-06-01,Beef Boneless,655.4927027027027,9.450000000000001,74
2015-07-01,Beef Boneless,663.3398648648649,9.450000000000001,74
2015-08-01,Beef Boneless,676.2535135135136,9.45135135135135,74
2015-09-01,Beef Boneless,658.3237837837838,9.452702702702704,74
2015-10-01,Beef Boneless,700.7889189189189,9.452702702702704,74
2015-11-01,Beef Boneless,702.2651351351352,9.452702702702704,74
2015-12-01,Beef Boneless,707.1568918918919,9.452702702702704,74
2016-01-01,Beef Boneless,741.8610810810811,9.455405405405406,74
2016-02-01,Beef Boneless,753.890945945946,9.455405405405406,74
2016-03-01,Beef Boneless,780.9989189189189,9.455405405405406,74
2016-04-01,Beef Boneless,798.2981081081081,9.455405405405406,74
2016-05-01,Beef Boneless,847.310135135135,9.455405405405406,74
2016-06-01,Beef Boneless,959.5252702702702,9.475675675675676,74
2016-07-01,Beef Boneless,1044.8782432432433,9.486486486486486,74
2016-08-01,Beef Boneless,970.1359459459459,9.490540540540541,74
2016-09-01,Beef Boneless,978.95,9.494594594594595,74
2016-10-01,Beef Boneless,1034.6455405405407,9.497297297297298,74
2016-11-01,Beef Boneless,1107.3024324324324,9.504054054054055,74
2016-12-01,Beef Boneless,1146.00472972973,9.52837837837838,74
2017-01-01,Beef Boneless,1197.485945945946,9.52837837837838,74
2017-02-01,Beef Boneless,1250.2971621621623,9.55,74
2017-03-01,Beef Boneless,1256.4150000000002,9.572972972972973,74
2017-04-01,Beef Boneless,1176.1217567567567,9.57837837837838,74
2017-05-01,Beef Boneless,1182.0735135135135,9.57972972972973,74
2017-06-01,Beef Boneless,1182.6271621621622,9.587837837837839,74
2017-07-01,Beef Boneless,1171.8385135135136,9.58918918918919,74
2017-08-01,Beef Boneless,1152.019054054054,9.6,74
2017-09-01,Beef Boneless,1148.623783783784,9.604054054054055,74
2017-10-01,Beef Boneless,1142.5625675675676,9.616216216216216,74
2017-11-01,Beef Boneless,1151.3527027027028,9.62027027027027,74
2017-12-01,Beef Boneless,1175.8086486486486,9.618918918918919,74
2018-01-01,Beef Boneless,1191.2163513513512,9.625675675675675,74
2018-02-01,Beef Boneless,1190.7174324324324,9.628378378378379,74
2018-03-01,Beef Boneless,1192.587162162162,9.628378378378379,74
2018-04-01,Beef Boneless,1170.6393243243242,9.628378378378379,74
2018-05-01,Beef Boneless,1189.2225675675677,9.628378378378379,74
2018-06-01,Beef Boneless,1169.1456756756756,9.627027027027026,74
2018-07-01,Beef Boneless,1146.929054054054,9.627027027027026,74
2018-08-01,Beef Boneless,1113.6602702702703,9.627027027027026,74
2018-09-01,Beef Boneless,1105.0233783783783,9.627027027027026,74
2018-10-01,Beef Boneless,1136.5393243243243,9.628378378378379,74
2018-11-01,Beef Boneless,1137.5352702702703,9.628378378378379,74
2018-12-01,Beef Boneless,1153.1614864864864,9.628378378378379,74
2019-01-01,Beef Boneless,1156.3356756756757,9.625675675675675,74
2019-02-01,Beef Boneless,1148.1771621621622,9.631081081081081,74
2019-03-01,Beef Boneless,1137.651081081081,9.631081081081081,74
2019-04-01,Beef Boneless,1133.1650000000002,9.632432432432433,74
2019-05-01,Beef Boneless,1119.682162162162,9.632432432432433,74
2019-06-01,Beef Boneless,1114.2597297297298,9.632432432432433,74
2019-07-01,Beef Boneless,1111.5972972972972,9.632432432432433,74
2019-08-01,Beef Boneless,1106.9954054054056,9.632432432432433,74
2019-09-01,Beef Boneless,1113.4024324324323,9.632432432432433,74
2019-10-01,Beef Boneless,1119.2817567567567,9.63783783783784,74
2019-11-01,Beef Boneless,1128.2583783783782,9.63783783783784,74
2019-12-01,Beef Boneless,1124.0578378378377,9.63783783783784,74
2020-01-01,Beef Boneless,1130.2685135135134,9.63783783783784,74
2020-02-01,Beef Boneless,1126.705945945946,9.63783783783784,74
2020-03-01,Beef Boneless,1115.5813513513515,9.63783783783784,74
2020-04-01,Beef Boneless,1135.1497297297296,9.636486486486486,74
2020-05-01,Beef Boneless,1144.1414864864864,9.636486486486486,74
2020-06-01,Beef Boneless,1184.630810810811,9.63783783783784,74
2020-07-01,Beef Boneless,1170.4343243243243,9.63783783783784,74
2020-08-01,Beef Boneless,1166.0743243243244,9.63783783783784,74
2020-09-01,Beef Boneless,1179.4095945945946,9.63783783783784,74
2020-10-01,Beef Boneless,1156.0506756756756,9.63783783783784,74
2020-11-01,Beef Boneless,1205.037027027027,9.63783783783784,74
2020-12-01,Beef Boneless,1204.7677027027028,9.63783783783784,74
2021-01-01,Beef Boneless,1210.9214864864866,9.63783783783784,74
2021-02-01,Beef Boneless,1221.636891891892,9.63783783783784,74
2021-03-01,Beef Boneless,1257.3635135135135,9.643243243243244,74
2021-04-01,Beef Boneless,1269.2786486486486,9.644594594594595,74
2021-05-01,Beef Boneless,1327.2956756756757,9.644594594594595,74
2021-06-01,Beef Boneless,1310.2858108108107,9.644594594594595,74
2021-07-01,Beef Boneless,1355.101891891892,9.644594594594595,74
2021-08-01,Beef Boneless,1379.2863513513514,9.643243243243244,74
2021-09-01,Beef Boneless,1382.6332432432432,9.643243243243244,74
2021-10-01,Beef Boneless,1406.8352702702703,9.643243243243244,74
2021-11-01,Beef Boneless,1455.1354054054054,9.643243243243244,74
2021-12-01,Beef Boneless,1497.3799999999999,9.64054054054054,74
2022-01-01,Beef Boneless,1506.8668918918918,9.641891891891891,74
2022-02-01,Beef Boneless,1536.2008108108107,9.641891891891891,74
2022-03-01,Beef Boneless,1570.138243243243,9.639189189189189,74
2022-04-01,Beef Boneless,1610.2922972972974,9.636486486486486,74
2022-05-01,Beef Boneless,1624.0213513513513,9.631081081081081,74
2022-06-01,Beef Boneless,1689.4056756756756,9.62972972972973,74
2022-07-01,Beef Boneless,1762.793108108108,9.62972972972973,74
2022-08-01,Beef Boneless,1761.5910810810813,9.60945945945946,74
2022-09-01,Beef Boneless,1778.1954054054054,9.606756756756756,74
2022-10-01,Beef Boneless,1786.9585135135135,9.606756756756756,74
2022-11-01,Beef Boneless,1846.309054054054,9.606756756756756,74
2022-12-01,Beef Boneless,1941.3582432432434,9.586486486486486,74
2023-01-01,Beef Boneless,1972.934054054054,9.583783783783785,74
2023-02-01,Beef Boneless,1980.467972972973,9.586486486486486,74
2023-03-01,Beef Boneless,1978.4395945945946,9.572972972972973,74
2023-04-01,Beef Boneless,2036.0520270270272,9.571621621621622,74
2023-05-01,Beef Boneless,2053.776891891892,9.566216216216215,74
2023-06-01,Beef Boneless,2197.448108108108,9.60135135135135,74
2023-07-01,Beef Boneless,2352.9166216216213,9.63783783783784,74
2023-08-01,Beef Boneless,2432.261216216216,9.644594594594595,74
2023-09-01,Beef Boneless,2461.528918918919,9.652702702702703,74
2023-10-01,Beef Boneless,2552.374189189189,9.663513513513514,74
2023-11-01,Beef Boneless,2692.4641891891893,9.687837837837838,74
2023-12-01,Beef Boneless,2793.352972972973,9.671621621621622,74
2024-01-01,Beef Boneless,3071.782972972973,9.67972972972973,74
2024-02-01,Beef Boneless,3230.495810810811,9.675675675675675,74
2024-03-01,Beef Boneless,3449.783918918919,9.68108108108108,74
2024-04-01,Beef Boneless,3529.38445945946,9.677027027027027,74
2024-05-01,Beef Boneless,3649.0552702702707,9.67837837837838,74
2024-06-01,Beef Boneless,3866.366351351351,9.65945945945946,74
2024-07-01,Beef Boneless,3976.7662162162164,9.64864864864865,74
2024-08-01,Beef Boneless,4172.074324324324,9.643243243243244,74
2024-09-01,Beef Boneless,4332.517297297298,9.655405405405405,74
2024-10-01,Beef Boneless,4361.735135135135,9.65945945945946,74
2024-11-01,Beef Boneless,4574.532972972973,9.66891891891892,74
2024-12-01,Beef Boneless,4860.81054054054,9.683783783783785,74
2007-01-01,Garri White,39.960945945945944,8.516216216216216,74
2007-02-01,Garri White,40.214999999999996,8.516216216216216,74
2007-03-01,Garri White,38.01878378378378,8.516216216216216,74
2007-04-01,Garri White,42.00756756756757,8.516216216216216,74
2007-05-01,Garri White,42.80162162162162,8.516216216216216,74
2007-06-01,Garri White,45.200540540540544,8.516216216216216,74
2007-07-01,Garri White,39.6172972972973,8.516216216216216,74
2007-08-01,Garri White,41.00378378378379,8.516216216216216,74
2007-09-01,Garri White,40.96608108108108,8.516216216216216,74
2007-10-01,Garri White,42.90581081081081,8.516216216216216,74
2007-11-01,Garri White,39.765,8.516216216216216,74
2007-12-01,Garri White,39.43310810810811,8.516216216216216,74
2008-01-01,Garri White,43.65391891891892,8.516216216216216,74
2008-02-01,Garri White,43.975405405405404,8.516216216216216,74
2008-03-01,Garri White,43.589999999999996,8.516216216216216,74
2008-04-01,Garri White,49.765945945945944,8.516216216216216,74
2008-05-01,Garri White,57.28324324324324,8.516216216216216,74
2008-06-01,Garri White,58.63027027027027,8.516216216216216,74
2008-07-01,Garri White,56.58716216216216,8.516216216216216,74
2008-08-01,Garri White,57.03608108108108,8.516216216216216,74
2008-09-01,Garri White,59.31648648648649,8.516216216216216,74
2008-10-01,Garri White,57.36972972972973,8.516216216216216,74
2008-11-01,Garri White,58.02405405405405,8.516216216216216,74
2008-12-01,Garri White,59.61121621621622,8.516216216216216,74
2009-01-01,Garri White,63.658648648648644,8.516216216216216,74
2009-02-01,Garri White,61.12378378378378,8.516216216216216,74
2009-03-01,Garri White,71.61648648648648,8.516216216216216,74
2009-04-01,Garri White,74.21121621621622,8.516216216216216,74
2009-05-01,Garri White,82.52702702702703,8.517567567567568,74
2009-06-01,Garri White,78.20432432432432,8.517567567567568,74
2009-07-01,Garri White,77.63054054054054,8.518918918918919,74
2009-08-01,Garri White,77.5345945945946,8.52027027027027,74
2009-09-01,Garri White,77.82662162162163,8.52027027027027,74
2009-10-01,Garri White,78.07797297297297,8.52027027027027,74
2009-11-01,Garri White,77.2141891891892,8.52027027027027,74
2009-12-01,Garri White,80.295,8.521621621621621,74
2010-01-01,Garri White,78.65283783783784,8.522972972972974,74
2010-02-01,Garri White,76.97081081081082,8.524324324324324,74
2010-03-01,Garri White,78.11027027027026,8.525675675675675,74
2010-04-01,Garri White,83.41067567567568,8.52837837837838,74
2010-05-01,Garri White,83.50972972972973,8.52837837837838,74
2010-06-01,Garri White,81.0831081081081,8.52837837837838,74
2010-07-01,Garri White,74.12783783783784,8.52837837837838,74
2010-08-01,Garri White,72.23202702702703,8.52837837837838,74
2010-09-01,Garri White,73.7122972972973,8.52972972972973,74
2010-10-01,Garri White,68.61878378378378,8.53108108108108,74
2010-11-01,Garri White,68.66202702702702,8.533783783783784,74
2010-12-01,Garri White,71.52459459459459,8.535135135135135,74
2011-01-01,Garri White,70.52486486486487,8.535135135135135,74
2011-02-01,Garri White,70.12567567567568,8.535135135135135,74
2011-03-01,Garri White,70.52175675675676,8.536486486486487,74
2011-04-01,Garri White,67.20486486486486,8.537837837837838,74
2011-05-01,Garri White,68.01621621621621,8.537837837837838,74
2011-06-01,Garri White,68.0022972972973,8.537837837837838,74
2011-07-01,Garri White,68.2554054054054,8.53918918918919,74
2011-08-01,Garri White,65.22864864864864,8.53918918918919,74
2011-09-01,Garri White,62.59648648648649,8.53918918918919,74
2011-10-01,Garri White,70.58337837837838,8.53918918918919,74
2011-11-01,Garri White,74.21081081081081,8.53918918918919,74
2011-12-01,Garri White,74.84743243243243,8.536486486486487,74
2012-01-01,Garri White,75.80432432432433,8.535135135135135,74
2012-02-01,Garri White,76.54972972972973,8.535135135135135,74
2012-03-01,Garri White,76.19621621621623,8.533783783783784,74
2012-04-01,Garri White,83.25256756756757,8.535135135135135,74
2012-05-01,Garri White,82.99094594594594,8.537837837837838,74
2012-06-01,Garri White,79.94418918918919,8.541891891891892,74
2012-07-01,Garri White,78.63527027027027,8.543243243243245,74
2012-08-01,Garri White,80.82945945945946,8.545945945945945,74
2012-09-01,Garri White,78.3612162162162,8.54864864864865,74
2012-10-01,Garri White,76.25337837837837,8.55,74
2012-11-01,Garri White,79.2345945945946,8.552702702702703,74
2012-12-01,Garri White,77.68459459459459,8.554054054054054,74
2013-01-01,Garri White,85.33067567567568,8.556756756756757,74
2013-02-01,Garri White,98.64972972972973,8.56081081081081,74
2013-03-01,Garri White,103.53662162162162,8.566216216216215,74
2013-04-01,Garri White,112.89297297297297,8.566216216216215,74
2013-05-01,Garri White,108.71567567567567,8.566216216216215,74
2013-06-01,Garri White,112.29567567567567,8.566216216216215,74
2013-07-01,Garri White,120.78567567567566,8.564864864864864,74
2013-08-01,Garri White,125.71783783783782,8.564864864864864,74
2013-09-01,Garri White,124.38378378378378,8.563513513513515,74
2013-10-01,Garri White,128.40716216216217,8.563513513513515,74
2013-11-01,Garri White,117.7181081081081,8.562162162162162,74
2013-12-01,Garri White,113.9991891891892,8.562162162162162,74
2014-01-01,Garri White,106.27229729729729,8.56081081081081,74
2014-02-01,Garri White,102.82000000000001,8.56081081081081,74
2014-03-01,Garri White,105.3535135135135,8.56081081081081,74
2014-04-01,Garri White,103.8612162162162,8.56081081081081,74
2014-05-01,Garri White,103.85162162162163,8.554054054054054,74
2014-06-01,Garri White,102.18108108108108,8.552702702702703,74
2014-07-01,Garri White,104.26297297297297,8.555405405405406,74
2014-08-01,Garri White,100.06202702702703,8.558108108108108,74
2014-09-01,Garri White,94.44391891891892,8.56081081081081,74
2014-10-01,Garri White,93.57283783783784,8.57027027027027,74
2014-11-01,Garri White,90.26932432432433,8.572972972972973,74
2014-12-01,Garri White,90.16364864864865,8.58108108108108,74
2015-01-01,Garri White,83.82567567567568,8.582432432432432,74
2015-02-01,Garri White,80.28162162162162,8.587837837837839,74
2015-03-01,Garri White,82.22783783783784,8.58918918918919,74
2015-04-01,Garri White,77.17675675675676,8.593243243243244,74
2015-05-01,Garri White,75.46486486486486,8.60135135135135,74
2015-06-01,Garri White,79.50554054054054,8.610810810810811,74
2015-07-01,Garri White,77.51486486486488,8.610810810810811,74
2015-08-01,Garri White,78.06432432432433,8.613513513513514,74
2015-09-01,Garri White,76.89027027027028,8.613513513513514,74
2015-10-01,Garri White,77.20743243243244,8.614864864864865,74
2015-11-01,Garri White,77.09405405405406,8.616216216216216,74
2015-12-01,Garri White,78.78162162162162,8.618918918918919,74
2016-01-01,Garri White,92.40756756756757,8.625675675675675,74
2016-02-01,Garri White,109.9145945945946,8.624324324324325,74
2016-03-01,Garri White,135.74959459459458,8.622972972972974,74
2016-04-01,Garri White,153.4010810810811,8.622972972972974,74
2016-05-01,Garri White,179.58513513513512,8.622972972972974,74
2016-06-01,Garri White,192.17445945945946,8.65810810810811,74
2016-07-01,Garri White,171.9187837837838,8.682432432432432,74
2016-08-01,Garri White,177.21013513513512,8.70135135135135,74
2016-09-01,Garri White,185.34378378378378,8.71081081081081,74
2016-10-01,Garri White,194.86283783783784,8.71891891891892,74
2016-11-01,Garri White,220.03283783783783,8.731081081081081,74
2016-12-01,Garri White,216.8554054054054,8.785135135135135,74
2017-01-01,Garri White,255.80891891891892,8.794594594594594,74
2017-02-01,Garri White,270.8275675675676,8.840540540540541,74
2017-03-01,Garri White,282.1098648648649,8.875675675675675,74
2017-04-01,Garri White,306.3060810810811,8.91081081081081,74
2017-05-01,Garri White,313.8668918918919,8.92027027027027,74
2017-06-01,Garri White,334.1982432432432,8.943243243243243,74
2017-07-01,Garri White,325.5893243243243,8.95135135135135,74
2017-08-01,Garri White,301.22216216216214,8.981081081081081,74
2017-09-01,Garri White,300.2222972972973,8.995945945945946,74
2017-10-01,Garri White,275.6939189189189,9.017567567567568,74
2017-11-01,Garri White,250.0933783783784,9.035135135135135,74
2017-12-01,Garri White,241.9762162162162,9.04054054054054,74
2018-01-01,Garri White,232.95189189189188,9.045945945945945,74
2018-02-01,Garri White,228.3945945945946,9.045945945945945,74
2018-03-01,Garri White,218.9518918918919,9.04864864864865,74
2018-04-01,Garri White,216.82608108108107,9.05,74
2018-05-01,Garri White,228.74175675675676,9.05,74
2018-06-01,Garri White,225.20337837837837,9.045945945945945,74
2018-07-01,Garri White,220.02878378378378,9.047297297297296,74
2018-08-01,Garri White,214.15486486486486,9.047297297297296,74
2018-09-01,Garri White,199.83216216216215,9.047297297297296,74
2018-10-01,Garri White,193.07945945945946,9.047297297297296,74
2018-11-01,Garri White,196.74472972972973,9.05,74
2018-12-01,Garri White,186.94256756756758,9.05135135135135,74
2019-01-01,Garri White,186.13283783783783,9.05,74
2019-02-01,Garri White,185.78824324324324,9.054054054054054,74
2019-03-01,Garri White,182.71094594594595,9.05945945945946,74
2019-04-01,Garri White,179.99067567567567,9.06081081081081,74
2019-05-01,Garri White,180.81297297297297,9.066216216216215,74
2019-06-01,Garri White,171.5154054054054,9.07027027027027,74
2019-07-01,Garri White,174.16432432432433,9.064864864864864,74
2019-08-01,Garri White,174.24405405405406,9.07027027027027,74
2019-09-01,Garri White,171.20648648648648,9.075675675675676,74
2019-10-01,Garri White,172.43418918918917,9.075675675675676,74
2019-11-01,Garri White,173.5427027027027,9.075675675675676,74
2019-12-01,Garri White,172.96783783783783,9.075675675675676,74
2020-01-01,Garri White,173.63743243243243,9.08108108108108,74
2020-02-01,Garri White,175.8345945945946,9.08108108108108,74
2020-03-01,Garri White,182.0168918918919,9.077027027027027,74
2020-04-01,Garri White,219.4966216216216,9.063513513513515,74
2020-05-01,Garri White,236.4985135135135,9.067567567567568,74
2020-06-01,Garri White,253.4431081081081,9.07162162162162,74
2020-07-01,Garri White,260.28175675675675,9.06891891891892,74
2020-08-01,Garri White,282.8877027027027,9.06891891891892,74
2020-09-01,Garri White,289.6040540540541,9.06891891891892,74
2020-10-01,Garri White,291.6995945945946,9.06891891891892,74
2020-11-01,Garri White,290.97648648648646,9.06891891891892,74
2020-12-01,Garri White,289.9221621621622,9.06891891891892,74
2021-01-01,Garri White,291.197972972973,9.06891891891892,74
2021-02-01,Garri White,312.9090540540541,9.06891891891892,74
2021-03-01,Garri White,323.99864864864867,9.085135135135134,74
2021-04-01,Garri White,334.47594594594597,9.085135135135134,74
2021-05-01,Garri White,341.4755405405405,9.086486486486486,74
2021-06-01,Garri White,364.6721621621622,9.086486486486486,74
2021-07-01,Garri White,367.21702702702703,9.090540540540541,74
2021-08-01,Garri White,344.3397297297297,9.08918918918919,74
2021-09-01,Garri White,333.86324324324323,9.08918918918919,74
2021-10-01,Garri White,334.2739189189189,9.087837837837839,74
2021-11-01,Garri White,324.9159459459459,9.085135135135134,74
2021-12-01,Garri White,327.145,9.093243243243244,74
2022-01-01,Garri White,339.03513513513514,9.093243243243244,74
2022-02-01,Garri White,340.7321621621622,9.09189189189189,74
2022-03-01,Garri White,340.48243243243246,9.086486486486486,74
2022-04-01,Garri White,335.60162162162163,9.078378378378378,74
2022-05-01,Garri White,346.5912162162162,9.067567567567568,74
2022-06-01,Garri White,357.1554054054054,9.067567567567568,74
2022-07-01,Garri White,356.89756756756753,9.044594594594594,74
2022-08-01,Garri White,344.8555405405406,9.024324324324324,74
2022-09-01,Garri White,340.61,9.022972972972974,74
2022-10-01,Garri White,324.47621621621624,9.0,74
2022-11-01,Garri White,326.77554054054053,8.978378378378379,74
2022-12-01,Garri White,327.04135135135135,8.954054054054055,74
2023-01-01,Garri White,327.57702702702704,8.95,74
2023-02-01,Garri White,330.5306756756757,8.941891891891892,74
2023-03-01,Garri White,362.88364864864866,8.936486486486485,74
2023-04-01,Garri White,374.4091891891892,8.91891891891892,74
2023-05-01,Garri White,377.435,8.89864864864865,74
2023-06-01,Garri White,412.0274324324324,8.96891891891892,74
2023-07-01,Garri White,473.9835135135135,9.044594594594594,74
2023-08-01,Garri White,462.6056756756757,9.083783783783785,74
2023-09-01,Garri White,465.36918918918917,9.114864864864865,74
2023-10-01,Garri White,475.32094594594594,9.139189189189189,74
2023-11-01,Garri White,472.2125675675676,9.14864864864865,74
2023-12-01,Garri White,494.8828378378379,9.159459459459459,74
2024-01-01,Garri White,528.6228378378378,9.185135135135136,74
2024-02-01,Garri White,619.063918918919,9.191891891891892,74
2024-03-01,Garri White,736.8601351351351,9.193243243243243,74
2024-04-01,Garri White,802.2920270270271,9.185135135135136,74
2024-05-01,Garri White,962.482162162162,9.177027027027027,74
2024-06-01,Garri White,1132.3328378378378,9.15,74
2024-07-01,Garri White,1107.5547297297298,9.121621621621621,74
2024-08-01,Garri White,1071.0724324324324,9.11216216216216,74
2024-09-01,Garri White,1068.6433783783784,9.132432432432433,74
2024-10-01,Garri White,1072.6804054054055,9.14054054054054,74
2024-11-01,Garri White,1045.275,9.154054054054054,74
2024-12-01,Garri White,980.9001351351351,9.18918918918919,74
2007-01-01,Goat Meat Bone-In,437.5924324324324,9.40810810810811,74
2007-02-01,Goat Meat Bone-In,447.8340540540541,9.40810810810811,74
2007-03-01,Goat Meat Bone-In,445.9332432432432,9.40810810810811,74
2007-04-01,Goat Meat Bone-In,461.14378378378376,9.40810810810811,74
2007-05-01,Goat Meat Bone-In,463.8683783783784,9.40810810810811,74
2007-06-01,Goat Meat Bone-In,469.47635135135135,9.40810810810811,74
2007-07-01,Goat Meat Bone-In,460.1935135135135,9.40810810810811,74
2007-08-01,Goat Meat Bone-In,461.1301351351351,9.40810810810811,74
2007-09-01,Goat Meat Bone-In,462.6464864864864,9.40810810810811,74
2007-10-01,Goat Meat Bone-In,471.2652702702702,9.40810810810811,74
2007-11-01,Goat Meat Bone-In,459.44405405405405,9.40810810810811,74
2007-12-01,Goat Meat Bone-In,461.652972972973,9.40810810810811,74
2008-01-01,Goat Meat Bone-In,472.87621621621616,9.40810810810811,74
2008-02-01,Goat Meat Bone-In,478.5312162162162,9.40810810810811,74
2008-03-01,Goat Meat Bone-In,490.6848648648649,9.40810810810811,74
2008-04-01,Goat Meat Bone-In,507.66621621621624,9.40810810810811,74
2008-05-01,Goat Meat Bone-In,527.5525675675675,9.40810810810811,74
2008-06-01,Goat Meat Bone-In,540.8862162162162,9.40810810810811,74
2008-07-01,Goat Meat Bone-In,541.3328378378378,9.40810810810811,74
2008-08-01,Goat Meat Bone-In,540.9101351351351,9.40810810810811,74
2008-09-01,Goat Meat Bone-In,496.4447297297298,9.40810810810811,74
2008-10-01,Goat Meat Bone-In,492.5282432432432,9.40810810810811,74
2008-11-01,Goat Meat Bone-In,448.8054054054054,9.40810810810811,74
2008-12-01,Goat Meat Bone-In,453.09662162162164,9.40810810810811,74
2009-01-01,Goat Meat Bone-In,527.592027027027,9.40810810810811,74
2009-02-01,Goat Meat Bone-In,541.2087837837837,9.40810810810811,74
2009-03-01,Goat Meat Bone-In,534.8991891891892,9.40810810810811,74
2009-04-01,Goat Meat Bone-In,540.1281081081081,9.40810810810811,74
2009-05-01,Goat Meat Bone-In,514.3916216216217,9.40945945945946,74
2009-06-01,Goat Meat Bone-In,546.6501351351351,9.40945945945946,74
2009-07-01,Goat Meat Bone-In,582.5759459459459,9.40945945945946,74
2009-08-01,Goat Meat Bone-In,578.6941891891893,9.41081081081081,74
2009-09-01,Goat Meat Bone-In,554.6260810810811,9.41081081081081,74
2009-10-01,Goat Meat Bone-In,537.6455405405405,9.41081081081081,74
2009-11-01,Goat Meat Bone-In,520.4136486486486,9.41081081081081,74
2009-12-01,Goat Meat Bone-In,532.0741891891892,9.412162162162161,74
2010-01-01,Goat Meat Bone-In,547.3218918918919,9.413513513513514,74
2010-02-01,Goat Meat Bone-In,544.142972972973,9.413513513513514,74
2010-03-01,Goat Meat Bone-In,536.0560810810811,9.413513513513514,74
2010-04-01,Goat Meat Bone-In,529.9962162162162,9.413513513513514,74
2010-05-01,Goat Meat Bone-In,536.6981081081082,9.413513513513514,74
2010-06-01,Goat Meat Bone-In,533.9782432432432,9.413513513513514,74
2010-07-01,Goat Meat Bone-In,522.802027027027,9.413513513513514,74
2010-08-01,Goat Meat Bone-In,518.7562162162162,9.413513513513514,74
2010-09-01,Goat Meat Bone-In,526.4637837837838,9.414864864864866,74
2010-10-01,Goat Meat Bone-In,524.487972972973,9.414864864864866,74
2010-11-01,Goat Meat Bone-In,526.3462162162162,9.416216216216217,74
2010-12-01,Goat Meat Bone-In,530.8717567567568,9.416216216216217,74
2011-01-01,Goat Meat Bone-In,534.7583783783784,9.416216216216217,74
2011-02-01,Goat Meat Bone-In,537.0274324324324,9.416216216216217,74
2011-03-01,Goat Meat Bone-In,544.7948648648648,9.416216216216217,74
2011-04-01,Goat Meat Bone-In,542.6052702702702,9.416216216216217,74
2011-05-01,Goat Meat Bone-In,542.7332432432432,9.416216216216217,74
2011-06-01,Goat Meat Bone-In,547.296891891892,9.416216216216217,74
2011-07-01,Goat Meat Bone-In,552.212027027027,9.417567567567568,74
2011-08-01,Goat Meat Bone-In,558.3820270270271,9.417567567567568,74
2011-09-01,Goat Meat Bone-In,538.7002702702703,9.417567567567568,74
2011-10-01,Goat Meat Bone-In,552.562027027027,9.417567567567568,74
2011-11-01,Goat Meat Bone-In,543.9759459459459,9.416216216216217,74
2011-12-01,Goat Meat Bone-In,561.716081081081,9.416216216216217,74
2012-01-01,Goat Meat Bone-In,551.2481081081081,9.416216216216217,74
2012-02-01,Goat Meat Bone-In,567.4683783783785,9.416216216216217,74
2012-03-01,Goat Meat Bone-In,572.311891891892,9.416216216216217,74
2012-04-01,Goat Meat Bone-In,560.0677027027027,9.417567567567568,74
2012-05-01,Goat Meat Bone-In,569.987972972973,9.42027027027027,74
2012-06-01,Goat Meat Bone-In,587.4202702702703,9.42027027027027,74
2012-07-01,Goat Meat Bone-In,598.4775675675676,9.42027027027027,74
2012-08-01,Goat Meat Bone-In,609.5827027027027,9.421621621621622,74
2012-09-01,Goat Meat Bone-In,616.1668918918919,9.421621621621622,74
2012-10-01,Goat Meat Bone-In,602.5889189189189,9.422972972972975,74
2012-11-01,Goat Meat Bone-In,594.058918918919,9.424324324324324,74
2012-12-01,Goat Meat Bone-In,597.8618918918919,9.424324324324324,74
2013-01-01,Goat Meat Bone-In,600.9972972972973,9.425675675675675,74
2013-02-01,Goat Meat Bone-In,608.5854054054054,9.425675675675675,74
2013-03-01,Goat Meat Bone-In,619.457027027027,9.425675675675675,74
2013-04-01,Goat Meat Bone-In,644.4371621621622,9.425675675675675,74
2013-05-01,Goat Meat Bone-In,643.5590540540541,9.425675675675675,74
2013-06-01,Goat Meat Bone-In,650.8163513513513,9.425675675675675,74
2013-07-01,Goat Meat Bone-In,665.2817567567567,9.425675675675675,74
2013-08-01,Goat Meat Bone-In,693.7798648648649,9.425675675675675,74
2013-09-01,Goat Meat Bone-In,698.1331081081081,9.424324324324324,74
2013-10-01,Goat Meat Bone-In,698.119054054054,9.424324324324324,74
2013-11-01,Goat Meat Bone-In,672.465945945946,9.424324324324324,74
2013-12-01,Goat Meat Bone-In,661.4043243243243,9.424324324324324,74
2014-01-01,Goat Meat Bone-In,608.0833783783784,9.424324324324324,74
2014-02-01,Goat Meat Bone-In,604.4147297297297,9.424324324324324,74
2014-03-01,Goat Meat Bone-In,616.2312162162162,9.424324324324324,74
2014-04-01,Goat Meat Bone-In,610.9925675675676,9.424324324324324,74
2014-05-01,Goat Meat Bone-In,622.0482432432433,9.422972972972975,74
2014-06-01,Goat Meat Bone-In,633.5632432432433,9.422972972972975,74
2014-07-01,Goat Meat Bone-In,643.7228378378378,9.427027027027027,74
2014-08-01,Goat Meat Bone-In,647.3928378378379,9.435135135135136,74
2014-09-01,Goat Meat Bone-In,644.3695945945946,9.435135135135136,74
2014-10-01,Goat Meat Bone-In,651.8055405405405,9.435135135135136,74
2014-11-01,Goat Meat Bone-In,658.2275675675676,9.436486486486487,74
2014-12-01,Goat Meat Bone-In,667.2056756756757,9.436486486486487,74
2015-01-01,Goat Meat Bone-In,642.8994594594594,9.441891891891892,74
2015-02-01,Goat Meat Bone-In,633.2901351351352,9.444594594594594,74
2015-03-01,Goat Meat Bone-In,682.816081081081,9.445945945945946,74
2015-04-01,Goat Meat Bone-In,663.1960810810812,9.447297297297297,74
2015-05-01,Goat Meat Bone-In,666.9733783783784,9.452702702702704,74
2015-06-01,Goat Meat Bone-In,672.2745945945946,9.452702702702704,74
2015-07-01,Goat Meat Bone-In,676.9766216216216,9.452702702702704,74
2015-08-01,Goat Meat Bone-In,683.2548648648649,9.452702702702704,74
2015-09-01,Goat Meat Bone-In,667.345,9.452702702702704,74
2015-10-01,Goat Meat Bone-In,704.035945945946,9.452702702702704,74
2015-11-01,Goat Meat Bone-In,709.8236486486486,9.452702702702704,74
2015-12-01,Goat Meat Bone-In,718.525,9.454054054054055,74
2016-01-01,Goat Meat Bone-In,748.3920270270271,9.456756756756757,74
2016-02-01,Goat Meat Bone-In,753.3604054054053,9.455405405405406,74
2016-03-01,Goat Meat Bone-In,781.6364864864864,9.455405405405406,74
2016-04-01,Goat Meat Bone-In,797.584054054054,9.455405405405406,74
2016-05-01,Goat Meat Bone-In,837.2051351351352,9.455405405405406,74
2016-06-01,Goat Meat Bone-In,923.6663513513513,9.477027027027027,74
2016-07-01,Goat Meat Bone-In,1043.4394594594596,9.486486486486486,74
2016-08-01,Goat Meat Bone-In,1041.8425675675676,9.490540540540541,74
2016-09-01,Goat Meat Bone-In,1082.2197297297296,9.497297297297298,74
2016-10-01,Goat Meat Bone-In,1145.6254054054054,9.497297297297298,74
2016-11-01,Goat Meat Bone-In,1228.0495945945945,9.505405405405405,74
2016-12-01,Goat Meat Bone-In,1294.1970270270272,9.52837837837838,74
2017-01-01,Goat Meat Bone-In,1356.7375675675676,9.536486486486487,74
2017-02-01,Goat Meat Bone-In,1406.1645945945945,9.55,74
2017-03-01,Goat Meat Bone-In,1404.623783783784,9.574324324324325,74
2017-04-01,Goat Meat Bone-In,1343.9575675675676,9.57837837837838,74
2017-05-01,Goat Meat Bone-In,1331.0912162162163,9.57972972972973,74
2017-06-01,Goat Meat Bone-In,1347.7410810810811,9.587837837837839,74
2017-07-01,Goat Meat Bone-In,1340.2322972972972,9.597297297297297,74
2017-08-01,Goat Meat Bone-In,1319.3225675675676,9.6,74
2017-09-01,Goat Meat Bone-In,1312.8712162162162,9.604054054054055,74
2017-10-01,Goat Meat Bone-In,1319.019864864865,9.616216216216216,74
2017-11-01,Goat Meat Bone-In,1339.2294594594593,9.624324324324325,74
2017-12-01,Goat Meat Bone-In,1331.232162162162,9.625675675675675,74
2018-01-01,Goat Meat Bone-In,1313.5193243243243,9.628378378378379,74
2018-02-01,Goat Meat Bone-In,1341.3837837837837,9.628378378378379,74
2018-03-01,Goat Meat Bone-In,1357.012972972973,9.628378378378379,74
2018-04-01,Goat Meat Bone-In,1312.561081081081,9.628378378378379,74
2018-05-01,Goat Meat Bone-In,1277.9862162162162,9.628378378378379,74
2018-06-01,Goat Meat Bone-In,1283.7529729729729,9.62972972972973,74
2018-07-01,Goat Meat Bone-In,1244.1091891891892,9.62972972972973,74
2018-08-01,Goat Meat Bone-In,1226.2598648648648,9.627027027027026,74
2018-09-01,Goat Meat Bone-In,1222.1112162162162,9.627027027027026,74
2018-10-01,Goat Meat Bone-In,1192.8194594594595,9.628378378378379,74
2018-11-01,Goat Meat Bone-In,1241.4516216216216,9.628378378378379,74
2018-12-01,Goat Meat Bone-In,1283.744054054054,9.628378378378379,74
2019-01-01,Goat Meat Bone-In,1266.5177027027028,9.627027027027026,74
2019-02-01,Goat Meat Bone-In,1262.3716216216217,9.631081081081081,74
2019-03-01,Goat Meat Bone-In,1262.4697297297296,9.633783783783784,74
2019-04-01,Goat Meat Bone-In,1260.815,9.633783783783784,74
2019-05-01,Goat Meat Bone-In,1250.0222972972972,9.635135135135135,74
2019-06-01,Goat Meat Bone-In,1234.9066216216215,9.635135135135135,74
2019-07-01,Goat Meat Bone-In,1217.2868918918919,9.635135135135135,74
2019-08-01,Goat Meat Bone-In,1217.7466216216217,9.635135135135135,74
2019-09-01,Goat Meat Bone-In,1223.9966216216217,9.64054054054054,74
2019-10-01,Goat Meat Bone-In,1227.2787837837839,9.64054054054054,74
2019-11-01,Goat Meat Bone-In,1232.2312162162161,9.64054054054054,74
2019-12-01,Goat Meat Bone-In,1234.8574324324325,9.64054054054054,74
2020-01-01,Goat Meat Bone-In,1242.9956756756756,9.64054054054054,74
2020-02-01,Goat Meat Bone-In,1248.9690540540541,9.64054054054054,74
2020-03-01,Goat Meat Bone-In,1241.1345945945948,9.63783783783784,74
2020-04-01,Goat Meat Bone-In,1254.1618918918919,9.635135135135135,74
2020-05-01,Goat Meat Bone-In,1264.748783783784,9.635135135135135,74
2020-06-01,Goat Meat Bone-In,1283.3644594594596,9.639189189189189,74
2020-07-01,Goat Meat Bone-In,1288.9377027027026,9.636486486486486,74
2020-08-01,Goat Meat Bone-In,1288.5174324324323,9.636486486486486,74
2020-09-01,Goat Meat Bone-In,1319.7766216216216,9.636486486486486,74
2020-10-01,Goat Meat Bone-In,1276.380945945946,9.636486486486486,74
2020-11-01,Goat Meat Bone-In,1337.022027027027,9.636486486486486,74
2020-12-01,Goat Meat Bone-In,1349.3905405405405,9.636486486486486,74
2021-01-01,Goat Meat Bone-In,1354.0917567567567,9.636486486486486,74
2021-02-01,Goat Meat Bone-In,1358.6587837837837,9.636486486486486,74
2021-03-01,Goat Meat Bone-In,1398.3674324324325,9.644594594594595,74
2021-04-01,Goat Meat Bone-In,1405.0967567567568,9.644594594594595,74
2021-05-01,Goat Meat Bone-In,1453.749189189189,9.644594594594595,74
2021-06-01,Goat Meat Bone-In,1451.56,9.644594594594595,74
2021-07-01,Goat Meat Bone-In,1493.9717567567568,9.645945945945945,74
2021-08-01,Goat Meat Bone-In,1511.0463513513514,9.643243243243244,74
2021-09-01,Goat Meat Bone-In,1537.291081081081,9.643243243243244,74
2021-10-01,Goat Meat Bone-In,1540.1725675675675,9.643243243243244,74
2021-11-01,Goat Meat Bone-In,1586.49527027027,9.643243243243244,74
2021-12-01,Goat Meat Bone-In,1624.752027027027,9.64054054054054,74
2022-01-01,Goat Meat Bone-In,1643.3213513513513,9.64054054054054,74
2022-02-01,Goat Meat Bone-In,1684.8494594594595,9.64054054054054,74
2022-03-01,Goat Meat Bone-In,1739.6031081081082,9.63783783783784,74
2022-04-01,Goat Meat Bone-In,1762.1744594594595,9.636486486486486,74
2022-05-01,Goat Meat Bone-In,1765.9572972972971,9.631081081081081,74
2022-06-01,Goat Meat Bone-In,1844.936756756757,9.62972972972973,74
2022-07-01,Goat Meat Bone-In,1909.1224324324323,9.62972972972973,74
2022-08-01,Goat Meat Bone-In,1892.710135135135,9.608108108108109,74
2022-09-01,Goat Meat Bone-In,1907.572837837838,9.606756756756756,74
2022-10-01,Goat Meat Bone-In,1942.4458108108106,9.606756756756756,74
2022-11-01,Goat Meat Bone-In,2001.3481081081081,9.606756756756756,74
2022-12-01,Goat Meat Bone-In,2092.200675675676,9.586486486486486,74
2023-01-01,Goat Meat Bone-In,2131.1910810810814,9.583783783783785,74
2023-02-01,Goat Meat Bone-In,2103.359864864865,9.586486486486486,74
2023-03-01,Goat Meat Bone-In,2164.876486486486,9.585135135135136,74
2023-04-01,Goat Meat Bone-In,2202.3672972972972,9.571621621621622,74
2023-05-01,Goat Meat Bone-In,2214.6010810810812,9.566216216216215,74
2023-06-01,Goat Meat Bone-In,2285.962297297297,9.602702702702704,74
2023-07-01,Goat Meat Bone-In,2391.0666216216214,9.63783783783784,74
2023-08-01,Goat Meat Bone-In,2505.3062162162164,9.654054054054054,74
2023-09-01,Goat Meat Bone-In,2528.3475675675677,9.651351351351352,74
2023-10-01,Goat Meat Bone-In,2638.5678378378375,9.663513513513514,74
2023-11-01,Goat Meat Bone-In,2742.0645945945944,9.682432432432432,74
2023-12-01,Goat Meat Bone-In,2897.0410810810813,9.686486486486485,74
2024-01-01,Goat Meat Bone-In,3108.870945945946,9.67972972972973,74
2024-02-01,Goat Meat Bone-In,3289.822297297297,9.675675675675675,74
2024-03-01,Goat Meat Bone-In,3547.9448648648645,9.679729729729731,74
2024-04-01,Goat Meat Bone-In,3618.628783783784,9.677027027027027,74
2024-05-01,Goat Meat Bone-In,3777.318108108108,9.67837837837838,74
2024-06-01,Goat Meat Bone-In,4002.169459459459,9.65945945945946,74
2024-07-01,Goat Meat Bone-In,4115.568918918919,9.64864864864865,74
2024-08-01,Goat Meat Bone-In,4338.045,9.641891891891891,74
2024-09-01,Goat Meat Bone-In,4384.574729729729,9.654054054054054,74
2024-10-01,Goat Meat Bone-In,4443.46972972973,9.65945945945946,74
2024-11-01,Goat Meat Bone-In,4680.507432432432,9.667567567567568,74
2024-12-01,Goat Meat Bone-In,4915.6110810810815,9.682432432432432,74
2007-01-01,Maize White Grain,40.468783783783785,9.705405405405404,74
2007-02-01,Maize White Grain,41.47094594594594,9.705405405405404,74
2007-03-01,Maize White Grain,40.07027027027027,9.705405405405404,74
2007-04-01,Maize White Grain,41.43094594594594,9.705405405405404,74
2007-05-01,Maize White Grain,42.266351351351354,9.705405405405404,74
2007-06-01,Maize White Grain,43.77972972972973,9.705405405405404,74
2007-07-01,Maize White Grain,42.899324324324326,9.705405405405404,74
2007-08-01,Maize White Grain,42.69054054054054,9.705405405405404,74
2007-09-01,Maize White Grain,43.09108108108108,9.705405405405404,74
2007-10-01,Maize White Grain,45.03324324324324,9.705405405405404,74
2007-11-01,Maize White Grain,44.079054054054055,9.705405405405404,74
2007-12-01,Maize White Grain,45.47675675675676,9.705405405405404,74
2008-01-01,Maize White Grain,49.09243243243243,9.705405405405404,74
2008-02-01,Maize White Grain,50.93405405405405,9.705405405405404,74
2008-03-01,Maize White Grain,52.95283783783784,9.705405405405404,74
2008-04-01,Maize White Grain,55.822162162162165,9.705405405405404,74
2008-05-01,Maize White Grain,59.69432432432433,9.705405405405404,74
2008-06-01,Maize White Grain,62.87108108108108,9.705405405405404,74
2008-07-01,Maize White Grain,63.26,9.705405405405404,74
2008-08-01,Maize White Grain,65.68472972972972,9.705405405405404,74
2008-09-01,Maize White Grain,60.63972972972973,9.705405405405404,74
2008-10-01,Maize White Grain,60.017162162162165,9.705405405405404,74
2008-11-01,Maize White Grain,52.61310810810811,9.705405405405404,74
2008-12-01,Maize White Grain,50.391891891891895,9.705405405405404,74
2009-01-01,Maize White Grain,56.76310810810811,9.705405405405404,74
2009-02-01,Maize White Grain,57.79851351351351,9.705405405405404,74
2009-03-01,Maize White Grain,57.788243243243244,9.705405405405404,74
2009-04-01,Maize White Grain,58.82783783783784,9.705405405405404,74
2009-05-01,Maize White Grain,55.718243243243236,9.705405405405404,74
2009-06-01,Maize White Grain,63.26067567567568,9.705405405405404,74
2009-07-01,Maize White Grain,69.58162162162162,9.706756756756755,74
2009-08-01,Maize White Grain,67.82216216216216,9.706756756756755,74
2009-09-01,Maize White Grain,63.663783783783785,9.706756756756755,74
2009-10-01,Maize White Grain,60.7541891891892,9.706756756756755,74
2009-11-01,Maize White Grain,57.818783783783786,9.706756756756755,74
2009-12-01,Maize White Grain,59.06243243243243,9.706756756756755,74
2010-01-01,Maize White Grain,59.89148648648649,9.706756756756755,74
2010-02-01,Maize White Grain,59.10378378378379,9.706756756756755,74
2010-03-01,Maize White Grain,57.774459459459464,9.70945945945946,74
2010-04-01,Maize White Grain,57.50472972972973,9.70945945945946,74
2010-05-01,Maize White Grain,61.174459459459456,9.70945945945946,74
2010-06-01,Maize White Grain,59.67608108108108,9.70945945945946,74
2010-07-01,Maize White Grain,58.25405405405406,9.70945945945946,74
2010-08-01,Maize White Grain,56.26121621621621,9.70945945945946,74
2010-09-01,Maize White Grain,57.74945945945946,9.70945945945946,74
2010-10-01,Maize White Grain,54.86027027027027,9.712162162162162,74
2010-11-01,Maize White Grain,56.7472972972973,9.712162162162162,74
2010-12-01,Maize White Grain,56.22337837837838,9.712162162162162,74
2011-01-01,Maize White Grain,57.0777027027027,9.712162162162162,74
2011-02-01,Maize White Grain,57.281621621621625,9.712162162162162,74
2011-03-01,Maize White Grain,58.113378378378385,9.713513513513513,74
2011-04-01,Maize White Grain,60.435675675675675,9.713513513513513,74
2011-05-01,Maize White Grain,60.635405405405415,9.713513513513513,74
2011-06-01,Maize White Grain,61.68972972972973,9.713513513513513,74
2011-07-01,Maize White Grain,64.90972972972972,9.713513513513513,74
2011-08-01,Maize White Grain,61.392162162162165,9.713513513513513,74
2011-09-01,Maize White Grain,59.861216216216214,9.713513513513513,74
2011-10-01,Maize White Grain,61.915,9.713513513513513,74
2011-11-01,Maize White Grain,62.2877027027027,9.713513513513513,74
2011-12-01,Maize White Grain,67.56067567567567,9.713513513513513,74
2012-01-01,Maize White Grain,63.95324324324324,9.713513513513513,74
2012-02-01,Maize White Grain,67.9395945945946,9.712162162162162,74
2012-03-01,Maize White Grain,68.64324324324325,9.712162162162162,74
2012-04-01,Maize White Grain,66.35027027027027,9.713513513513513,74
2012-05-01,Maize White Grain,68.08824324324324,9.714864864864865,74
2012-06-01,Maize White Grain,70.94527027027027,9.714864864864865,74
2012-07-01,Maize White Grain,72.85770270270271,9.717567567567567,74
2012-08-01,Maize White Grain,74.71067567567567,9.718918918918918,74
2012-09-01,Maize White Grain,77.02324324324324,9.718918918918918,74
2012-10-01,Maize White Grain,74.16513513513515,9.72027027027027,74
2012-11-01,Maize White Grain,73.82648648648649,9.72027027027027,74
2012-12-01,Maize White Grain,73.49162162162162,9.722972972972974,74
2013-01-01,Maize White Grain,73.43891891891892,9.722972972972974,74
2013-02-01,Maize White Grain,76.02918918918918,9.722972972972974,74
2013-03-01,Maize White Grain,79.74675675675675,9.724324324324323,74
2013-04-01,Maize White Grain,85.39432432432433,9.724324324324323,74
2013-05-01,Maize White Grain,85.2145945945946,9.724324324324323,74
2013-06-01,Maize White Grain,88.19148648648648,9.724324324324323,74
2013-07-01,Maize White Grain,89.95959459459459,9.722972972972974,74
2013-08-01,Maize White Grain,96.34837837837837,9.722972972972974,74
2013-09-01,Maize White Grain,100.16716216216216,9.722972972972974,74
2013-10-01,Maize White Grain,98.73108108108109,9.722972972972974,74
2013-11-01,Maize White Grain,90.93283783783784,9.722972972972974,74
2013-12-01,Maize White Grain,87.49689189189189,9.72162162162162,74
2014-01-01,Maize White Grain,76.75756756756758,9.72162162162162,74
2014-02-01,Maize White Grain,75.5004054054054,9.72162162162162,74
2014-03-01,Maize White Grain,78.54378378378378,9.72162162162162,74
2014-04-01,Maize White Grain,76.51986486486487,9.72162162162162,74
2014-05-01,Maize White Grain,77.33972972972974,9.72162162162162,74
2014-06-01,Maize White Grain,78.29297297297298,9.72162162162162,74
2014-07-01,Maize White Grain,82.88986486486488,9.72162162162162,74
2014-08-01,Maize White Grain,79.53756756756756,9.72162162162162,74
2014-09-01,Maize White Grain,76.90216216216217,9.72162162162162,74
2014-10-01,Maize White Grain,76.50351351351351,9.724324324324323,74
2014-11-01,Maize White Grain,74.88513513513513,9.725675675675674,74
2014-12-01,Maize White Grain,73.675,9.725675675675674,74
2015-01-01,Maize White Grain,68.16202702702702,9.728378378378379,74
2015-02-01,Maize White Grain,66.00824324324324,9.72972972972973,74
2015-03-01,Maize White Grain,68.36337837837839,9.73108108108108,74
2015-04-01,Maize White Grain,69.12918918918919,9.73108108108108,74
2015-05-01,Maize White Grain,71.19405405405405,9.732432432432432,74
2015-06-01,Maize White Grain,70.7372972972973,9.733783783783784,74
2015-07-01,Maize White Grain,70.6927027027027,9.733783783783784,74
2015-08-01,Maize White Grain,69.85702702702703,9.733783783783784,74
2015-09-01,Maize White Grain,70.87783783783784,9.736486486486486,74
2015-10-01,Maize White Grain,71.36594594594594,9.736486486486486,74
2015-11-01,Maize White Grain,72.18081081081081,9.736486486486486,74
2015-12-01,Maize White Grain,74.21310810810812,9.736486486486486,74
2016-01-01,Maize White Grain,79.06054054054053,9.736486486486486,74
2016-02-01,Maize White Grain,87.29594594594595,9.737837837837837,74
2016-03-01,Maize White Grain,95.9481081081081,9.737837837837837,74
2016-04-01,Maize White Grain,101.8331081081081,9.737837837837837,74
2016-05-01,Maize White Grain,112.67999999999999,9.737837837837837,74
2016-06-01,Maize White Grain,124.90864864864865,9.739189189189188,74
2016-07-01,Maize White Grain,126.78256756756757,9.748648648648649,74
2016-08-01,Maize White Grain,147.09216216216217,9.756756756756756,74
2016-09-01,Maize White Grain,144.73418918918918,9.75810810810811,74
2016-10-01,Maize White Grain,138.26635135135135,9.764864864864863,74
2016-11-01,Maize White Grain,133.40986486486486,9.764864864864863,74
2016-12-01,Maize White Grain,134.95743243243243,9.766216216216215,74
2017-01-01,Maize White Grain,146.1895945945946,9.767567567567568,74
2017-02-01,Maize White Grain,148.03108108108108,9.77837837837838,74
2017-03-01,Maize White Grain,149.19878378378377,9.786486486486485,74
2017-04-01,Maize White Grain,159.35054054054055,9.805405405405406,74
2017-05-01,Maize White Grain,160.04608108108107,9.81891891891892,74
2017-06-01,Maize White Grain,164.6891891891892,9.820270270270269,74
2017-07-01,Maize White Grain,167.37256756756756,9.820270270270269,74
2017-08-01,Maize White Grain,172.79905405405404,9.82162162162162,74
2017-09-01,Maize White Grain,162.5414864864865,9.832432432432432,74
2017-10-01,Maize White Grain,148.89837837837837,9.835135135135134,74
2017-11-01,Maize White Grain,139.73810810810812,9.836486486486486,74
2017-12-01,Maize White Grain,135.5843243243243,9.836486486486486,74
2018-01-01,Maize White Grain,138.59378378378378,9.836486486486486,74
2018-02-01,Maize White Grain,140.05716216216214,9.833783783783783,74
2018-03-01,Maize White Grain,140.38175675675674,9.832432432432432,74
2018-04-01,Maize White Grain,145.25391891891894,9.83108108108108,74
2018-05-01,Maize White Grain,145.99486486486487,9.83108108108108,74
2018-06-01,Maize White Grain,142.22675675675677,9.83108108108108,74
2018-07-01,Maize White Grain,138.4245945945946,9.83108108108108,74
2018-08-01,Maize White Grain,134.44837837837838,9.83108108108108,74
2018-09-01,Maize White Grain,132.8058108108108,9.832432432432432,74
2018-10-01,Maize White Grain,127.18324324324324,9.833783783783783,74
2018-11-01,Maize White Grain,121.45716216216216,9.833783783783783,74
2018-12-01,Maize White Grain,119.34527027027026,9.833783783783783,74
2019-01-01,Maize White Grain,117.3804054054054,9.833783783783783,74
2019-02-01,Maize White Grain,117.44391891891892,9.833783783783783,74
2019-03-01,Maize White Grain,117.69581081081081,9.83918918918919,74
2019-04-01,Maize White Grain,117.47540540540541,9.84054054054054,74
2019-05-01,Maize White Grain,118.34648648648648,9.84054054054054,74
2019-06-01,Maize White Grain,112.71729729729729,9.84054054054054,74
2019-07-01,Maize White Grain,106.93040540540541,9.84054054054054,74
2019-08-01,Maize White Grain,109.21527027027028,9.84054054054054,74
2019-09-01,Maize White Grain,112.8641891891892,9.84054054054054,74
2019-10-01,Maize White Grain,112.68054054054055,9.845945945945946,74
2019-11-01,Maize White Grain,115.74837837837836,9.845945945945946,74
2019-12-01,Maize White Grain,113.25918918918919,9.845945945945946,74
2020-01-01,Maize White Grain,115.42175675675675,9.845945945945946,74
2020-02-01,Maize White Grain,116.15135135135137,9.845945945945946,74
2020-03-01,Maize White Grain,121.96486486486486,9.845945945945946,74
2020-04-01,Maize White Grain,135.84067567567567,9.845945945945946,74
2020-05-01,Maize White Grain,145.27621621621623,9.845945945945946,74
2020-06-01,Maize White Grain,160.06770270270272,9.845945945945946,74
2020-07-01,Maize White Grain,176.89432432432432,9.847297297297297,74
2020-08-01,Maize White Grain,191.8677027027027,9.847297297297297,74
2020-09-01,Maize White Grain,191.40324324324325,9.847297297297297,74
2020-10-01,Maize White Grain,173.12527027027028,9.847297297297297,74
2020-11-01,Maize White Grain,176.72527027027027,9.855405405405405,74
2020-12-01,Maize White Grain,175.41324324324324,9.856756756756756,74
2021-01-01,Maize White Grain,190.0518918918919,9.856756756756756,74
2021-02-01,Maize White Grain,206.887972972973,9.856756756756756,74
2021-03-01,Maize White Grain,213.85418918918919,9.856756756756756,74
2021-04-01,Maize White Grain,215.49932432432433,9.856756756756756,74
2021-05-01,Maize White Grain,218.63567567567566,9.856756756756756,74
2021-06-01,Maize White Grain,240.18148648648648,9.858108108108109,74
2021-07-01,Maize White Grain,252.65797297297294,9.858108108108109,74
2021-08-01,Maize White Grain,249.4495945945946,9.858108108108109,74
2021-09-01,Maize White Grain,244.08459459459456,9.85945945945946,74
2021-10-01,Maize White Grain,226.80945945945948,9.85945945945946,74
2021-11-01,Maize White Grain,223.7466216216216,9.85945945945946,74
2021-12-01,Maize White Grain,239.01027027027024,9.85945945945946,74
2022-01-01,Maize White Grain,249.7731081081081,9.85945945945946,74
2022-02-01,Maize White Grain,254.7332432432432,9.858108108108109,74
2022-03-01,Maize White Grain,258.72945945945946,9.855405405405405,74
2022-04-01,Maize White Grain,259.8166216216216,9.852702702702704,74
2022-05-01,Maize White Grain,263.1431081081081,9.852702702702704,74
2022-06-01,Maize White Grain,267.7535135135135,9.852702702702704,74
2022-07-01,Maize White Grain,267.4468918918919,9.852702702702704,74
2022-08-01,Maize White Grain,258.48621621621623,9.852702702702704,74
2022-09-01,Maize White Grain,259.38743243243243,9.852702702702704,74
2022-10-01,Maize White Grain,253.7931081081081,9.852702702702704,74
2022-11-01,Maize White Grain,262.09364864864864,9.852702702702704,74
2022-12-01,Maize White Grain,266.1693243243243,9.85135135135135,74
2023-01-01,Maize White Grain,271.942027027027,9.848648648648648,74
2023-02-01,Maize White Grain,258.91175675675674,9.835135135135134,74
2023-03-01,Maize White Grain,274.6935135135135,9.833783783783783,74
2023-04-01,Maize White Grain,285.03824324324324,9.832432432432432,74
2023-05-01,Maize White Grain,306.3298648648649,9.827027027027025,74
2023-06-01,Maize White Grain,351.4877027027027,9.833783783783783,74
2023-07-01,Maize White Grain,402.04972972972973,9.840540540540541,74
2023-08-01,Maize White Grain,459.3954054054054,9.860810810810811,74
2023-09-01,Maize White Grain,472.17013513513507,9.874324324324325,74
2023-10-01,Maize White Grain,444.31067567567567,9.871621621621621,74
2023-11-01,Maize White Grain,442.60472972972974,9.872972972972974,74
2023-12-01,Maize White Grain,469.5905405405405,9.874324324324323,74
2024-01-01,Maize White Grain,524.6922972972974,9.877027027027026,74
2024-02-01,Maize White Grain,603.6918918918918,9.877027027027026,74
2024-03-01,Maize White Grain,654.4355405405406,9.875675675675675,74
2024-04-01,Maize White Grain,681.3732432432432,9.871621621621621,74
2024-05-01,Maize White Grain,747.4881081081081,9.867567567567567,74
2024-06-01,Maize White Grain,878.9437837837837,9.866216216216216,74
2024-07-01,Maize White Grain,900.3497297297298,9.863513513513514,74
2024-08-01,Maize White Grain,934.5604054054054,9.863513513513514,74
2024-09-01,Maize White Grain,953.9818918918919,9.864864864864865,74
2024-10-01,Maize White Grain,919.9212162162162,9.866216216216216,74
2024-11-01,Maize White Grain,900.2586486486487,9.87027027027027,74
2024-12-01,Maize White Grain,861.6177027027027,9.878378378378379,74
2007-01-01,Onions Fresh,31.76702702702703,9.225675675675674,74
2007-02-01,Onions Fresh,32.278243243243246,9.225675675675674,74
2007-03-01,Onions Fresh,31.41608108108108,9.225675675675674,74
2007-04-01,Onions Fresh,31.9222972972973,9.225675675675674,74
2007-05-01,Onions Fresh,32.33148648648649,9.225675675675674,74
2007-06-01,Onions Fresh,33.01486486486486,9.225675675675674,74
2007-07-01,Onions Fresh,32.79675675675676,9.225675675675674,74
2007-08-01,Onions Fresh,32.53648648648648,9.225675675675674,74
2007-09-01,Onions Fresh,32.464729729729726,9.225675675675674,74
2007-10-01,Onions Fresh,33.3822972972973,9.225675675675674,74
2007-11-01,Onions Fresh,32.84324324324324,9.225675675675674,74
2007-12-01,Onions Fresh,33.491081081081084,9.225675675675674,74
2008-01-01,Onions Fresh,35.317972972972974,9.225675675675674,74
2008-02-01,Onions Fresh,36.00743243243244,9.225675675675674,74
2008-03-01,Onions Fresh,36.78567567567568,9.225675675675674,74
2008-04-01,Onions Fresh,37.80918918918919,9.225675675675674,74
2008-05-01,Onions Fresh,39.26891891891892,9.225675675675674,74
2008-06-01,Onions Fresh,40.68405405405405,9.225675675675674,74
2008-07-01,Onions Fresh,41.01945945945946,9.225675675675674,74
2008-08-01,Onions Fresh,42.57013513513514,9.225675675675674,74
2008-09-01,Onions Fresh,38.939054054054054,9.225675675675674,74
2008-10-01,Onions Fresh,38.72621621621622,9.225675675675674,74
2008-11-01,Onions Fresh,34.924594594594595,9.225675675675674,74
2008-12-01,Onions Fresh,34.45594594594594,9.225675675675674,74
2009-01-01,Onions Fresh,38.42175675675676,9.225675675675674,74
2009-02-01,Onions Fresh,38.50013513513514,9.225675675675674,74
2009-03-01,Onions Fresh,38.47662162162162,9.225675675675674,74
2009-04-01,Onions Fresh,39.082702702702704,9.225675675675674,74
2009-05-01,Onions Fresh,37.593648648648646,9.228378378378379,74
2009-06-01,Onions Fresh,40.70486486486486,9.22972972972973,74
2009-07-01,Onions Fresh,43.82797297297297,9.232432432432432,74
2009-08-01,Onions Fresh,42.829459459459464,9.232432432432432,74
2009-09-01,Onions Fresh,40.656486486486486,9.232432432432432,74
2009-10-01,Onions Fresh,39.18837837837838,9.232432432432432,74
2009-11-01,Onions Fresh,37.95391891891892,9.232432432432432,74
2009-12-01,Onions Fresh,38.259324324324325,9.232432432432432,74
2010-01-01,Onions Fresh,38.986756756756755,9.235135135135135,74
2010-02-01,Onions Fresh,38.93162162162162,9.236486486486486,74
2010-03-01,Onions Fresh,38.36040540540541,9.236486486486486,74
2010-04-01,Onions Fresh,37.991216216216216,9.237837837837837,74
2010-05-01,Onions Fresh,39.19081081081081,9.237837837837837,74
2010-06-01,Onions Fresh,38.39581081081081,9.237837837837837,74
2010-07-01,Onions Fresh,37.848243243243246,9.237837837837837,74
2010-08-01,Onions Fresh,37.244054054054054,9.237837837837837,74
2010-09-01,Onions Fresh,38.321216216216214,9.239189189189188,74
2010-10-01,Onions Fresh,37.335945945945944,9.24189189189189,74
2010-11-01,Onions Fresh,37.50027027027027,9.24189189189189,74
2010-12-01,Onions Fresh,37.74635135135135,9.244594594594593,74
2011-01-01,Onions Fresh,38.20364864864865,9.243243243243244,74
2011-02-01,Onions Fresh,38.178918918918924,9.243243243243244,74
2011-03-01,Onions Fresh,38.23554054054054,9.244594594594593,74
2011-04-01,Onions Fresh,39.13986486486486,9.244594594594593,74
2011-05-01,Onions Fresh,39.34243243243243,9.245945945945945,74
2011-06-01,Onions Fresh,39.597297297297295,9.245945945945945,74
2011-07-01,Onions Fresh,40.81445945945946,9.245945945945945,74
2011-08-01,Onions Fresh,40.08135135135135,9.245945945945945,74
2011-09-01,Onions Fresh,39.16162162162162,9.245945945945945,74
2011-10-01,Onions Fresh,40.365675675675675,9.245945945945945,74
2011-11-01,Onions Fresh,39.5927027027027,9.245945945945945,74
2011-12-01,Onions Fresh,42.30797297297297,9.244594594594593,74
2012-01-01,Onions Fresh,40.19810810810811,9.244594594594593,74
2012-02-01,Onions Fresh,42.18648648648649,9.243243243243244,74
2012-03-01,Onions Fresh,42.653513513513516,9.243243243243244,74
2012-04-01,Onions Fresh,42.7122972972973,9.247297297297298,74
2012-05-01,Onions Fresh,43.74743243243243,9.25,74
2012-06-01,Onions Fresh,44.19472972972973,9.252702702702702,74
2012-07-01,Onions Fresh,45.18486486486486,9.252702702702702,74
2012-08-01,Onions Fresh,45.98608108108108,9.256756756756756,74
2012-09-01,Onions Fresh,47.39472972972973,9.256756756756756,74
2012-10-01,Onions Fresh,46.01121621621621,9.259459459459459,74
2012-11-01,Onions Fresh,44.965675675675676,9.259459459459459,74
2012-12-01,Onions Fresh,44.48418918918919,9.263513513513514,74
2013-01-01,Onions Fresh,44.52662162162162,9.264864864864863,74
2013-02-01,Onions Fresh,45.493648648648644,9.27027027027027,74
2013-03-01,Onions Fresh,47.04608108108108,9.27027027027027,74
2013-04-01,Onions Fresh,49.73054054054054,9.27027027027027,74
2013-05-01,Onions Fresh,50.032162162162166,9.27027027027027,74
2013-06-01,Onions Fresh,51.516891891891895,9.27027027027027,74
2013-07-01,Onions Fresh,52.44797297297298,9.27027027027027,74
2013-08-01,Onions Fresh,56.25527027027027,9.268918918918919,74
2013-09-01,Onions Fresh,58.45148648648649,9.268918918918919,74
2013-10-01,Onions Fresh,58.11689189189189,9.267567567567568,74
2013-11-01,Onions Fresh,52.961486486486486,9.267567567567568,74
2013-12-01,Onions Fresh,51.354594594594595,9.266216216216215,74
2014-01-01,Onions Fresh,45.55216216216216,9.266216216216215,74
2014-02-01,Onions Fresh,45.26094594594595,9.266216216216215,74
2014-03-01,Onions Fresh,46.62081081081081,9.266216216216215,74
2014-04-01,Onions Fresh,45.39716216216216,9.266216216216215,74
2014-05-01,Onions Fresh,46.47891891891892,9.263513513513514,74
2014-06-01,Onions Fresh,47.197432432432436,9.258108108108107,74
2014-07-01,Onions Fresh,49.34891891891892,9.268918918918919,74
2014-08-01,Onions Fresh,48.600405405405404,9.27027027027027,74
2014-09-01,Onions Fresh,47.92527027027027,9.27027027027027,74
2014-10-01,Onions Fresh,48.08554054054054,9.27162162162162,74
2014-11-01,Onions Fresh,47.33581081081081,9.272972972972973,74
2014-12-01,Onions Fresh,46.756621621621626,9.275675675675675,74
2015-01-01,Onions Fresh,43.85,9.282432432432433,74
2015-02-01,Onions Fresh,43.65162162162162,9.282432432432433,74
2015-03-01,Onions Fresh,45.170405405405404,9.285135135135135,74
2015-04-01,Onions Fresh,44.17243243243244,9.285135135135135,74
2015-05-01,Onions Fresh,44.7654054054054,9.291891891891892,74
2015-06-01,Onions Fresh,45.762297297297295,9.293243243243243,74
2015-07-01,Onions Fresh,47.641756756756756,9.293243243243243,74
2015-08-01,Onions Fresh,48.52405405405405,9.293243243243243,74
2015-09-01,Onions Fresh,47.865,9.293243243243243,74
2015-10-01,Onions Fresh,50.47337837837838,9.293243243243243,74
2015-11-01,Onions Fresh,49.674594594594595,9.294594594594594,74
2015-12-01,Onions Fresh,51.39256756756757,9.295945945945945,74
2016-01-01,Onions Fresh,54.46351351351352,9.297297297297296,74
2016-02-01,Onions Fresh,58.45918918918918,9.295945945945945,74
2016-03-01,Onions Fresh,61.65878378378378,9.295945945945945,74
2016-04-01,Onions Fresh,64.12378378378378,9.295945945945945,74
2016-05-01,Onions Fresh,73.73445945945946,9.294594594594594,74
2016-06-01,Onions Fresh,85.73216216216217,9.304054054054054,74
2016-07-01,Onions Fresh,68.30905405405406,9.313513513513513,74
2016-08-01,Onions Fresh,69.44540540540541,9.316216216216215,74
2016-09-01,Onions Fresh,72.49472972972973,9.322972972972973,74
2016-10-01,Onions Fresh,74.74905405405406,9.32972972972973,74
2016-11-01,Onions Fresh,73.70162162162163,9.332432432432432,74
2016-12-01,Onions Fresh,81.23013513513513,9.347297297297297,74
2017-01-01,Onions Fresh,80.19337837837838,9.37027027027027,74
2017-02-01,Onions Fresh,83.3304054054054,9.389189189189189,74
2017-03-01,Onions Fresh,83.3162162162162,9.41081081081081,74
2017-04-01,Onions Fresh,90.48810810810811,9.422972972972973,74
2017-05-01,Onions Fresh,89.90527027027026,9.444594594594594,74
2017-06-01,Onions Fresh,86.3022972972973,9.445945945945946,74
2017-07-01,Onions Fresh,94.5604054054054,9.466216216216216,74
2017-08-01,Onions Fresh,96.72770270270271,9.472972972972974,74
2017-09-01,Onions Fresh,97.49918918918918,9.487837837837839,74
2017-10-01,Onions Fresh,111.72000000000001,9.501351351351351,74
2017-11-01,Onions Fresh,121.00905405405406,9.51081081081081,74
2017-12-01,Onions Fresh,110.79675675675675,9.512162162162161,74
2018-01-01,Onions Fresh,107.61013513513512,9.512162162162161,74
2018-02-01,Onions Fresh,97.51108108108107,9.513513513513514,74
2018-03-01,Onions Fresh,96.8014864864865,9.513513513513514,74
2018-04-01,Onions Fresh,102.15675675675676,9.513513513513514,74
2018-05-01,Onions Fresh,103.18283783783784,9.513513513513514,74
2018-06-01,Onions Fresh,103.73662162162162,9.516216216216216,74
2018-07-01,Onions Fresh,101.81743243243243,9.516216216216216,74
2018-08-01,Onions Fresh,110.56729729729729,9.514864864864865,74
2018-09-01,Onions Fresh,106.87364864864864,9.514864864864865,74
2018-10-01,Onions Fresh,104.72918918918919,9.516216216216216,74
2018-11-01,Onions Fresh,112.41337837837838,9.517567567567568,74
2018-12-01,Onions Fresh,113.1166216216216,9.518918918918919,74
2019-01-01,Onions Fresh,107.73675675675675,9.518918918918919,74
2019-02-01,Onions Fresh,105.53283783783785,9.522972972972974,74
2019-03-01,Onions Fresh,103.06324324324325,9.522972972972974,74
2019-04-01,Onions Fresh,103.30972972972972,9.521621621621621,74
2019-05-01,Onions Fresh,94.20297297297297,9.521621621621621,74
2019-06-01,Onions Fresh,89.86648648648648,9.527027027027026,74
2019-07-01,Onions Fresh,92.56162162162163,9.527027027027026,74
2019-08-01,Onions Fresh,89.96432432432432,9.527027027027026,74
2019-09-01,Onions Fresh,85.68716216216217,9.527027027027026,74
2019-10-01,Onions Fresh,88.22081081081082,9.52837837837838,74
2019-11-01,Onions Fresh,88.7018918918919,9.52837837837838,74
2019-12-01,Onions Fresh,91.62297297297297,9.52837837837838,74
2020-01-01,Onions Fresh,98.92959459459459,9.52837837837838,74
2020-02-01,Onions Fresh,99.93716216216217,9.52837837837838,74
2020-03-01,Onions Fresh,100.45297297297297,9.52837837837838,74
2020-04-01,Onions Fresh,98.78716216216216,9.522972972972974,74
2020-05-01,Onions Fresh,95.14581081081081,9.527027027027026,74
2020-06-01,Onions Fresh,94.55297297297298,9.527027027027026,74
2020-07-01,Onions Fresh,104.21743243243243,9.522972972972973,74
2020-08-01,Onions Fresh,105.11837837837838,9.522972972972973,74
2020-09-01,Onions Fresh,101.8222972972973,9.522972972972973,74
2020-10-01,Onions Fresh,93.03851351351352,9.522972972972973,74
2020-11-01,Onions Fresh,106.26864864864865,9.52027027027027,74
2020-12-01,Onions Fresh,110.61648648648648,9.52027027027027,74
2021-01-01,Onions Fresh,110.03662162162162,9.52027027027027,74
2021-02-01,Onions Fresh,108.59364864864865,9.518918918918919,74
2021-03-01,Onions Fresh,110.3727027027027,9.52837837837838,74
2021-04-01,Onions Fresh,108.26216216216216,9.52837837837838,74
2021-05-01,Onions Fresh,113.36094594594596,9.52972972972973,74
2021-06-01,Onions Fresh,118.92216216216215,9.52972972972973,74
2021-07-01,Onions Fresh,124.76121621621621,9.533783783783784,74
2021-08-01,Onions Fresh,123.70932432432433,9.53108108108108,74
2021-09-01,Onions Fresh,127.97270270270269,9.53108108108108,74
2021-10-01,Onions Fresh,123.06054054054053,9.529729729729729,74
2021-11-01,Onions Fresh,126.47756756756758,9.52837837837838,74
2021-12-01,Onions Fresh,122.49648648648649,9.529729729729729,74
2022-01-01,Onions Fresh,126.36513513513515,9.527027027027026,74
2022-02-01,Onions Fresh,130.07418918918918,9.527027027027026,74
2022-03-01,Onions Fresh,129.7422972972973,9.524324324324324,74
2022-04-01,Onions Fresh,118.9581081081081,9.522972972972974,74
2022-05-01,Onions Fresh,129.91513513513513,9.52027027027027,74
2022-06-01,Onions Fresh,129.16932432432432,9.518918918918919,74
2022-07-01,Onions Fresh,132.09905405405405,9.513513513513514,74
2022-08-01,Onions Fresh,130.92418918918918,9.497297297297298,74
2022-09-01,Onions Fresh,134.50500000000002,9.497297297297298,74
2022-10-01,Onions Fresh,138.88445945945946,9.49189189189189,74
2022-11-01,Onions Fresh,135.0245945945946,9.475675675675674,74
2022-12-01,Onions Fresh,129.09216216216217,9.475675675675674,74
2023-01-01,Onions Fresh,129.6281081081081,9.455405405405404,74
2023-02-01,Onions Fresh,129.02783783783784,9.455405405405404,74
2023-03-01,Onions Fresh,128.4406756756757,9.454054054054055,74
2023-04-01,Onions Fresh,121.2141891891892,9.45135135135135,74
2023-05-01,Onions Fresh,123.57108108108109,9.437837837837838,74
2023-06-01,Onions Fresh,138.42391891891893,9.475675675675676,74
2023-07-01,Onions Fresh,165.99364864864864,9.497297297297298,74
2023-08-01,Onions Fresh,182.6941891891892,9.514864864864865,74
2023-09-01,Onions Fresh,182.065,9.518918918918919,74
2023-10-01,Onions Fresh,191.70662162162162,9.53918918918919,74
2023-11-01,Onions Fresh,204.5641891891892,9.547297297297296,74
2023-12-01,Onions Fresh,217.57337837837838,9.558108108108108,74
2024-01-01,Onions Fresh,248.60581081081082,9.56081081081081,74
2024-02-01,Onions Fresh,219.78675675675674,9.556756756756755,74
2024-03-01,Onions Fresh,228.5991891891892,9.562162162162162,74
2024-04-01,Onions Fresh,247.46364864864867,9.562162162162162,74
2024-05-01,Onions Fresh,278.73094594594596,9.558108108108108,74
2024-06-01,Onions Fresh,313.6621621621622,9.55135135135135,74
2024-07-01,Onions Fresh,322.35162162162163,9.537837837837838,74
2024-08-01,Onions Fresh,345.0318918918919,9.525675675675675,74
2024-09-01,Onions Fresh,348.4893243243243,9.535135135135135,74
2024-10-01,Onions Fresh,365.7175675675675,9.54054054054054,74
2024-11-01,Onions Fresh,369.715,9.533783783783784,74
2024-12-01,Onions Fresh,387.5897297297297,9.552702702702703,74
2007-01-01,Rice Long-Grain Imported,109.9427027027027,9.50945945945946,74
2007-02-01,Rice Long-Grain Imported,110.92148648648649,9.50945945945946,74
2007-03-01,Rice Long-Grain Imported,107.00756756756758,9.50945945945946,74
2007-04-01,Rice Long-Grain Imported,108.19824324324324,9.50945945945946,74
2007-05-01,Rice Long-Grain Imported,109.64243243243243,9.50945945945946,74
2007-06-01,Rice Long-Grain Imported,111.39121621621622,9.50945945945946,74
2007-07-01,Rice Long-Grain Imported,109.67675675675676,9.50945945945946,74
2007-08-01,Rice Long-Grain Imported,108.70945945945945,9.50945945945946,74
2007-09-01,Rice Long-Grain Imported,107.6464864864865,9.50945945945946,74
2007-10-01,Rice Long-Grain Imported,110.02283783783783,9.50945945945946,74
2007-11-01,Rice Long-Grain Imported,107.49189189189188,9.50945945945946,74
2007-12-01,Rice Long-Grain Imported,108.91581081081081,9.50945945945946,74
2008-01-01,Rice Long-Grain Imported,115.37108108108109,9.50945945945946,74
2008-02-01,Rice Long-Grain Imported,116.9391891891892,9.50945945945946,74
2008-03-01,Rice Long-Grain Imported,118.3231081081081,9.50945945945946,74
2008-04-01,Rice Long-Grain Imported,122.12837837837837,9.50945945945946,74
2008-05-01,Rice Long-Grain Imported,127.79121621621621,9.50945945945946,74
2008-06-01,Rice Long-Grain Imported,132.1591891891892,9.50945945945946,74
2008-07-01,Rice Long-Grain Imported,133.2,9.50945945945946,74
2008-08-01,Rice Long-Grain Imported,141.38202702702702,9.50945945945946,74
2008-09-01,Rice Long-Grain Imported,133.34621621621622,9.50945945945946,74
2008-10-01,Rice Long-Grain Imported,131.147027027027,9.50945945945946,74
2008-11-01,Rice Long-Grain Imported,120.62459459459458,9.50945945945946,74
2008-12-01,Rice Long-Grain Imported,120.61486486486487,9.50945945945946,74
2009-01-01,Rice Long-Grain Imported,140.21824324324325,9.50945945945946,74
2009-02-01,Rice Long-Grain Imported,136.25013513513514,9.50945945945946,74
2009-03-01,Rice Long-Grain Imported,142.8993243243243,9.50945945945946,74
2009-04-01,Rice Long-Grain Imported,145.64000000000001,9.50945945945946,74
2009-05-01,Rice Long-Grain Imported,142.07486486486488,9.50945945945946,74
2009-06-01,Rice Long-Grain Imported,153.91513513513513,9.51081081081081,74
2009-07-01,Rice Long-Grain Imported,165.54432432432432,9.51081081081081,74
2009-08-01,Rice Long-Grain Imported,162.98675675675676,9.512162162162161,74
2009-09-01,Rice Long-Grain Imported,153.72459459459458,9.512162162162161,74
2009-10-01,Rice Long-Grain Imported,146.9754054054054,9.512162162162161,74
2009-11-01,Rice Long-Grain Imported,142.78054054054056,9.512162162162161,74
2009-12-01,Rice Long-Grain Imported,143.06432432432433,9.512162162162161,74
2010-01-01,Rice Long-Grain Imported,143.17594594594595,9.512162162162161,74
2010-02-01,Rice Long-Grain Imported,146.62986486486489,9.512162162162161,74
2010-03-01,Rice Long-Grain Imported,144.075,9.513513513513514,74
2010-04-01,Rice Long-Grain Imported,143.61364864864865,9.514864864864865,74
2010-05-01,Rice Long-Grain Imported,145.51391891891893,9.514864864864865,74
2010-06-01,Rice Long-Grain Imported,143.04905405405407,9.514864864864865,74
2010-07-01,Rice Long-Grain Imported,140.31986486486485,9.514864864864865,74
2010-08-01,Rice Long-Grain Imported,139.02851351351353,9.514864864864865,74
2010-09-01,Rice Long-Grain Imported,143.4439189189189,9.516216216216216,74
2010-10-01,Rice Long-Grain Imported,140.30202702702704,9.516216216216216,74
2010-11-01,Rice Long-Grain Imported,139.45027027027027,9.518918918918919,74
2010-12-01,Rice Long-Grain Imported,140.18567567567567,9.518918918918919,74
2011-01-01,Rice Long-Grain Imported,140.7377027027027,9.518918918918919,74
2011-02-01,Rice Long-Grain Imported,141.1616216216216,9.518918918918919,74
2011-03-01,Rice Long-Grain Imported,140.3554054054054,9.518918918918919,74
2011-04-01,Rice Long-Grain Imported,140.73189189189188,9.52027027027027,74
2011-05-01,Rice Long-Grain Imported,143.1458108108108,9.52027027027027,74
2011-06-01,Rice Long-Grain Imported,145.42283783783782,9.52027027027027,74
2011-07-01,Rice Long-Grain Imported,146.41364864864866,9.52027027027027,74
2011-08-01,Rice Long-Grain Imported,148.11486486486487,9.52027027027027,74
2011-09-01,Rice Long-Grain Imported,143.62554054054056,9.52027027027027,74
2011-10-01,Rice Long-Grain Imported,149.54364864864866,9.52027027027027,74
2011-11-01,Rice Long-Grain Imported,146.61283783783784,9.52027027027027,74
2011-12-01,Rice Long-Grain Imported,158.04972972972973,9.52027027027027,74
2012-01-01,Rice Long-Grain Imported,149.1112162162162,9.518918918918919,74
2012-02-01,Rice Long-Grain Imported,157.25391891891894,9.518918918918919,74
2012-03-01,Rice Long-Grain Imported,159.34324324324325,9.517567567567568,74
2012-04-01,Rice Long-Grain Imported,161.63054054054055,9.517567567567568,74
2012-05-01,Rice Long-Grain Imported,167.01405405405407,9.518918918918919,74
2012-06-01,Rice Long-Grain Imported,167.56905405405405,9.521621621621621,74
2012-07-01,Rice Long-Grain Imported,170.71770270270272,9.521621621621621,74
2012-08-01,Rice Long-Grain Imported,174.87391891891892,9.527027027027026,74
2012-09-01,Rice Long-Grain Imported,180.34391891891892,9.527027027027026,74
2012-10-01,Rice Long-Grain Imported,175.52662162162162,9.527027027027026,74
2012-11-01,Rice Long-Grain Imported,169.72135135135133,9.52837837837838,74
2012-12-01,Rice Long-Grain Imported,166.54635135135135,9.53108108108108,74
2013-01-01,Rice Long-Grain Imported,167.38013513513513,9.532432432432433,74
2013-02-01,Rice Long-Grain Imported,171.33472972972973,9.532432432432433,74
2013-03-01,Rice Long-Grain Imported,179.55216216216218,9.533783783783784,74
2013-04-01,Rice Long-Grain Imported,190.44405405405405,9.533783783783784,74
2013-05-01,Rice Long-Grain Imported,188.8847297297297,9.533783783783784,74
2013-06-01,Rice Long-Grain Imported,195.12905405405405,9.533783783783784,74
2013-07-01,Rice Long-Grain Imported,201.56756756756758,9.532432432432433,74
2013-08-01,Rice Long-Grain Imported,213.2727027027027,9.532432432432433,74
2013-09-01,Rice Long-Grain Imported,218.9945945945946,9.532432432432433,74
2013-10-01,Rice Long-Grain Imported,218.78472972972972,9.532432432432433,74
2013-11-01,Rice Long-Grain Imported,199.56824324324324,9.53108108108108,74
2013-12-01,Rice Long-Grain Imported,194.41472972972974,9.53108108108108,74
2014-01-01,Rice Long-Grain Imported,176.0264864864865,9.53108108108108,74
2014-02-01,Rice Long-Grain Imported,172.1641891891892,9.53108108108108,74
2014-03-01,Rice Long-Grain Imported,176.18756756756756,9.53108108108108,74
2014-04-01,Rice Long-Grain Imported,173.18364864864864,9.53108108108108,74
2014-05-01,Rice Long-Grain Imported,177.11743243243245,9.53108108108108,74
2014-06-01,Rice Long-Grain Imported,178.7947297297297,9.52972972972973,74
2014-07-01,Rice Long-Grain Imported,182.192972972973,9.541891891891892,74
2014-08-01,Rice Long-Grain Imported,181.4927027027027,9.57027027027027,74
2014-09-01,Rice Long-Grain Imported,182.22945945945946,9.58108108108108,74
2014-10-01,Rice Long-Grain Imported,184.46391891891892,9.586486486486486,74
2014-11-01,Rice Long-Grain Imported,188.34486486486486,9.594594594594595,74
2014-12-01,Rice Long-Grain Imported,189.85013513513513,9.595945945945946,74
2015-01-01,Rice Long-Grain Imported,178.94540540540538,9.6,74
2015-02-01,Rice Long-Grain Imported,175.36108108108107,9.608108108108109,74
2015-03-01,Rice Long-Grain Imported,181.80472972972973,9.61216216216216,74
2015-04-01,Rice Long-Grain Imported,177.6593243243243,9.616216216216216,74
2015-05-01,Rice Long-Grain Imported,180.52486486486487,9.617567567567567,74
2015-06-01,Rice Long-Grain Imported,181.93378378378378,9.618918918918919,74
2015-07-01,Rice Long-Grain Imported,188.0862162162162,9.618918918918919,74
2015-08-01,Rice Long-Grain Imported,190.90202702702703,9.618918918918919,74
2015-09-01,Rice Long-Grain Imported,189.13513513513513,9.618918918918919,74
2015-10-01,Rice Long-Grain Imported,198.87905405405405,9.621621621621621,74
2015-11-01,Rice Long-Grain Imported,197.63283783783783,9.622972972972974,74
2015-12-01,Rice Long-Grain Imported,204.27378378378378,9.624324324324325,74
2016-01-01,Rice Long-Grain Imported,218.21256756756756,9.627027027027026,74
2016-02-01,Rice Long-Grain Imported,235.68013513513512,9.627027027027026,74
2016-03-01,Rice Long-Grain Imported,251.95162162162165,9.627027027027026,74
2016-04-01,Rice Long-Grain Imported,258.6904054054054,9.627027027027026,74
2016-05-01,Rice Long-Grain Imported,300.71702702702703,9.627027027027026,74
2016-06-01,Rice Long-Grain Imported,334.07702702702704,9.63783783783784,74
2016-07-01,Rice Long-Grain Imported,332.75094594594594,9.645945945945945,74
2016-08-01,Rice Long-Grain Imported,367.587972972973,9.652702702702703,74
2016-09-01,Rice Long-Grain Imported,377.86986486486484,9.65810810810811,74
2016-10-01,Rice Long-Grain Imported,379.07594594594593,9.664864864864866,74
2016-11-01,Rice Long-Grain Imported,387.9295945945946,9.667567567567568,74
2016-12-01,Rice Long-Grain Imported,389.59027027027025,9.685135135135136,74
2017-01-01,Rice Long-Grain Imported,390.52,9.686486486486485,74
2017-02-01,Rice Long-Grain Imported,395.1963513513513,9.697297297297297,74
2017-03-01,Rice Long-Grain Imported,393.0958108108108,9.716216216216216,74
2017-04-01,Rice Long-Grain Imported,392.22986486486485,9.727027027027026,74
2017-05-01,Rice Long-Grain Imported,387.60175675675674,9.72972972972973,74
2017-06-01,Rice Long-Grain Imported,391.69743243243244,9.74054054054054,74
2017-07-01,Rice Long-Grain Imported,395.9401351351351,9.748648648648649,74
2017-08-01,Rice Long-Grain Imported,401.35121621621624,9.75,74
2017-09-01,Rice Long-Grain Imported,396.14418918918915,9.752702702702702,74
2017-10-01,Rice Long-Grain Imported,384.96000000000004,9.755405405405405,74
2017-11-01,Rice Long-Grain Imported,375.6795945945946,9.766216216216216,74
2017-12-01,Rice Long-Grain Imported,374.69094594594594,9.767567567567568,74
2018-01-01,Rice Long-Grain Imported,369.36986486486484,9.766216216216216,74
2018-02-01,Rice Long-Grain Imported,369.29175675675674,9.767567567567568,74
2018-03-01,Rice Long-Grain Imported,367.7531081081081,9.767567567567568,74
2018-04-01,Rice Long-Grain Imported,364.48540540540546,9.767567567567568,74
2018-05-01,Rice Long-Grain Imported,367.6098648648649,9.764864864864865,74
2018-06-01,Rice Long-Grain Imported,369.8602702702703,9.763513513513514,74
2018-07-01,Rice Long-Grain Imported,369.63391891891894,9.76081081081081,74
2018-08-01,Rice Long-Grain Imported,365.75202702702705,9.75945945945946,74
2018-09-01,Rice Long-Grain Imported,370.0583783783784,9.75945945945946,74
2018-10-01,Rice Long-Grain Imported,376.3218918918919,9.75945945945946,74
2018-11-01,Rice Long-Grain Imported,372.102027027027,9.75945945945946,74
2018-12-01,Rice Long-Grain Imported,368.08,9.75945945945946,74
2019-01-01,Rice Long-Grain Imported,362.64864864864865,9.75945945945946,74
2019-02-01,Rice Long-Grain Imported,359.2063513513514,9.75945945945946,74
2019-03-01,Rice Long-Grain Imported,360.2108108108108,9.75945945945946,74
2019-04-01,Rice Long-Grain Imported,366.6302702702703,9.75945945945946,74
2019-05-01,Rice Long-Grain Imported,372.9258108108108,9.75945945945946,74
2019-06-01,Rice Long-Grain Imported,372.40432432432436,9.75945945945946,74
2019-07-01,Rice Long-Grain Imported,366.8981081081081,9.75945945945946,74
2019-08-01,Rice Long-Grain Imported,369.4574324324324,9.75945945945946,74
2019-09-01,Rice Long-Grain Imported,381.9412162162162,9.75945945945946,74
2019-10-01,Rice Long-Grain Imported,399.13081081081083,9.75945945945946,74
2019-11-01,Rice Long-Grain Imported,415.74945945945944,9.75945945945946,74
2019-12-01,Rice Long-Grain Imported,422.9694594594594,9.75945945945946,74
2020-01-01,Rice Long-Grain Imported,440.7681081081081,9.75945945945946,74
2020-02-01,Rice Long-Grain Imported,438.7563513513514,9.75945945945946,74
2020-03-01,Rice Long-Grain Imported,441.642027027027,9.75945945945946,74
2020-04-01,Rice Long-Grain Imported,471.73797297297295,9.75945945945946,74
2020-05-01,Rice Long-Grain Imported,477.24499999999995,9.75945945945946,74
2020-06-01,Rice Long-Grain Imported,484.30918918918917,9.75945945945946,74
2020-07-01,Rice Long-Grain Imported,516.2672972972973,9.75945945945946,74
2020-08-01,Rice Long-Grain Imported,558.6660810810811,9.75945945945946,74
2020-09-01,Rice Long-Grain Imported,574.2286486486486,9.75945945945946,74
2020-10-01,Rice Long-Grain Imported,584.701081081081,9.75945945945946,74
2020-11-01,Rice Long-Grain Imported,576.6263513513513,9.75945945945946,74
2020-12-01,Rice Long-Grain Imported,572.107027027027,9.75945945945946,74
2021-01-01,Rice Long-Grain Imported,555.2566216216215,9.75945945945946,74
2021-02-01,Rice Long-Grain Imported,547.1217567567568,9.75945945945946,74
2021-03-01,Rice Long-Grain Imported,551.9145945945946,9.76081081081081,74
2021-04-01,Rice Long-Grain Imported,536.8625675675676,9.763513513513514,74
2021-05-01,Rice Long-Grain Imported,541.314054054054,9.764864864864865,74
2021-06-01,Rice Long-Grain Imported,549.6948648648648,9.766216216216216,74
2021-07-01,Rice Long-Grain Imported,554.4547297297297,9.766216216216216,74
2021-08-01,Rice Long-Grain Imported,550.3578378378379,9.766216216216216,74
2021-09-01,Rice Long-Grain Imported,550.5935135135135,9.766216216216216,74
2021-10-01,Rice Long-Grain Imported,563.1755405405405,9.766216216216216,74
2021-11-01,Rice Long-Grain Imported,585.1420270270271,9.766216216216216,74
2021-12-01,Rice Long-Grain Imported,584.3922972972973,9.763513513513514,74
2022-01-01,Rice Long-Grain Imported,577.87,9.763513513513514,74
2022-02-01,Rice Long-Grain Imported,586.9539189189188,9.76081081081081,74
2022-03-01,Rice Long-Grain Imported,589.2964864864865,9.75810810810811,74
2022-04-01,Rice Long-Grain Imported,592.592027027027,9.755405405405405,74
2022-05-01,Rice Long-Grain Imported,603.5636486486486,9.752702702702702,74
2022-06-01,Rice Long-Grain Imported,625.3766216216217,9.752702702702702,74
2022-07-01,Rice Long-Grain Imported,641.6850000000001,9.752702702702702,74
2022-08-01,Rice Long-Grain Imported,660.2005405405405,9.752702702702702,74
2022-09-01,Rice Long-Grain Imported,685.6201351351351,9.752702702702702,74
2022-10-01,Rice Long-Grain Imported,727.4868918918919,9.752702702702702,74
2022-11-01,Rice Long-Grain Imported,752.1972972972973,9.75,74
2022-12-01,Rice Long-Grain Imported,772.7378378378378,9.732432432432432,74
2023-01-01,Rice Long-Grain Imported,784.7962162162162,9.728378378378379,74
2023-02-01,Rice Long-Grain Imported,824.8460810810811,9.727027027027026,74
2023-03-01,Rice Long-Grain Imported,827.8885135135135,9.725675675675676,74
2023-04-01,Rice Long-Grain Imported,808.9994594594594,9.72027027027027,74
2023-05-01,Rice Long-Grain Imported,795.9617567567567,9.713513513513515,74
2023-06-01,Rice Long-Grain Imported,838.485,9.745945945945946,74
2023-07-01,Rice Long-Grain Imported,923.7774324324324,9.774324324324324,74
2023-08-01,Rice Long-Grain Imported,984.5567567567567,9.797297297297296,74
2023-09-01,Rice Long-Grain Imported,1031.206891891892,9.813513513513515,74
2023-10-01,Rice Long-Grain Imported,1079.5018918918918,9.814864864864866,74
2023-11-01,Rice Long-Grain Imported,1136.1914864864864,9.813513513513515,74
2023-12-01,Rice Long-Grain Imported,1193.787162162162,9.787837837837838,74
2024-01-01,Rice Long-Grain Imported,1291.406891891892,9.775675675675675,74
2024-02-01,Rice Long-Grain Imported,1474.361756756757,9.77837837837838,74
2024-03-01,Rice Long-Grain Imported,1637.0967567567568,9.77837837837838,74
2024-04-01,Rice Long-Grain Imported,1685.7412162162163,9.774324324324324,74
2024-05-01,Rice Long-Grain Imported,1804.8466216216216,9.77027027027027,74
2024-06-01,Rice Long-Grain Imported,1963.4354054054054,9.75810810810811,74
2024-07-01,Rice Long-Grain Imported,2057.7587837837837,9.751351351351351,74
2024-08-01,Rice Long-Grain Imported,2164.02527027027,9.748648648648649,74
2024-09-01,Rice Long-Grain Imported,2255.2195945945946,9.756756756756756,74
2024-10-01,Rice Long-Grain Imported,2339.435,9.76081081081081,74
2024-11-01,Rice Long-Grain Imported,2360.205135135135,9.762162162162161,74
2024-12-01,Rice Long-Grain Imported,2400.9227027027027,9.774324324324326,74
2007-01-01,Yam Tuber,148.6722972972973,8.52837837837838,74
2007-02-01,Yam Tuber,155.2347297297297,8.52837837837838,74
2007-03-01,Yam Tuber,154.4658108108108,8.52837837837838,74
2007-04-01,Yam Tuber,158.02216216216215,8.52837837837838,74
2007-05-01,Yam Tuber,159.917972972973,8.52837837837838,74
2007-06-01,Yam Tuber,160.98635135135135,8.52837837837838,74
2007-07-01,Yam Tuber,163.07702702702704,8.52837837837838,74
2007-08-01,Yam Tuber,161.455,8.52837837837838,74
2007-09-01,Yam Tuber,162.05986486486486,8.52837837837838,74
2007-10-01,Yam Tuber,166.1118918918919,8.52837837837838,74
2007-11-01,Yam Tuber,164.832027027027,8.52837837837838,74
2007-12-01,Yam Tuber,169.57837837837837,8.52837837837838,74
2008-01-01,Yam Tuber,174.57216216216216,8.52837837837838,74
2008-02-01,Yam Tuber,178.8,8.52837837837838,74
2008-03-01,Yam Tuber,188.2764864864865,8.52837837837838,74
2008-04-01,Yam Tuber,191.30797297297298,8.52837837837838,74
2008-05-01,Yam Tuber,199.80378378378379,8.52837837837838,74
2008-06-01,Yam Tuber,212.1508108108108,8.52837837837838,74
2008-07-01,Yam Tuber,215.297027027027,8.52837837837838,74
2008-08-01,Yam Tuber,220.82094594594594,8.52837837837838,74
2008-09-01,Yam Tuber,185.59175675675678,8.52837837837838,74
2008-10-01,Yam Tuber,183.27716216216217,8.52837837837838,74
2008-11-01,Yam Tuber,151.80135135135134,8.52837837837838,74
2008-12-01,Yam Tuber,147.72864864864866,8.52837837837838,74
2009-01-01,Yam Tuber,185.69094594594594,8.52837837837838,74
2009-02-01,Yam Tuber,191.0195945945946,8.52837837837838,74
2009-03-01,Yam Tuber,181.54905405405407,8.52837837837838,74
2009-04-01,Yam Tuber,185.66959459459457,8.52837837837838,74
2009-05-01,Yam Tuber,163.44162162162164,8.53108108108108,74
2009-06-01,Yam Tuber,190.36716216216217,8.532432432432433,74
2009-07-01,Yam Tuber,223.15783783783783,8.535135135135135,74
2009-08-01,Yam Tuber,214.76756756756757,8.536486486486487,74
2009-09-01,Yam Tuber,193.84837837837838,8.536486486486487,74
2009-10-01,Yam Tuber,181.77783783783784,8.536486486486487,74
2009-11-01,Yam Tuber,169.84391891891892,8.536486486486487,74
2009-12-01,Yam Tuber,174.50202702702703,8.536486486486487,74
2010-01-01,Yam Tuber,184.32094594594594,8.53918918918919,74
2010-02-01,Yam Tuber,183.8827027027027,8.54054054054054,74
2010-03-01,Yam Tuber,177.35283783783785,8.541891891891892,74
2010-04-01,Yam Tuber,170.94013513513514,8.544594594594594,74
2010-05-01,Yam Tuber,177.3552702702703,8.544594594594594,74
2010-06-01,Yam Tuber,175.07270270270268,8.544594594594594,74
2010-07-01,Yam Tuber,171.53837837837838,8.544594594594594,74
2010-08-01,Yam Tuber,167.77405405405406,8.544594594594594,74
2010-09-01,Yam Tuber,174.9018918918919,8.547297297297296,74
2010-10-01,Yam Tuber,173.1568918918919,8.55135135135135,74
2010-11-01,Yam Tuber,174.3783783783784,8.554054054054054,74
2010-12-01,Yam Tuber,176.94364864864866,8.558108108108108,74
2011-01-01,Yam Tuber,179.70108108108107,8.558108108108108,74
2011-02-01,Yam Tuber,180.1872972972973,8.558108108108108,74
2011-03-01,Yam Tuber,183.7545945945946,8.55945945945946,74
2011-04-01,Yam Tuber,186.98756756756757,8.56081081081081,74
2011-05-01,Yam Tuber,187.10418918918919,8.562162162162162,74
2011-06-01,Yam Tuber,191.15054054054053,8.562162162162162,74
2011-07-01,Yam Tuber,199.37148648648648,8.563513513513515,74
2011-08-01,Yam Tuber,197.9085135135135,8.563513513513515,74
2011-09-01,Yam Tuber,189.22405405405405,8.563513513513515,74
2011-10-01,Yam Tuber,195.4683783783784,8.563513513513515,74
2011-11-01,Yam Tuber,186.15986486486486,8.562162162162162,74
2011-12-01,Yam Tuber,204.29743243243243,8.56081081081081,74
2012-01-01,Yam Tuber,190.69594594594594,8.55945945945946,74
2012-02-01,Yam Tuber,204.46472972972973,8.556756756756757,74
2012-03-01,Yam Tuber,209.19013513513514,8.554054054054054,74
2012-04-01,Yam Tuber,189.9664864864865,8.56081081081081,74
2012-05-01,Yam Tuber,191.63405405405405,8.564864864864864,74
2012-06-01,Yam Tuber,213.78932432432433,8.57162162162162,74
2012-07-01,Yam Tuber,227.7564864864865,8.575675675675676,74
2012-08-01,Yam Tuber,233.1662162162162,8.57972972972973,74
2012-09-01,Yam Tuber,245.14837837837837,8.585135135135134,74
2012-10-01,Yam Tuber,236.4787837837838,8.58918918918919,74
2012-11-01,Yam Tuber,224.18162162162162,8.594594594594595,74
2012-12-01,Yam Tuber,225.3281081081081,8.6,74
2013-01-01,Yam Tuber,222.32878378378382,8.606756756756756,74
2013-02-01,Yam Tuber,221.9041891891892,8.621621621621621,74
2013-03-01,Yam Tuber,229.15608108108108,8.628378378378379,74
2013-04-01,Yam Tuber,242.7277027027027,8.628378378378379,74
2013-05-01,Yam Tuber,249.48256756756754,8.628378378378379,74
2013-06-01,Yam Tuber,251.9298648648649,8.628378378378379,74
2013-07-01,Yam Tuber,253.417972972973,8.627027027027026,74
2013-08-01,Yam Tuber,272.6493243243243,8.624324324324325,74
2013-09-01,Yam Tuber,282.86797297297295,8.622972972972974,74
2013-10-01,Yam Tuber,278.0154054054054,8.621621621621621,74
2013-11-01,Yam Tuber,263.405945945946,8.62027027027027,74
2013-12-01,Yam Tuber,258.10972972972974,8.618918918918919,74
2014-01-01,Yam Tuber,216.49162162162162,8.617567567567567,74
2014-02-01,Yam Tuber,214.53635135135136,8.617567567567567,74
2014-03-01,Yam Tuber,223.8106756756757,8.617567567567567,74
2014-04-01,Yam Tuber,220.13554054054055,8.617567567567567,74
2014-05-01,Yam Tuber,228.23567567567565,8.60945945945946,74
2014-06-01,Yam Tuber,240.61540540540543,8.595945945945946,74
2014-07-01,Yam Tuber,262.05905405405406,8.597297297297297,74
2014-08-01,Yam Tuber,264.0110810810811,8.6,74
2014-09-01,Yam Tuber,261.045,8.602702702702704,74
2014-10-01,Yam Tuber,263.20324324324326,8.605405405405405,74
2014-11-01,Yam Tuber,262.74486486486484,8.608108108108109,74
2014-12-01,Yam Tuber,262.03000000000003,8.610810810810811,74
2015-01-01,Yam Tuber,244.77594594594598,8.62027027027027,74
2015-02-01,Yam Tuber,247.07540540540543,8.621621621621621,74
2015-03-01,Yam Tuber,267.36297297297295,8.621621621621621,74
2015-04-01,Yam Tuber,262.2871621621622,8.627027027027026,74
2015-05-01,Yam Tuber,270.9785135135135,8.641891891891891,74
2015-06-01,Yam Tuber,274.8739189189189,8.65,74
2015-07-01,Yam Tuber,295.4491891891892,8.65,74
2015-08-01,Yam Tuber,310.03662162162163,8.65,74
2015-09-01,Yam Tuber,296.7016216216216,8.651351351351352,74
2015-10-01,Yam Tuber,330.9706756756757,8.652702702702703,74
2015-11-01,Yam Tuber,322.33054054054054,8.654054054054054,74
2015-12-01,Yam Tuber,323.1116216216216,8.654054054054054,74
2016-01-01,Yam Tuber,323.2712162162162,8.655405405405405,74
2016-02-01,Yam Tuber,325.0522972972973,8.655405405405405,74
2016-03-01,Yam Tuber,315.5397297297297,8.655405405405405,74
2016-04-01,Yam Tuber,312.9590540540541,8.655405405405405,74
2016-05-01,Yam Tuber,323.73283783783785,8.655405405405405,74
2016-06-01,Yam Tuber,364.3318918918919,8.664864864864866,74
2016-07-01,Yam Tuber,354.8041891891892,8.674324324324324,74
2016-08-01,Yam Tuber,331.49743243243245,8.682432432432432,74
2016-09-01,Yam Tuber,290.9193243243243,8.69054054054054,74
2016-10-01,Yam Tuber,282.5,8.7,74
2016-11-01,Yam Tuber,295.8708108108108,8.704054054054055,74
2016-12-01,Yam Tuber,342.2135135135135,8.724324324324325,74
2017-01-01,Yam Tuber,329.2908108108108,8.747297297297298,74
2017-02-01,Yam Tuber,333.71999999999997,8.77837837837838,74
2017-03-01,Yam Tuber,379.5087837837838,8.802702702702703,74
2017-04-01,Yam Tuber,404.7633783783784,8.84189189189189,74
2017-05-01,Yam Tuber,421.8060810810811,8.872972972972974,74
2017-06-01,Yam Tuber,461.8895945945946,8.891891891891891,74
2017-07-01,Yam Tuber,490.7022972972973,8.913513513513514,74
2017-08-01,Yam Tuber,503.062972972973,8.927027027027027,74
2017-09-01,Yam Tuber,422.55135135135134,8.958108108108108,74
2017-10-01,Yam Tuber,409.67797297297295,8.981081081081081,74
2017-11-01,Yam Tuber,409.27405405405403,9.01081081081081,74
2017-12-01,Yam Tuber,399.4743243243243,9.021621621621621,74
2018-01-01,Yam Tuber,425.1618918918919,9.025675675675675,74
2018-02-01,Yam Tuber,409.18554054054056,9.027027027027026,74
2018-03-01,Yam Tuber,410.5695945945946,9.027027027027026,74
2018-04-01,Yam Tuber,459.7444594594595,9.027027027027026,74
2018-05-01,Yam Tuber,465.85108108108113,9.02837837837838,74
2018-06-01,Yam Tuber,464.8724324324324,9.02972972972973,74
2018-07-01,Yam Tuber,470.31945945945944,9.032432432432433,74
2018-08-01,Yam Tuber,469.1595945945946,9.032432432432433,74
2018-09-01,Yam Tuber,452.46364864864864,9.032432432432433,74
2018-10-01,Yam Tuber,511.67648648648645,9.033783783783784,74
2018-11-01,Yam Tuber,512.9122972972973,9.035135135135135,74
2018-12-01,Yam Tuber,489.8877027027027,9.037837837837838,74
2019-01-01,Yam Tuber,524.974054054054,9.03918918918919,74
2019-02-01,Yam Tuber,519.4444594594595,9.041891891891892,74
2019-03-01,Yam Tuber,531.8322972972974,9.043243243243245,74
2019-04-01,Yam Tuber,542.0036486486486,9.047297297297296,74
2019-05-01,Yam Tuber,546.9718918918919,9.047297297297296,74
2019-06-01,Yam Tuber,549.5590540540541,9.04864864864865,74
2019-07-01,Yam Tuber,564.7364864864865,9.04864864864865,74
2019-08-01,Yam Tuber,547.8648648648649,9.04864864864865,74
2019-09-01,Yam Tuber,527.8167567567568,9.04864864864865,74
2019-10-01,Yam Tuber,525.0321621621621,9.052702702702703,74
2019-11-01,Yam Tuber,519.7222972972972,9.054054054054054,74
2019-12-01,Yam Tuber,514.7877027027027,9.054054054054054,74
2020-01-01,Yam Tuber,526.1547297297296,9.056756756756757,74
2020-02-01,Yam Tuber,515.7904054054054,9.056756756756757,74
2020-03-01,Yam Tuber,552.0201351351351,9.05,74
2020-04-01,Yam Tuber,609.2974324324325,9.043243243243245,74
2020-05-01,Yam Tuber,655.9072972972973,9.043243243243245,74
2020-06-01,Yam Tuber,690.3401351351351,9.03918918918919,74
2020-07-01,Yam Tuber,685.7513513513513,9.03918918918919,74
2020-08-01,Yam Tuber,665.925945945946,9.03918918918919,74
2020-09-01,Yam Tuber,617.5287837837838,9.03918918918919,74
2020-10-01,Yam Tuber,593.7052702702703,9.04054054054054,74
2020-11-01,Yam Tuber,592.1763513513514,9.04054054054054,74
2020-12-01,Yam Tuber,618.191081081081,9.04054054054054,74
2021-01-01,Yam Tuber,657.0691891891893,9.04054054054054,74
2021-02-01,Yam Tuber,689.5075675675675,9.04054054054054,74
2021-03-01,Yam Tuber,720.2775675675675,9.05135135135135,74
2021-04-01,Yam Tuber,719.199054054054,9.052702702702703,74
2021-05-01,Yam Tuber,790.0474324324325,9.052702702702703,74
2021-06-01,Yam Tuber,853.0354054054054,9.052702702702703,74
2021-07-01,Yam Tuber,885.8108108108108,9.056756756756757,74
2021-08-01,Yam Tuber,892.581081081081,9.054054054054054,74
2021-09-01,Yam Tuber,837.2941891891892,9.05135135135135,74
2021-10-01,Yam Tuber,810.0643243243244,9.052702702702703,74
2021-11-01,Yam Tuber,807.2425675675676,9.05,74
2021-12-01,Yam Tuber,838.040945945946,9.047297297297296,74
2022-01-01,Yam Tuber,850.2763513513513,9.047297297297296,74
2022-02-01,Yam Tuber,863.375,9.044594594594594,74
2022-03-01,Yam Tuber,908.0767567567567,9.041891891891892,74
2022-04-01,Yam Tuber,910.0548648648648,9.047297297297296,74
2022-05-01,Yam Tuber,961.907837837838,9.044594594594594,74
2022-06-01,Yam Tuber,1009.2475675675677,9.036486486486487,74
2022-07-01,Yam Tuber,1018.1397297297297,9.014864864864865,74
2022-08-01,Yam Tuber,960.16,9.0,74
2022-09-01,Yam Tuber,943.1466216216216,8.981081081081081,74
2022-10-01,Yam Tuber,932.2744594594594,8.97162162162162,74
2022-11-01,Yam Tuber,934.6952702702703,8.955405405405406,74
2022-12-01,Yam Tuber,932.0444594594594,8.936486486486485,74
2023-01-01,Yam Tuber,924.1264864864864,8.916216216216215,74
2023-02-01,Yam Tuber,870.0182432432432,8.914864864864866,74
2023-03-01,Yam Tuber,890.1694594594594,8.9,74
2023-04-01,Yam Tuber,877.2527027027027,8.897297297297296,74
2023-05-01,Yam Tuber,915.0481081081081,8.895945945945945,74
2023-06-01,Yam Tuber,1091.5289189189189,8.922972972972973,74
2023-07-01,Yam Tuber,1276.7582432432432,8.95135135135135,74
2023-08-01,Yam Tuber,1436.8143243243242,8.977027027027026,74
2023-09-01,Yam Tuber,1449.817837837838,8.995945945945946,74
2023-10-01,Yam Tuber,1535.3567567567566,9.032432432432433,74
2023-11-01,Yam Tuber,1592.6028378378378,9.05135135135135,74
2023-12-01,Yam Tuber,1683.1845945945947,9.045945945945945,74
2024-01-01,Yam Tuber,1817.312027027027,9.07162162162162,74
2024-02-01,Yam Tuber,1999.3083783783784,9.074324324324325,74
2024-03-01,Yam Tuber,2243.8478378378377,9.07972972972973,74
2024-04-01,Yam Tuber,2379.237702702703,9.077027027027027,74
2024-05-01,Yam Tuber,2671.6036486486487,9.07972972972973,74
2024-06-01,Yam Tuber,2881.088918918919,9.067567567567568,74
2024-07-01,Yam Tuber,2901.627432432432,9.04864864864865,74
2024-08-01,Yam Tuber,3020.7222972972972,9.032432432432433,74
2024-09-01,Yam Tuber,3023.100810810811,9.03918918918919,74
2024-10-01,Yam Tuber,3111.1785135135133,9.033783783783784,74
2024-11-01,Yam Tuber,3063.3424324324324,9.025675675675675,74
2024-12-01,Yam Tuber,3152.5424324324326,9.052702702702703,74
