commodity,target_date,as_of_date,month_sin,month_cos,lag1_mom_pct,lag2_mom_pct,lag3_mom_pct,lag12_mom_pct,fuel_mom_pct,fx_mom_pct,is_harvest_month,is_lean_month,is_import,n_history_months,source,target_mom_pct
Agric Hen Eggs (Crate of 30 Pieces),2007-02-01,2007-01-01,0.8660254037844386,0.5000000000000001,,,,,,0.0,0,0,0,1,WB_RTFP,3.2032583442268336
Beans Brown,2007-02-01,2007-01-01,0.8660254037844386,0.5000000000000001,,,,,,0.0,0,0,0,1,WB_RTFP,4.634457232606026
Beef Boneless,2007-02-01,2007-01-01,0.8660254037844386,0.5000000000000001,,,,,,0.0,0,0,0,1,WB_RTFP,2.5931274103122126
Garri White,2007-02-01,2007-01-01,0.8660254037844386,0.5000000000000001,,,,,,0.0,0,0,0,1,WB_RTFP,0.6357558562245291
Goat Meat Bone-In,2007-02-01,2007-01-01,0.8660254037844386,0.5000000000000001,,,,,,0.0,0,0,0,1,WB_RTFP,2.340447608906726
Maize White Grain,2007-02-01,2007-01-01,0.8660254037844386,0.5000000000000001,,,,,,0.0,0,0,0,1,WB_RTFP,2.476383198260912
Onions Fresh,2007-02-01,2007-01-01,0.8660254037844386,0.5000000000000001,,,,,,0.0,1,0,0,1,WB_RTFP,1.6092667903146118
Rice Long-Grain Imported,2007-02-01,2007-01-01,0.8660254037844386,0.5000000000000001,,,,,,,0,0,1,1,WB_RTFP,0.8902671661897621
Yam Tuber,2007-02-01,2007-01-01,0.8660254037844386,0.5000000000000001,,,,,,0.0,0,0,0,1,WB_RTFP,4.414025041470659
Agric Hen Eggs (Crate of 30 Pieces),2007-03-01,2007-02-01,1.0,6.123233995736766e-17,3.2032583442268336,,,,,0.0,0,1,0,2,WB_RTFP,-0.5679755204763159
Beans Brown,2007-03-01,2007-02-01,1.0,6.123233995736766e-17,4.634457232606026,,,,,0.0,0,0,0,2,WB_RTFP,0.29009375909059276
Beef Boneless,2007-03-01,2007-02-01,1.0,6.123233995736766e-17,2.5931274103122126,,,,,0.0,0,0,0,2,WB_RTFP,-0.3861612322798247
Garri White,2007-03-01,2007-02-01,1.0,6.123233995736766e-17,0.6357558562245291,,,,,0.0,0,1,0,2,WB_RTFP,-5.461186662231066
Goat Meat Bone-In,2007-03-01,2007-02-01,1.0,6.123233995736766e-17,2.340447608906726,,,,,0.0,0,0,0,2,WB_RTFP,-0.4244453483614352
Maize White Grain,2007-03-01,2007-02-01,1.0,6.123233995736766e-17,2.476383198260912,,,,,0.0,0,0,0,2,WB_RTFP,-3.377486680678421
Onions Fresh,2007-03-01,2007-02-01,1.0,6.123233995736766e-17,1.6092667903146118,,,,,0.0,0,0,0,2,WB_RTFP,-2.671031863986706
Rice Long-Grain Imported,2007-03-01,2007-02-01,1.0,6.123233995736766e-17,0.8902671661897621,,,,,,0,0,1,2,WB_RTFP,-3.5285489249152313
Yam Tuber,2007-03-01,2007-02-01,1.0,6.123233995736766e-17,4.414025041470659,,,,,0.0,0,1,0,2,WB_RTFP,-0.4953266065252371
Agric Hen Eggs (Crate of 30 Pieces),2007-04-01,2007-03-01,0.8660254037844387,-0.4999999999999998,-0.5679755204763159,3.2032583442268336,,,,0.0,0,1,0,3,WB_RTFP,3.1052334408410376
Beans Brown,2007-04-01,2007-03-01,0.8660254037844387,-0.4999999999999998,0.29009375909059276,4.634457232606026,,,,0.0,0,1,0,3,WB_RTFP,11.265223576619011
Beef Boneless,2007-04-01,2007-03-01,0.8660254037844387,-0.4999999999999998,-0.3861612322798247,2.5931274103122126,,,,0.0,0,0,0,3,WB_RTFP,3.7011014617913007
Garri White,2007-04-01,2007-03-01,0.8660254037844387,-0.4999999999999998,-5.461186662231066,0.6357558562245291,,,,0.0,0,1,0,3,WB_RTFP,10.491613320584792
Goat Meat Bone-In,2007-04-01,2007-03-01,0.8660254037844387,-0.4999999999999998,-0.4244453483614352,2.340447608906726,,,,0.0,0,0,0,3,WB_RTFP,3.4109456451183684
Maize White Grain,2007-04-01,2007-03-01,0.8660254037844387,-0.4999999999999998,-3.377486680678421,2.476383198260912,,,,0.0,0,0,0,3,WB_RTFP,3.3957237285849207
Onions Fresh,2007-04-01,2007-03-01,0.8660254037844387,-0.4999999999999998,-2.671031863986706,1.6092667903146118,,,,0.0,0,0,0,3,WB_RTFP,1.6113283350324137
Rice Long-Grain Imported,2007-04-01,2007-03-01,0.8660254037844387,-0.4999999999999998,-3.5285489249152313,0.8902671661897621,,,,,0,0,1,3,WB_RTFP,1.1127023095108157
Yam Tuber,2007-04-01,2007-03-01,0.8660254037844387,-0.4999999999999998,-0.4953266065252371,4.414025041470659,,,,0.0,0,1,0,3,WB_RTFP,2.3023550212720734
Agric Hen Eggs (Crate of 30 Pieces),2007-05-01,2007-04-01,0.49999999999999994,-0.8660254037844387,3.1052334408410376,-0.5679755204763159,3.2032583442268336,,,0.0,0,1,0,4,WB_RTFP,1.1254903426724194
Beans Brown,2007-05-01,2007-04-01,0.49999999999999994,-0.8660254037844387,11.265223576619011,0.29009375909059276,4.634457232606026,,,0.0,0,1,0,4,WB_RTFP,2.310840955523008
Beef Boneless,2007-05-01,2007-04-01,0.49999999999999994,-0.8660254037844387,3.7011014617913007,-0.3861612322798247,2.5931274103122126,,,0.0,0,0,0,4,WB_RTFP,0.4966154945111212
Garri White,2007-05-01,2007-04-01,0.49999999999999994,-0.8660254037844387,10.491613320584792,-5.461186662231066,0.6357558562245291,,,0.0,0,1,0,4,WB_RTFP,1.8902643024422794
Goat Meat Bone-In,2007-05-01,2007-04-01,0.49999999999999994,-0.8660254037844387,3.4109456451183684,-0.4244453483614352,2.340447608906726,,,0.0,0,0,0,4,WB_RTFP,0.5908340718026706
Maize White Grain,2007-05-01,2007-04-01,0.49999999999999994,-0.8660254037844387,3.3957237285849207,-3.377486680678421,2.476383198260912,,,0.0,0,1,0,4,WB_RTFP,2.016380235429227
Onions Fresh,2007-05-01,2007-04-01,0.49999999999999994,-0.8660254037844387,1.6113283350324137,-2.671031863986706,1.6092667903146118,,,0.0,0,0,0,4,WB_RTFP,1.2818287649486892
Rice Long-Grain Imported,2007-05-01,2007-04-01,0.49999999999999994,-0.8660254037844387,1.1127023095108157,-3.5285489249152313,0.8902671661897621,,,,0,0,1,4,WB_RTFP,1.334762142064072
Yam Tuber,2007-05-01,2007-04-01,0.49999999999999994,-0.8660254037844387,2.3023550212720734,-0.4953266065252371,4.414025041470659,,,0.0,0,1,0,4,WB_RTFP,1.1997119801875344
Agric Hen Eggs (Crate of 30 Pieces),2007-06-01,2007-05-01,1.2246467991473532e-16,-1.0,1.1254903426724194,3.1052334408410376,-0.5679755204763159,,,0.0,0,0,0,5,WB_RTFP,1.5498038546168935
Beans Brown,2007-06-01,2007-05-01,1.2246467991473532e-16,-1.0,2.310840955523008,11.265223576619011,0.29009375909059276,,,0.0,0,1,0,5,WB_RTFP,7.418749382594103
Beef Boneless,2007-06-01,2007-05-01,1.2246467991473532e-16,-1.0,0.4966154945111212,3.7011014617913007,-0.3861612322798247,,,0.0,0,0,0,5,WB_RTFP,0.9205177592420011
Garri White,2007-06-01,2007-05-01,1.2246467991473532e-16,-1.0,1.8902643024422794,10.491613320584792,-5.461186662231066,,,0.0,0,0,0,5,WB_RTFP,5.604738390816211
Goat Meat Bone-In,2007-06-01,2007-05-01,1.2246467991473532e-16,-1.0,0.5908340718026706,3.4109456451183684,-0.4244453483614352,,,0.0,0,0,0,5,WB_RTFP,1.2089578066471596
Maize White Grain,2007-06-01,2007-05-01,1.2246467991473532e-16,-1.0,2.016380235429227,3.3957237285849207,-3.377486680678421,,,0.0,0,1,0,5,WB_RTFP,3.580574925424651
Onions Fresh,2007-06-01,2007-05-01,1.2246467991473532e-16,-1.0,1.2818287649486892,1.6113283350324137,-2.671031863986706,,,0.0,0,0,0,5,WB_RTFP,2.113662106640235
Rice Long-Grain Imported,2007-06-01,2007-05-01,1.2246467991473532e-16,-1.0,1.334762142064072,1.1127023095108157,-3.5285489249152313,,,,0,0,1,5,WB_RTFP,1.594988130951469
Yam Tuber,2007-06-01,2007-05-01,1.2246467991473532e-16,-1.0,1.1997119801875344,2.3023550212720734,-0.4953266065252371,,,0.0,0,0,0,5,WB_RTFP,0.6680789898199535
Agric Hen Eggs (Crate of 30 Pieces),2007-07-01,2007-06-01,-0.4999999999999997,-0.8660254037844388,1.5498038546168935,1.1254903426724194,3.1052334408410376,,,0.0,0,0,0,6,WB_RTFP,-0.6089895381991894
Beans Brown,2007-07-01,2007-06-01,-0.4999999999999997,-0.8660254037844388,7.418749382594103,2.310840955523008,11.265223576619011,,,0.0,0,0,0,6,WB_RTFP,-6.026315866301147
Beef Boneless,2007-07-01,2007-06-01,-0.4999999999999997,-0.8660254037844388,0.9205177592420011,0.4966154945111212,3.7011014617913007,,,0.0,0,1,0,6,WB_RTFP,-2.184773770209447
Garri White,2007-07-01,2007-06-01,-0.4999999999999997,-0.8660254037844388,5.604738390816211,1.8902643024422794,10.491613320584792,,,0.0,0,0,0,6,WB_RTFP,-12.352160342497697
Goat Meat Bone-In,2007-07-01,2007-06-01,-0.4999999999999997,-0.8660254037844388,1.2089578066471596,0.5908340718026706,3.4109456451183684,,,0.0,0,1,0,6,WB_RTFP,-1.9772748533803508
Maize White Grain,2007-07-01,2007-06-01,-0.4999999999999997,-0.8660254037844388,3.580574925424651,2.016380235429227,3.3957237285849207,,,0.0,0,1,0,6,WB_RTFP,-2.0109886717905923
Onions Fresh,2007-07-01,2007-06-01,-0.4999999999999997,-0.8660254037844388,2.113662106640235,1.2818287649486892,1.6113283350324137,,,0.0,0,1,0,6,WB_RTFP,-0.6606360771151287
Rice Long-Grain Imported,2007-07-01,2007-06-01,-0.4999999999999997,-0.8660254037844388,1.594988130951469,1.334762142064072,1.1127023095108157,,,,0,0,1,6,WB_RTFP,-1.5391334413043856
Yam Tuber,2007-07-01,2007-06-01,-0.4999999999999997,-0.8660254037844388,0.6680789898199535,1.1997119801875344,2.3023550212720734,,,0.0,0,0,0,6,WB_RTFP,1.2986664137214943
Agric Hen Eggs (Crate of 30 Pieces),2007-08-01,2007-07-01,-0.8660254037844384,-0.5000000000000004,-0.6089895381991894,1.5498038546168935,1.1254903426724194,,,0.0,0,0,0,7,WB_RTFP,-0.32750440435654893
Beans Brown,2007-08-01,2007-07-01,-0.8660254037844384,-0.5000000000000004,-6.026315866301147,7.418749382594103,2.310840955523008,,,0.0,0,0,0,7,WB_RTFP,3.301370969495676
Beef Boneless,2007-08-01,2007-07-01,-0.8660254037844384,-0.5000000000000004,-2.184773770209447,0.9205177592420011,0.4966154945111212,,,0.0,0,1,0,7,WB_RTFP,0.15027976943031707
Garri White,2007-08-01,2007-07-01,-0.8660254037844384,-0.5000000000000004,-12.352160342497697,5.604738390816211,1.8902643024422794,,,0.0,0,0,0,7,WB_RTFP,3.4996998308137295
Goat Meat Bone-In,2007-08-01,2007-07-01,-0.8660254037844384,-0.5000000000000004,-1.9772748533803508,1.2089578066471596,0.5908340718026706,,,0.0,0,1,0,7,WB_RTFP,0.20352777562435698
Maize White Grain,2007-08-01,2007-07-01,-0.8660254037844384,-0.5000000000000004,-2.0109886717905923,3.580574925424651,2.016380235429227,,,0.0,0,0,0,7,WB_RTFP,-0.48668315194280165
Onions Fresh,2007-08-01,2007-07-01,-0.8660254037844384,-0.5000000000000004,-0.6606360771151287,2.113662106640235,1.2818287649486892,,,0.0,0,1,0,7,WB_RTFP,-0.7935853907769519
Rice Long-Grain Imported,2007-08-01,2007-07-01,-0.8660254037844384,-0.5000000000000004,-1.5391334413043856,1.594988130951469,1.334762142064072,,,,0,0,1,7,WB_RTFP,-0.8819528639441909
Yam Tuber,2007-08-01,2007-07-01,-0.8660254037844384,-0.5000000000000004,1.2986664137214943,0.6680789898199535,1.1997119801875344,,,0.0,1,0,0,7,WB_RTFP,-0.9946385806740343
Agric Hen Eggs (Crate of 30 Pieces),2007-09-01,2007-08-01,-1.0,-1.8369701987210297e-16,-0.32750440435654893,-0.6089895381991894,1.5498038546168935,,,0.0,0,0,0,8,WB_RTFP,0.670533062609846
Beans Brown,2007-09-01,2007-08-01,-1.0,-1.8369701987210297e-16,3.301370969495676,-6.026315866301147,7.418749382594103,,,0.0,0,0,0,8,WB_RTFP,5.383579574802111
Beef Boneless,2007-09-01,2007-08-01,-1.0,-1.8369701987210297e-16,0.15027976943031707,-2.184773770209447,0.9205177592420011,,,0.0,0,0,0,8,WB_RTFP,0.10218382551072658
Garri White,2007-09-01,2007-08-01,-1.0,-1.8369701987210297e-16,3.4996998308137295,-12.352160342497697,5.604738390816211,,,0.0,1,0,0,8,WB_RTFP,-0.09194932570496528
Goat Meat Bone-In,2007-09-01,2007-08-01,-1.0,-1.8369701987210297e-16,0.20352777562435698,-1.9772748533803508,1.2089578066471596,,,0.0,0,0,0,8,WB_RTFP,0.328833714349841
Maize White Grain,2007-09-01,2007-08-01,-1.0,-1.8369701987210297e-16,-0.48668315194280165,-2.0109886717905923,3.580574925424651,,,0.0,1,0,0,8,WB_RTFP,0.9382419043398427
Onions Fresh,2007-09-01,2007-08-01,-1.0,-1.8369701987210297e-16,-0.7935853907769519,-0.6606360771151287,2.113662106640235,,,0.0,0,1,0,8,WB_RTFP,-0.22054242638201993
Rice Long-Grain Imported,2007-09-01,2007-08-01,-1.0,-1.8369701987210297e-16,-0.8819528639441909,-1.5391334413043856,1.594988130951469,,,,0,0,1,8,WB_RTFP,-0.9778109267200907
Yam Tuber,2007-09-01,2007-08-01,-1.0,-1.8369701987210297e-16,-0.9946385806740343,1.2986664137214943,0.6680789898199535,,,0.0,1,0,0,8,WB_RTFP,0.3746337151929957
Agric Hen Eggs (Crate of 30 Pieces),2007-10-01,2007-09-01,-0.8660254037844386,0.5000000000000001,0.670533062609846,-0.32750440435654893,-0.6089895381991894,,,0.0,1,0,0,9,WB_RTFP,2.5057750755303587
Beans Brown,2007-10-01,2007-09-01,-0.8660254037844386,0.5000000000000001,5.383579574802111,3.301370969495676,-6.026315866301147,,,0.0,1,0,0,9,WB_RTFP,6.534357636758492
Beef Boneless,2007-10-01,2007-09-01,-0.8660254037844386,0.5000000000000001,0.10218382551072658,0.15027976943031707,-2.184773770209447,,,0.0,0,0,0,9,WB_RTFP,1.7512321575140488
Garri White,2007-10-01,2007-09-01,-0.8660254037844386,0.5000000000000001,-0.09194932570496528,3.4996998308137295,-12.352160342497697,,,0.0,1,0,0,9,WB_RTFP,4.734965314086481
Goat Meat Bone-In,2007-10-01,2007-09-01,-0.8660254037844386,0.5000000000000001,0.328833714349841,0.20352777562435698,-1.9772748533803508,,,0.0,0,0,0,9,WB_RTFP,1.8629307766364178
Maize White Grain,2007-10-01,2007-09-01,-0.8660254037844386,0.5000000000000001,0.9382419043398427,-0.48668315194280165,-2.0109886717905923,,,0.0,1,0,0,9,WB_RTFP,4.507109391170183
Onions Fresh,2007-10-01,2007-09-01,-0.8660254037844386,0.5000000000000001,-0.22054242638201993,-0.7935853907769519,-0.6606360771151287,,,0.0,0,0,0,9,WB_RTFP,2.8263520910426942
Rice Long-Grain Imported,2007-10-01,2007-09-01,-0.8660254037844386,0.5000000000000001,-0.9778109267200907,-0.8819528639441909,-1.5391334413043856,,,,0,0,1,9,WB_RTFP,2.207551243811068
Yam Tuber,2007-10-01,2007-09-01,-0.8660254037844386,0.5000000000000001,0.3746337151929957,-0.9946385806740343,1.2986664137214943,,,0.0,1,0,0,9,WB_RTFP,2.500327289798654
Agric Hen Eggs (Crate of 30 Pieces),2007-11-01,2007-10-01,-0.5000000000000004,0.8660254037844384,2.5057750755303587,0.670533062609846,-0.32750440435654893,,,0.0,1,0,0,10,WB_RTFP,-1.9983972882381518
Beans Brown,2007-11-01,2007-10-01,-0.5000000000000004,0.8660254037844384,6.534357636758492,5.383579574802111,3.301370969495676,,,0.0,1,0,0,10,WB_RTFP,-4.476453499663169
Beef Boneless,2007-11-01,2007-10-01,-0.5000000000000004,0.8660254037844384,1.7512321575140488,0.10218382551072658,0.15027976943031707,,,0.0,1,0,0,10,WB_RTFP,-2.5976290870610597
Garri White,2007-11-01,2007-10-01,-0.5000000000000004,0.8660254037844384,4.734965314086481,-0.09194932570496528,3.4996998308137295,,,0.0,1,0,0,10,WB_RTFP,-7.3202457929531395
Goat Meat Bone-In,2007-11-01,2007-10-01,-0.5000000000000004,0.8660254037844384,1.8629307766364178,0.328833714349841,0.20352777562435698,,,0.0,1,0,0,10,WB_RTFP,-2.508399613117396
Maize White Grain,2007-11-01,2007-10-01,-0.5000000000000004,0.8660254037844384,4.507109391170183,0.9382419043398427,-0.48668315194280165,,,0.0,1,0,0,10,WB_RTFP,-2.1188551400466826
Onions Fresh,2007-11-01,2007-10-01,-0.5000000000000004,0.8660254037844384,2.8263520910426942,-0.22054242638201993,-0.7935853907769519,,,0.0,1,0,0,10,WB_RTFP,-1.6147901663367548
Rice Long-Grain Imported,2007-11-01,2007-10-01,-0.5000000000000004,0.8660254037844384,2.207551243811068,-0.9778109267200907,-0.8819528639441909,,,,0,0,1,10,WB_RTFP,-2.300382353049568
Yam Tuber,2007-11-01,2007-10-01,-0.5000000000000004,0.8660254037844384,2.500327289798654,0.3746337151929957,-0.9946385806740343,,,0.0,1,0,0,10,WB_RTFP,-0.7704835880731786
Agric Hen Eggs (Crate of 30 Pieces),2007-12-01,2007-11-01,-2.4492935982947064e-16,1.0,-1.9983972882381518,2.5057750755303587,0.670533062609846,,,0.0,1,0,0,11,WB_RTFP,1.620260599154788
Beans Brown,2007-12-01,2007-11-01,-2.4492935982947064e-16,1.0,-4.476453499663169,6.534357636758492,5.383579574802111,,,0.0,1,0,0,11,WB_RTFP,0.8593584046135305
Beef Boneless,2007-12-01,2007-11-01,-2.4492935982947064e-16,1.0,-2.5976290870610597,1.7512321575140488,0.10218382551072658,,,0.0,1,0,0,11,WB_RTFP,0.5065542204506279
Garri White,2007-12-01,2007-11-01,-2.4492935982947064e-16,1.0,-7.3202457929531395,4.734965314086481,-0.09194932570496528,,,0.0,1,0,0,11,WB_RTFP,-0.834633199778434
Goat Meat Bone-In,2007-12-01,2007-11-01,-2.4492935982947064e-16,1.0,-2.508399613117396,1.8629307766364178,0.328833714349841,,,0.0,1,0,0,11,WB_RTFP,0.4807808261806379
Maize White Grain,2007-12-01,2007-11-01,-2.4492935982947064e-16,1.0,-2.1188551400466826,4.507109391170183,0.9382419043398427,,,0.0,0,0,0,11,WB_RTFP,3.170899949415218
Onions Fresh,2007-12-01,2007-11-01,-2.4492935982947064e-16,1.0,-1.6147901663367548,2.8263520910426942,-0.22054242638201993,,,0.0,1,0,0,11,WB_RTFP,1.972514812376569
Rice Long-Grain Imported,2007-12-01,2007-11-01,-2.4492935982947064e-16,1.0,-2.300382353049568,2.207551243811068,-0.9778109267200907,,,,0,0,1,11,WB_RTFP,1.324675651211904
Yam Tuber,2007-12-01,2007-11-01,-2.4492935982947064e-16,1.0,-0.7704835880731786,2.500327289798654,0.3746337151929957,,,0.0,0,0,0,11,WB_RTFP,2.8795079675705715
Agric Hen Eggs (Crate of 30 Pieces),2008-01-01,2007-12-01,0.49999999999999994,0.8660254037844387,1.620260599154788,-1.9983972882381518,2.5057750755303587,,,0.0,0,0,0,12,WB_RTFP,3.0890359203081807
Beans Brown,2008-01-01,2007-12-01,0.49999999999999994,0.8660254037844387,0.8593584046135305,-4.476453499663169,6.534357636758492,,,0.0,0,0,0,12,WB_RTFP,4.8840214336703935
Beef Boneless,2008-01-01,2007-12-01,0.49999999999999994,0.8660254037844387,0.5065542204506279,-2.5976290870610597,1.7512321575140488,,,0.0,1,0,0,12,WB_RTFP,2.5237801779463442
Garri White,2008-01-01,2007-12-01,0.49999999999999994,0.8660254037844387,-0.834633199778434,-7.3202457929531395,4.734965314086481,,,0.0,0,0,0,12,WB_RTFP,10.703723376912656
Goat Meat Bone-In,2008-01-01,2007-12-01,0.49999999999999994,0.8660254037844387,0.4807808261806379,-2.508399613117396,1.8629307766364178,,,0.0,1,0,0,12,WB_RTFP,2.431099527198377
Maize White Grain,2008-01-01,2007-12-01,0.49999999999999994,0.8660254037844387,3.170899949415218,-2.1188551400466826,4.507109391170183,,,0.0,0,0,0,12,WB_RTFP,7.950601435838922
Onions Fresh,2008-01-01,2007-12-01,0.49999999999999994,0.8660254037844387,1.972514812376569,-1.6147901663367548,2.8263520910426942,,,0.0,1,0,0,12,WB_RTFP,5.454860914967274
Rice Long-Grain Imported,2008-01-01,2007-12-01,0.49999999999999994,0.8660254037844387,1.324675651211904,-2.300382353049568,2.207551243811068,,,,0,0,1,12,WB_RTFP,5.92684406626991
Yam Tuber,2008-01-01,2007-12-01,0.49999999999999994,0.8660254037844387,2.8795079675705715,-0.7704835880731786,2.500327289798654,,,0.0,0,0,0,12,WB_RTFP,2.9448234094096915
Agric Hen Eggs (Crate of 30 Pieces),2008-02-01,2008-01-01,0.8660254037844386,0.5000000000000001,3.0890359203081807,1.620260599154788,-1.9983972882381518,3.2032583442268336,,0.0,0,0,0,13,WB_RTFP,2.314004020375049
Beans Brown,2008-02-01,2008-01-01,0.8660254037844386,0.5000000000000001,4.8840214336703935,0.8593584046135305,-4.476453499663169,4.634457232606026,,0.0,0,0,0,13,WB_RTFP,5.835303816729143
Beef Boneless,2008-02-01,2008-01-01,0.8660254037844386,0.5000000000000001,2.5237801779463442,0.5065542204506279,-2.5976290870610597,2.5931274103122126,,0.0,0,0,0,13,WB_RTFP,0.8731897268193345
Garri White,2008-02-01,2008-01-01,0.8660254037844386,0.5000000000000001,10.703723376912656,-0.834633199778434,-7.3202457929531395,0.6357558562245291,,0.0,0,0,0,13,WB_RTFP,0.7364435873068009
Goat Meat Bone-In,2008-02-01,2008-01-01,0.8660254037844386,0.5000000000000001,2.431099527198377,0.4807808261806379,-2.508399613117396,2.340447608906726,,0.0,0,0,0,13,WB_RTFP,1.19587321292014
Maize White Grain,2008-02-01,2008-01-01,0.8660254037844386,0.5000000000000001,7.950601435838922,3.170899949415218,-2.1188551400466826,2.476383198260912,,0.0,0,0,0,13,WB_RTFP,3.7513350436573
Onions Fresh,2008-02-01,2008-01-01,0.8660254037844386,0.5000000000000001,5.454860914967274,1.972514812376569,-1.6147901663367548,1.6092667903146118,,0.0,1,0,0,13,WB_RTFP,1.9521490091944704
Rice Long-Grain Imported,2008-02-01,2008-01-01,0.8660254037844386,0.5000000000000001,5.92684406626991,1.324675651211904,-2.300382353049568,0.8902671661897621,,,0,0,1,13,WB_RTFP,1.3591864559248323
Yam Tuber,2008-02-01,2008-01-01,0.8660254037844386,0.5000000000000001,2.9448234094096915,2.8795079675705715,-0.7704835880731786,4.414025041470659,,0.0,0,0,0,13,WB_RTFP,2.421828191547837
Agric Hen Eggs (Crate of 30 Pieces),2008-03-01,2008-02-01,1.0,6.123233995736766e-17,2.314004020375049,3.0890359203081807,1.620260599154788,-0.5679755204763159,,0.0,0,1,0,14,WB_RTFP,3.9526872716864725
Beans Brown,2008-03-01,2008-02-01,1.0,6.123233995736766e-17,5.835303816729143,4.8840214336703935,0.8593584046135305,0.29009375909059276,,0.0,0,0,0,14,WB_RTFP,5.745444389966825
Beef Boneless,2008-03-01,2008-02-01,1.0,6.123233995736766e-17,0.8731897268193345,2.5237801779463442,0.5065542204506279,-0.3861612322798247,,0.0,0,0,0,14,WB_RTFP,2.5711133384387352
Garri White,2008-03-01,2008-02-01,1.0,6.123233995736766e-17,0.7364435873068009,10.703723376912656,-0.834633199778434,-5.461186662231066,,0.0,0,1,0,14,WB_RTFP,-0.8764112618232622
Goat Meat Bone-In,2008-03-01,2008-02-01,1.0,6.123233995736766e-17,1.19587321292014,2.431099527198377,0.4807808261806379,-0.4244453483614352,,0.0,0,0,0,14,WB_RTFP,2.539781781583361
Maize White Grain,2008-03-01,2008-02-01,1.0,6.123233995736766e-17,3.7513350436573,7.950601435838922,3.170899949415218,-3.377486680678421,,0.0,0,0,0,14,WB_RTFP,3.9635246423568526
Onions Fresh,2008-03-01,2008-02-01,1.0,6.123233995736766e-17,1.9521490091944704,5.454860914967274,1.972514812376569,-2.671031863986706,,0.0,0,0,0,14,WB_RTFP,2.1613405640727112
Rice Long-Grain Imported,2008-03-01,2008-02-01,1.0,6.123233995736766e-17,1.3591864559248323,5.92684406626991,1.324675651211904,-3.5285489249152313,,,0,0,1,14,WB_RTFP,1.183451782515732
Yam Tuber,2008-03-01,2008-02-01,1.0,6.123233995736766e-17,2.421828191547837,2.9448234094096915,2.8795079675705715,-0.4953266065252371,,0.0,0,1,0,14,WB_RTFP,5.300048370518162
Agric Hen Eggs (Crate of 30 Pieces),2008-04-01,2008-03-01,0.8660254037844387,-0.4999999999999998,3.9526872716864725,2.314004020375049,3.0890359203081807,3.1052334408410376,,0.0,0,1,0,15,WB_RTFP,2.9625062529920365
Beans Brown,2008-04-01,2008-03-01,0.8660254037844387,-0.4999999999999998,5.745444389966825,5.835303816729143,4.8840214336703935,11.265223576619011,,0.0,0,1,0,15,WB_RTFP,11.580165342109904
Beef Boneless,2008-04-01,2008-03-01,0.8660254037844387,-0.4999999999999998,2.5711133384387352,0.8731897268193345,2.5237801779463442,3.7011014617913007,,0.0,0,0,0,15,WB_RTFP,3.4739318483602455
Garri White,2008-04-01,2008-03-01,0.8660254037844387,-0.4999999999999998,-0.8764112618232622,0.7364435873068009,10.703723376912656,10.491613320584792,,0.0,0,1,0,15,WB_RTFP,14.168263239151035
Goat Meat Bone-In,2008-04-01,2008-03-01,0.8660254037844387,-0.4999999999999998,2.539781781583361,1.19587321292014,2.431099527198377,3.4109456451183684,,0.0,0,0,0,15,WB_RTFP,3.4607448827727705
Maize White Grain,2008-04-01,2008-03-01,0.8660254037844387,-0.4999999999999998,3.9635246423568526,3.7513350436573,7.950601435838922,3.3957237285849207,,0.0,0,0,0,15,WB_RTFP,5.418641269257951
Onions Fresh,2008-04-01,2008-03-01,0.8660254037844387,-0.4999999999999998,2.1613405640727112,1.9521490091944704,5.454860914967274,1.6113283350324137,,0.0,0,0,0,15,WB_RTFP,2.7823697532088687
Rice Long-Grain Imported,2008-04-01,2008-03-01,0.8660254037844387,-0.4999999999999998,1.183451782515732,1.3591864559248323,5.92684406626991,1.1127023095108157,,,0,0,1,15,WB_RTFP,3.2159992507917456
Yam Tuber,2008-04-01,2008-03-01,0.8660254037844387,-0.4999999999999998,5.300048370518162,2.421828191547837,2.9448234094096915,2.3023550212720734,,0.0,0,1,0,15,WB_RTFP,1.6101248451457773
Agric Hen Eggs (Crate of 30 Pieces),2008-05-01,2008-04-01,0.49999999999999994,-0.8660254037844387,2.9625062529920365,3.9526872716864725,2.314004020375049,1.1254903426724194,,0.0,0,1,0,16,WB_RTFP,4.038661337160909
Beans Brown,2008-05-01,2008-04-01,0.49999999999999994,-0.8660254037844387,11.580165342109904,5.745444389966825,5.835303816729143,2.310840955523008,,0.0,0,1,0,16,WB_RTFP,11.931115002918858
Beef Boneless,2008-05-01,2008-04-01,0.49999999999999994,-0.8660254037844387,3.4739318483602455,2.5711133384387352,0.8731897268193345,0.4966154945111212,,0.0,0,0,0,16,WB_RTFP,4.123220441230746
Garri White,2008-05-01,2008-04-01,0.49999999999999994,-0.8660254037844387,14.168263239151035,-0.8764112618232622,0.7364435873068009,1.8902643024422794,,0.0,0,1,0,16,WB_RTFP,15.105303746184862
Goat Meat Bone-In,2008-05-01,2008-04-01,0.49999999999999994,-0.8660254037844387,3.4607448827727705,2.539781781583361,1.19587321292014,0.5908340718026706,,0.0,0,0,0,16,WB_RTFP,3.917209913941111
Maize White Grain,2008-05-01,2008-04-01,0.49999999999999994,-0.8660254037844387,5.418641269257951,3.9635246423568526,3.7513350436573,2.016380235429227,,0.0,0,1,0,16,WB_RTFP,6.9366036931955755
Onions Fresh,2008-05-01,2008-04-01,0.49999999999999994,-0.8660254037844387,2.7823697532088687,2.1613405640727112,1.9521490091944704,1.2818287649486892,,0.0,0,0,0,16,WB_RTFP,3.8607803050881406
Rice Long-Grain Imported,2008-05-01,2008-04-01,0.49999999999999994,-0.8660254037844387,3.2159992507917456,1.183451782515732,1.3591864559248323,1.334762142064072,,,0,0,1,16,WB_RTFP,4.636791147994468
Yam Tuber,2008-05-01,2008-04-01,0.49999999999999994,-0.8660254037844387,1.6101248451457773,5.300048370518162,2.421828191547837,1.1997119801875344,,0.0,0,1,0,16,WB_RTFP,4.440907861174748
Agric Hen Eggs (Crate of 30 Pieces),2008-06-01,2008-05-01,1.2246467991473532e-16,-1.0,4.038661337160909,2.9625062529920365,3.9526872716864725,1.5498038546168935,,0.0,0,0,0,17,WB_RTFP,4.426325716563273
Beans Brown,2008-06-01,2008-05-01,1.2246467991473532e-16,-1.0,11.931115002918858,11.580165342109904,5.745444389966825,7.418749382594103,,0.0,0,1,0,17,WB_RTFP,3.330017571326027
Beef Boneless,2008-06-01,2008-05-01,1.2246467991473532e-16,-1.0,4.123220441230746,3.4739318483602455,2.5711133384387352,0.9205177592420011,,0.0,0,0,0,17,WB_RTFP,2.909939685030638
Garri White,2008-06-01,2008-05-01,1.2246467991473532e-16,-1.0,15.105303746184862,14.168263239151035,-0.8764112618232622,5.604738390816211,,0.0,0,0,0,17,WB_RTFP,2.351520184196132
Goat Meat Bone-In,2008-06-01,2008-05-01,1.2246467991473532e-16,-1.0,3.917209913941111,3.4607448827727705,2.539781781583361,1.2089578066471596,,0.0,0,0,0,17,WB_RTFP,2.527454033657217
Maize White Grain,2008-06-01,2008-05-01,1.2246467991473532e-16,-1.0,6.9366036931955755,5.418641269257951,3.9635246423568526,3.580574925424651,,0.0,0,1,0,17,WB_RTFP,5.3217065319261625
Onions Fresh,2008-06-01,2008-05-01,1.2246467991473532e-16,-1.0,3.8607803050881406,2.7823697532088687,2.1613405640727112,2.113662106640235,,0.0,0,0,0,17,WB_RTFP,3.603702811521381
Rice Long-Grain Imported,2008-06-01,2008-05-01,1.2246467991473532e-16,-1.0,4.636791147994468,3.2159992507917456,1.183451782515732,1.594988130951469,,,0,0,1,17,WB_RTFP,3.4180541529416297
Yam Tuber,2008-06-01,2008-05-01,1.2246467991473532e-16,-1.0,4.440907861174748,1.6101248451457773,5.300048370518162,0.6680789898199535,,0.0,0,0,0,17,WB_RTFP,6.179576178791635
Agric Hen Eggs (Crate of 30 Pieces),2008-07-01,2008-06-01,-0.4999999999999997,-0.8660254037844388,4.426325716563273,4.038661337160909,2.9625062529920365,-0.6089895381991894,,0.0,0,0,0,18,WB_RTFP,0.7601662544365784
Beans Brown,2008-07-01,2008-06-01,-0.4999999999999997,-0.8660254037844388,3.330017571326027,11.931115002918858,11.580165342109904,-6.026315866301147,,0.0,0,0,0,18,WB_RTFP,-1.5213696548331934
Beef Boneless,2008-07-01,2008-06-01,-0.4999999999999997,-0.8660254037844388,2.909939685030638,4.123220441230746,3.4739318483602455,-2.184773770209447,,0.0,0,1,0,18,WB_RTFP,0.013529211673124486
Garri White,2008-07-01,2008-06-01,-0.4999999999999997,-0.8660254037844388,2.351520184196132,15.105303746184862,14.168263239151035,-12.352160342497697,,0.0,0,0,0,18,WB_RTFP,-3.4847325429166798
Goat Meat Bone-In,2008-07-01,2008-06-01,-0.4999999999999997,-0.8660254037844388,2.527454033657217,3.917209913941111,3.4607448827727705,-1.9772748533803508,,0.0,0,1,0,18,WB_RTFP,0.08257219508123192
Maize White Grain,2008-07-01,2008-06-01,-0.4999999999999997,-0.8660254037844388,5.3217065319261625,6.9366036931955755,5.418641269257951,-2.0109886717905923,,0.0,0,1,0,18,WB_RTFP,0.6185974731647281
Onions Fresh,2008-07-01,2008-06-01,-0.4999999999999997,-0.8660254037844388,3.603702811521381,3.8607803050881406,2.7823697532088687,-0.6606360771151287,,0.0,0,1,0,18,WB_RTFP,0.8244149045711691
Rice Long-Grain Imported,2008-07-01,2008-06-01,-0.4999999999999997,-0.8660254037844388,3.4180541529416297,4.636791147994468,3.2159992507917456,-1.5391334413043856,,,0,0,1,18,WB_RTFP,0.7875432780696467
Yam Tuber,2008-07-01,2008-06-01,-0.4999999999999997,-0.8660254037844388,6.179576178791635,4.440907861174748,1.6101248451457773,1.2986664137214943,,0.0,0,0,0,18,WB_RTFP,1.4830092820252716
Agric Hen Eggs (Crate of 30 Pieces),2008-08-01,2008-07-01,-0.8660254037844384,-0.5000000000000004,0.7601662544365784,4.426325716563273,4.038661337160909,-0.32750440435654893,,0.0,0,0,0,19,WB_RTFP,0.6030320420052471
Beans Brown,2008-08-01,2008-07-01,-0.8660254037844384,-0.5000000000000004,-1.5213696548331934,3.330017571326027,11.931115002918858,3.301370969495676,,0.0,0,0,0,19,WB_RTFP,-10.179126230782254
Beef Boneless,2008-08-01,2008-07-01,-0.8660254037844384,-0.5000000000000004,0.013529211673124486,2.909939685030638,4.123220441230746,0.15027976943031707,,0.0,0,1,0,19,WB_RTFP,0.3871860017526485
Garri White,2008-08-01,2008-07-01,-0.8660254037844384,-0.5000000000000004,-3.4847325429166798,2.351520184196132,15.105303746184862,3.4996998308137295,,0.0,0,0,0,19,WB_RTFP,0.7933229053481261
Goat Meat Bone-In,2008-08-01,2008-07-01,-0.8660254037844384,-0.5000000000000004,0.08257219508123192,2.527454033657217,3.917209913941111,0.20352777562435698,,0.0,0,1,0,19,WB_RTFP,-0.07808554611079543
Maize White Grain,2008-08-01,2008-07-01,-0.8660254037844384,-0.5000000000000004,0.6185974731647281,5.3217065319261625,6.9366036931955755,-0.48668315194280165,,0.0,0,0,0,19,WB_RTFP,3.832958788697005
Onions Fresh,2008-08-01,2008-07-01,-0.8660254037844384,-0.5000000000000004,0.8244149045711691,3.603702811521381,3.8607803050881406,-0.7935853907769519,,0.0,0,1,0,19,WB_RTFP,3.7803415649790617
Rice Long-Grain Imported,2008-08-01,2008-07-01,-0.8660254037844384,-0.5000000000000004,0.7875432780696467,3.4180541529416297,4.636791147994468,-0.8819528639441909,,,0,0,1,19,WB_RTFP,6.142662933203469
Yam Tuber,2008-08-01,2008-07-01,-0.8660254037844384,-0.5000000000000004,1.4830092820252716,6.179576178791635,4.440907861174748,-0.9946385806740343,,0.0,1,0,0,19,WB_RTFP,2.5657200172232386
Agric Hen Eggs (Crate of 30 Pieces),2008-09-01,2008-08-01,-1.0,-1.8369701987210297e-16,0.6030320420052471,0.7601662544365784,4.426325716563273,0.670533062609846,,0.0,0,0,0,20,WB_RTFP,-10.862683082009717
Beans Brown,2008-09-01,2008-08-01,-1.0,-1.8369701987210297e-16,-10.179126230782254,-1.5213696548331934,3.330017571326027,5.383579574802111,,0.0,0,0,0,20,WB_RTFP,0.5171880738608747
Beef Boneless,2008-09-01,2008-08-01,-1.0,-1.8369701987210297e-16,0.3871860017526485,0.013529211673124486,2.909939685030638,0.10218382551072658,,0.0,0,0,0,20,WB_RTFP,-9.921383543268714
Garri White,2008-09-01,2008-08-01,-1.0,-1.8369701987210297e-16,0.7933229053481261,-3.4847325429166798,2.351520184196132,-0.09194932570496528,,0.0,1,0,0,20,WB_RTFP,3.9981803836831586
Goat Meat Bone-In,2008-09-01,2008-08-01,-1.0,-1.8369701987210297e-16,-0.07808554611079543,0.08257219508123192,2.527454033657217,0.328833714349841,,0.0,0,0,0,20,WB_RTFP,-8.220479247314627
Maize White Grain,2008-09-01,2008-08-01,-1.0,-1.8369701987210297e-16,3.832958788697005,0.6185974731647281,5.3217065319261625,0.9382419043398427,,0.0,1,0,0,20,WB_RTFP,-7.680628390736244
Onions Fresh,2008-09-01,2008-08-01,-1.0,-1.8369701987210297e-16,3.7803415649790617,0.8244149045711691,3.603702811521381,-0.22054242638201993,,0.0,0,1,0,20,WB_RTFP,-8.529644243680568
Rice Long-Grain Imported,2008-09-01,2008-08-01,-1.0,-1.8369701987210297e-16,6.142662933203469,0.7875432780696467,3.4180541529416297,-0.9778109267200907,,,0,0,1,20,WB_RTFP,-5.683756966700337
Yam Tuber,2008-09-01,2008-08-01,-1.0,-1.8369701987210297e-16,2.5657200172232386,1.4830092820252716,6.179576178791635,0.3746337151929957,,0.0,1,0,0,20,WB_RTFP,-15.953735293667659
Agric Hen Eggs (Crate of 30 Pieces),2008-10-01,2008-09-01,-0.8660254037844386,0.5000000000000001,-10.862683082009717,0.6030320420052471,0.7601662544365784,2.5057750755303587,,0.0,1,0,0,21,WB_RTFP,-0.6282948894912876
Beans Brown,2008-10-01,2008-09-01,-0.8660254037844386,0.5000000000000001,0.5171880738608747,-10.179126230782254,-1.5213696548331934,6.534357636758492,,0.0,1,0,0,21,WB_RTFP,0.6015372848869438
Beef Boneless,2008-10-01,2008-09-01,-0.8660254037844386,0.5000000000000001,-9.921383543268714,0.3871860017526485,0.013529211673124486,1.7512321575140488,,0.0,0,0,0,21,WB_RTFP,-1.133279892088035
Garri White,2008-10-01,2008-09-01,-0.8660254037844386,0.5000000000000001,3.9981803836831586,0.7933229053481261,-3.4847325429166798,4.734965314086481,,0.0,1,0,0,21,WB_RTFP,-3.281982585398535
Goat Meat Bone-In,2008-10-01,2008-09-01,-0.8660254037844386,0.5000000000000001,-8.220479247314627,-0.07808554611079543,0.08257219508123192,1.8629307766364178,,0.0,0,0,0,21,WB_RTFP,-0.7889068514472464
Maize White Grain,2008-10-01,2008-09-01,-0.8660254037844386,0.5000000000000001,-7.680628390736244,3.832958788697005,0.6185974731647281,4.507109391170183,,0.0,1,0,0,21,WB_RTFP,-1.0266661318286463
Onions Fresh,2008-10-01,2008-09-01,-0.8660254037844386,0.5000000000000001,-8.529644243680568,3.7803415649790617,0.8244149045711691,2.8263520910426942,,0.0,0,0,0,21,WB_RTFP,-0.5465922144445745
Rice Long-Grain Imported,2008-10-01,2008-09-01,-0.8660254037844386,0.5000000000000001,-5.683756966700337,6.142662933203469,0.7875432780696467,2.207551243811068,,,0,0,1,21,WB_RTFP,-1.6492325403694275
Yam Tuber,2008-10-01,2008-09-01,-0.8660254037844386,0.5000000000000001,-15.953735293667659,2.5657200172232386,1.4830092820252716,2.500327289798654,,0.0,1,0,0,21,WB_RTFP,-1.2471429954877933
Agric Hen Eggs (Crate of 30 Pieces),2008-11-01,2008-10-01,-0.5000000000000004,0.8660254037844384,-0.6282948894912876,-10.862683082009717,0.6030320420052471,-1.9983972882381518,,0.0,1,0,0,22,WB_RTFP,-11.862661748659498
Beans Brown,2008-11-01,2008-10-01,-0.5000000000000004,0.8660254037844384,0.6015372848869438,0.5171880738608747,-10.179126230782254,-4.476453499663169,,0.0,1,0,0,22,WB_RTFP,-7.946411074825688
Beef Boneless,2008-11-01,2008-10-01,-0.5000000000000004,0.8660254037844384,-1.133279892088035,-9.921383543268714,0.3871860017526485,-2.5976290870610597,,0.0,1,0,0,22,WB_RTFP,-9.792193279945616
Garri White,2008-11-01,2008-10-01,-0.5000000000000004,0.8660254037844384,-3.281982585398535,3.9981803836831586,0.7933229053481261,-7.3202457929531395,,0.0,1,0,0,22,WB_RTFP,1.1405393182203571
Goat Meat Bone-In,2008-11-01,2008-10-01,-0.5000000000000004,0.8660254037844384,-0.7889068514472464,-8.220479247314627,-0.07808554611079543,-2.508399613117396,,0.0,1,0,0,22,WB_RTFP,-8.877224491722103
Maize White Grain,2008-11-01,2008-10-01,-0.5000000000000004,0.8660254037844384,-1.0266661318286463,-7.680628390736244,3.832958788697005,-2.1188551400466826,,0.0,1,0,0,22,WB_RTFP,-12.336561388972079
Onions Fresh,2008-11-01,2008-10-01,-0.5000000000000004,0.8660254037844384,-0.5465922144445745,-8.529644243680568,3.7803415649790617,-1.6147901663367548,,0.0,1,0,0,22,WB_RTFP,-9.816661665049875
Rice Long-Grain Imported,2008-11-01,2008-10-01,-0.5000000000000004,0.8660254037844384,-1.6492325403694275,-5.683756966700337,6.142662933203469,-2.300382353049568,,,0,0,1,22,WB_RTFP,-8.023386172729596
Yam Tuber,2008-11-01,2008-10-01,-0.5000000000000004,0.8660254037844384,-1.2471429954877933,-15.953735293667659,2.5657200172232386,-0.7704835880731786,,0.0,1,0,0,22,WB_RTFP,-17.173885954738477
Agric Hen Eggs (Crate of 30 Pieces),2008-12-01,2008-11-01,-2.4492935982947064e-16,1.0,-11.862661748659498,-0.6282948894912876,-10.862683082009717,1.620260599154788,,0.0,1,0,0,23,WB_RTFP,-0.9409686303281983
Beans Brown,2008-12-01,2008-11-01,-2.4492935982947064e-16,1.0,-7.946411074825688,0.6015372848869438,0.5171880738608747,0.8593584046135305,,0.0,1,0,0,23,WB_RTFP,-4.651999995541834
Beef Boneless,2008-12-01,2008-11-01,-2.4492935982947064e-16,1.0,-9.792193279945616,-1.133279892088035,-9.921383543268714,0.5065542204506279,,0.0,1,0,0,23,WB_RTFP,2.3534234637675455
Garri White,2008-12-01,2008-11-01,-2.4492935982947064e-16,1.0,1.1405393182203571,-3.281982585398535,3.9981803836831586,-0.834633199778434,,0.0,1,0,0,23,WB_RTFP,2.735352067409158
Goat Meat Bone-In,2008-12-01,2008-11-01,-2.4492935982947064e-16,1.0,-8.877224491722103,-0.7889068514472464,-8.220479247314627,0.4807808261806379,,0.0,1,0,0,23,WB_RTFP,0.9561418299630198
Maize White Grain,2008-12-01,2008-11-01,-2.4492935982947064e-16,1.0,-12.336561388972079,-1.0266661318286463,-7.680628390736244,3.170899949415218,,0.0,0,0,0,23,WB_RTFP,-4.22179243174935
Onions Fresh,2008-12-01,2008-11-01,-2.4492935982947064e-16,1.0,-9.816661665049875,-0.5465922144445745,-8.529644243680568,1.972514812376569,,0.0,1,0,0,23,WB_RTFP,-1.3418871545646693
Rice Long-Grain Imported,2008-12-01,2008-11-01,-2.4492935982947064e-16,1.0,-8.023386172729596,-1.6492325403694275,-5.683756966700337,1.324675651211904,,,0,0,1,23,WB_RTFP,-0.008066124294470178
Yam Tuber,2008-12-01,2008-11-01,-2.4492935982947064e-16,1.0,-17.173885954738477,-1.2471429954877933,-15.953735293667659,2.8795079675705715,,0.0,0,0,0,23,WB_RTFP,-2.6829159730444196
Agric Hen Eggs (Crate of 30 Pieces),2009-01-01,2008-12-01,0.49999999999999994,0.8660254037844387,-0.9409686303281983,-11.862661748659498,-0.6282948894912876,3.0890359203081807,,0.0,0,0,0,24,WB_RTFP,17.753231209454135
Beans Brown,2009-01-01,2008-12-01,0.49999999999999994,0.8660254037844387,-4.651999995541834,-7.946411074825688,0.6015372848869438,4.8840214336703935,,0.0,0,0,0,24,WB_RTFP,-1.4854094972693521
Beef Boneless,2009-01-01,2008-12-01,0.49999999999999994,0.8660254037844387,2.3534234637675455,-9.792193279945616,-1.133279892088035,2.5237801779463442,,0.0,1,0,0,24,WB_RTFP,15.651465732206837
Garri White,2009-01-01,2008-12-01,0.49999999999999994,0.8660254037844387,2.735352067409158,1.1405393182203571,-3.281982585398535,10.703723376912656,,0.0,0,0,0,24,WB_RTFP,6.789716246942423
Goat Meat Bone-In,2009-01-01,2008-12-01,0.49999999999999994,0.8660254037844387,0.9561418299630198,-8.877224491722103,-0.7889068514472464,2.431099527198377,,0.0,1,0,0,24,WB_RTFP,16.441395024926074
Maize White Grain,2009-01-01,2008-12-01,0.49999999999999994,0.8660254037844387,-4.22179243174935,-12.336561388972079,-1.0266661318286463,7.950601435838922,,0.0,0,0,0,24,WB_RTFP,12.643336015017436
Onions Fresh,2009-01-01,2008-12-01,0.49999999999999994,0.8660254037844387,-1.3418871545646693,-9.816661665049875,-0.5465922144445745,5.454860914967274,,0.0,1,0,0,24,WB_RTFP,11.509800999317598
Rice Long-Grain Imported,2009-01-01,2008-12-01,0.49999999999999994,0.8660254037844387,-0.008066124294470178,-8.023386172729596,-1.6492325403694275,5.92684406626991,,,0,0,1,24,WB_RTFP,16.252870987619737
Yam Tuber,2009-01-01,2008-12-01,0.49999999999999994,0.8660254037844387,-2.6829159730444196,-17.173885954738477,-1.2471429954877933,2.9448234094096915,,0.0,0,0,0,24,WB_RTFP,25.697315750572635
Agric Hen Eggs (Crate of 30 Pieces),2009-02-01,2009-01-01,0.8660254037844386,0.5000000000000001,17.753231209454135,-0.9409686303281983,-11.862661748659498,2.314004020375049,,0.0,0,0,0,25,WB_RTFP,4.619617502937445
Beans Brown,2009-02-01,2009-01-01,0.8660254037844386,0.5000000000000001,-1.4854094972693521,-4.651999995541834,-7.946411074825688,5.835303816729143,,0.0,0,0,0,25,WB_RTFP,17.824688634822472
Beef Boneless,2009-02-01,2009-01-01,0.8660254037844386,0.5000000000000001,15.651465732206837,2.3534234637675455,-9.792193279945616,0.8731897268193345,,0.0,0,0,0,25,WB_RTFP,3.6230243512106686
Garri White,2009-02-01,2009-01-01,0.8660254037844386,0.5000000000000001,6.789716246942423,2.735352067409158,1.1405393182203571,0.7364435873068009,,0.0,0,0,0,25,WB_RTFP,-3.9819646170240697
Goat Meat Bone-In,2009-02-01,2009-01-01,0.8660254037844386,0.5000000000000001,16.441395024926074,0.9561418299630198,-8.877224491722103,1.19587321292014,,0.0,0,0,0,25,WB_RTFP,2.5809254232833867
Maize White Grain,2009-02-01,2009-01-01,0.8660254037844386,0.5000000000000001,12.643336015017436,-4.22179243174935,-12.336561388972079,3.7513350436573,,0.0,0,0,0,25,WB_RTFP,1.824081590869575
Onions Fresh,2009-02-01,2009-01-01,0.8660254037844386,0.5000000000000001,11.509800999317598,-1.3418871545646693,-9.816661665049875,1.9521490091944704,,0.0,1,0,0,25,WB_RTFP,0.2039947805473563
Rice Long-Grain Imported,2009-02-01,2009-01-01,0.8660254037844386,0.5000000000000001,16.252870987619737,-0.008066124294470178,-8.023386172729596,1.3591864559248323,,,0,0,1,25,WB_RTFP,-2.829951378883311
Yam Tuber,2009-02-01,2009-01-01,0.8660254037844386,0.5000000000000001,25.697315750572635,-2.6829159730444196,-17.173885954738477,2.421828191547837,,0.0,0,0,0,25,WB_RTFP,2.8696329923375785
Agric Hen Eggs (Crate of 30 Pieces),2009-03-01,2009-02-01,1.0,6.123233995736766e-17,4.619617502937445,17.753231209454135,-0.9409686303281983,3.9526872716864725,,0.0,0,1,0,26,WB_RTFP,-3.055970737964564
Beans Brown,2009-03-01,2009-02-01,1.0,6.123233995736766e-17,17.824688634822472,-1.4854094972693521,-4.651999995541834,5.745444389966825,,0.0,0,0,0,26,WB_RTFP,-7.23295537226204
Beef Boneless,2009-03-01,2009-02-01,1.0,6.123233995736766e-17,3.6230243512106686,15.651465732206837,2.3534234637675455,2.5711133384387352,,0.0,0,0,0,26,WB_RTFP,-0.49002258489052597
Garri White,2009-03-01,2009-02-01,1.0,6.123233995736766e-17,-3.9819646170240697,6.789716246942423,2.735352067409158,-0.8764112618232622,,0.0,0,1,0,26,WB_RTFP,17.166317353354742
Goat Meat Bone-In,2009-03-01,2009-02-01,1.0,6.123233995736766e-17,2.5809254232833867,16.441395024926074,0.9561418299630198,2.539781781583361,,0.0,0,0,0,26,WB_RTFP,-1.165833738041333
Maize White Grain,2009-03-01,2009-02-01,1.0,6.123233995736766e-17,1.824081590869575,12.643336015017436,-4.22179243174935,3.9635246423568526,,0.0,0,0,0,26,WB_RTFP,-0.0177690906667749
Onions Fresh,2009-03-01,2009-02-01,1.0,6.123233995736766e-17,0.2039947805473563,11.509800999317598,-1.3418871545646693,2.1613405640727112,,0.0,0,0,0,26,WB_RTFP,-0.061073846704662316
Rice Long-Grain Imported,2009-03-01,2009-02-01,1.0,6.123233995736766e-17,-2.829951378883311,16.252870987619737,-0.008066124294470178,1.183451782515732,,,0,0,1,26,WB_RTFP,4.880134014248427
Yam Tuber,2009-03-01,2009-02-01,1.0,6.123233995736766e-17,2.8696329923375785,25.697315750572635,-2.6829159730444196,5.300048370518162,,0.0,0,1,0,26,WB_RTFP,-4.957889561351059
Agric Hen Eggs (Crate of 30 Pieces),2009-04-01,2009-03-01,0.8660254037844387,-0.4999999999999998,-3.055970737964564,4.619617502937445,17.753231209454135,2.9625062529920365,,0.0,0,1,0,27,WB_RTFP,1.1301518821152046
Beans Brown,2009-04-01,2009-03-01,0.8660254037844387,-0.4999999999999998,-7.23295537226204,17.824688634822472,-1.4854094972693521,11.580165342109904,,0.0,0,1,0,27,WB_RTFP,-0.6845567641503458
Beef Boneless,2009-04-01,2009-03-01,0.8660254037844387,-0.4999999999999998,-0.49002258489052597,3.6230243512106686,15.651465732206837,3.4739318483602455,,0.0,0,0,0,27,WB_RTFP,1.394882267858355
Garri White,2009-04-01,2009-03-01,0.8660254037844387,-0.4999999999999998,17.166317353354742,-3.9819646170240697,6.789716246942423,14.168263239151035,,0.0,0,1,0,27,WB_RTFP,3.6230899573931774
Goat Meat Bone-In,2009-04-01,2009-03-01,0.8660254037844387,-0.4999999999999998,-1.165833738041333,2.5809254232833867,16.441395024926074,3.4607448827727705,,0.0,0,0,0,27,WB_RTFP,0.9775522237835066
Maize White Grain,2009-04-01,2009-03-01,0.8660254037844387,-0.4999999999999998,-0.0177690906667749,1.824081590869575,12.643336015017436,5.418641269257951,,0.0,0,0,0,27,WB_RTFP,1.7989724834145182
Onions Fresh,2009-04-01,2009-03-01,0.8660254037844387,-0.4999999999999998,-0.061073846704662316,0.2039947805473563,11.509800999317598,2.7823697532088687,,0.0,0,0,0,27,WB_RTFP,1.5751930796868763
Rice Long-Grain Imported,2009-04-01,2009-03-01,0.8660254037844387,-0.4999999999999998,4.880134014248427,-2.829951378883311,16.252870987619737,3.2159992507917456,,,0,0,1,27,WB_RTFP,1.9179066721515259
Yam Tuber,2009-04-01,2009-03-01,0.8660254037844387,-0.4999999999999998,-4.957889561351059,2.8696329923375785,25.697315750572635,1.6101248451457773,,0.0,0,1,0,27,WB_RTFP,2.2696568495001124
Agric Hen Eggs (Crate of 30 Pieces),2009-05-01,2009-04-01,0.49999999999999994,-0.8660254037844387,1.1301518821152046,-3.055970737964564,4.619617502937445,4.038661337160909,,0.0,0,1,0,28,WB_RTFP,-7.556026881222133
Beans Brown,2009-05-01,2009-04-01,0.49999999999999994,-0.8660254037844387,-0.6845567641503458,-7.23295537226204,17.824688634822472,11.931115002918858,,0.0,0,1,0,28,WB_RTFP,-2.4245961738993738
Beef Boneless,2009-05-01,2009-04-01,0.49999999999999994,-0.8660254037844387,1.394882267858355,-0.49002258489052597,3.6230243512106686,4.123220441230746,,0.0,0,0,0,28,WB_RTFP,-5.352920255120653
Garri White,2009-05-01,2009-04-01,0.49999999999999994,-0.8660254037844387,3.6230899573931774,17.166317353354742,-3.9819646170240697,15.105303746184862,,0.0,0,1,0,28,WB_RTFP,11.205598337834122
Goat Meat Bone-In,2009-05-01,2009-04-01,0.49999999999999994,-0.8660254037844387,0.9775522237835066,-1.165833738041333,2.5809254232833867,3.917209913941111,,0.0,0,0,0,28,WB_RTFP,-4.764885607718683
Maize White Grain,2009-05-01,2009-04-01,0.49999999999999994,-0.8660254037844387,1.7989724834145182,-0.0177690906667749,1.824081590869575,6.9366036931955755,,0.0,0,1,0,28,WB_RTFP,-5.285923652618962
Onions Fresh,2009-05-01,2009-04-01,0.49999999999999994,-0.8660254037844387,1.5751930796868763,-0.061073846704662316,0.2039947805473563,3.8607803050881406,,0.0,0,0,0,28,WB_RTFP,-3.8100078834903184
Rice Long-Grain Imported,2009-05-01,2009-04-01,0.49999999999999994,-0.8660254037844387,1.9179066721515259,4.880134014248427,-2.829951378883311,4.636791147994468,,,0,0,1,28,WB_RTFP,-2.44790932102108
Yam Tuber,2009-05-01,2009-04-01,0.49999999999999994,-0.8660254037844387,2.2696568495001124,-4.957889561351059,2.8696329923375785,4.440907861174748,,0.0,0,1,0,28,WB_RTFP,-11.971789469087401
Agric Hen Eggs (Crate of 30 Pieces),2009-06-01,2009-05-01,1.2246467991473532e-16,-1.0,-7.556026881222133,1.1301518821152046,-3.055970737964564,4.426325716563273,,0.0,0,0,0,29,WB_RTFP,11.328342952537817
Beans Brown,2009-06-01,2009-05-01,1.2246467991473532e-16,-1.0,-2.4245961738993738,-0.6845567641503458,-7.23295537226204,3.330017571326027,,0.0,0,1,0,29,WB_RTFP,15.133943174129527
Beef Boneless,2009-06-01,2009-05-01,1.2246467991473532e-16,-1.0,-5.352920255120653,1.394882267858355,-0.49002258489052597,2.909939685030638,,0.0,0,0,0,29,WB_RTFP,5.613575178976871
Garri White,2009-06-01,2009-05-01,1.2246467991473532e-16,-1.0,11.205598337834122,3.6230899573931774,17.166317353354742,2.351520184196132,,0.0,0,0,0,29,WB_RTFP,-5.237923694121516
Goat Meat Bone-In,2009-06-01,2009-05-01,1.2246467991473532e-16,-1.0,-4.764885607718683,0.9775522237835066,-1.165833738041333,2.527454033657217,,0.0,0,0,0,29,WB_RTFP,6.271197305239595
Maize White Grain,2009-06-01,2009-05-01,1.2246467991473532e-16,-1.0,-5.285923652618962,1.7989724834145182,-0.0177690906667749,5.3217065319261625,,0.0,0,1,0,29,WB_RTFP,13.536737688417833
Onions Fresh,2009-06-01,2009-05-01,1.2246467991473532e-16,-1.0,-3.8100078834903184,1.5751930796868763,-0.061073846704662316,3.603702811521381,,0.0,0,0,0,29,WB_RTFP,8.275909170971229
Rice Long-Grain Imported,2009-06-01,2009-05-01,1.2246467991473532e-16,-1.0,-2.44790932102108,1.9179066721515259,4.880134014248427,3.4180541529416297,,,0,0,1,29,WB_RTFP,8.333824763114972
Yam Tuber,2009-06-01,2009-05-01,1.2246467991473532e-16,-1.0,-11.971789469087401,2.2696568495001124,-4.957889561351059,6.179576178791635,,0.0,0,0,0,29,WB_RTFP,16.474102663319744
Agric Hen Eggs (Crate of 30 Pieces),2009-07-01,2009-06-01,-0.4999999999999997,-0.8660254037844388,11.328342952537817,-7.556026881222133,1.1301518821152046,0.7601662544365784,,0.0,0,0,0,30,WB_RTFP,10.244052887892341
Beans Brown,2009-07-01,2009-06-01,-0.4999999999999997,-0.8660254037844388,15.133943174129527,-2.4245961738993738,-0.6845567641503458,-1.5213696548331934,,0.0,0,0,0,30,WB_RTFP,2.91464757200266
Beef Boneless,2009-07-01,2009-06-01,-0.4999999999999997,-0.8660254037844388,5.613575178976871,-5.352920255120653,1.394882267858355,0.013529211673124486,,0.0,0,1,0,30,WB_RTFP,7.699633955961516
Garri White,2009-07-01,2009-06-01,-0.4999999999999997,-0.8660254037844388,-5.237923694121516,11.205598337834122,3.6230899573931774,-3.4847325429166798,,0.0,0,0,0,30,WB_RTFP,-0.7336982817014337
Goat Meat Bone-In,2009-07-01,2009-06-01,-0.4999999999999997,-0.8660254037844388,6.271197305239595,-4.764885607718683,0.9775522237835066,0.08257219508123192,,0.0,0,1,0,30,WB_RTFP,6.5719934015803005
Maize White Grain,2009-07-01,2009-06-01,-0.4999999999999997,-0.8660254037844388,13.536737688417833,-5.285923652618962,1.7989724834145182,0.6185974731647281,,0.0,0,1,0,30,WB_RTFP,9.991903941007706
Onions Fresh,2009-07-01,2009-06-01,-0.4999999999999997,-0.8660254037844388,8.275909170971229,-3.8100078834903184,1.5751930796868763,0.8244149045711691,,0.0,0,1,0,30,WB_RTFP,7.672567194305757
Rice Long-Grain Imported,2009-07-01,2009-06-01,-0.4999999999999997,-0.8660254037844388,8.333824763114972,-2.44790932102108,1.9179066721515259,0.7875432780696467,,,0,0,1,30,WB_RTFP,7.55558521192794
Yam Tuber,2009-07-01,2009-06-01,-0.4999999999999997,-0.8660254037844388,16.474102663319744,-11.971789469087401,2.2696568495001124,1.4830092820252716,,0.0,0,0,0,30,WB_RTFP,17.22496427600433
Agric Hen Eggs (Crate of 30 Pieces),2009-08-01,2009-07-01,-0.8660254037844384,-0.5000000000000004,10.244052887892341,11.328342952537817,-7.556026881222133,0.6030320420052471,,0.0,0,0,0,31,WB_RTFP,-1.812769200296771
Beans Brown,2009-08-01,2009-07-01,-0.8660254037844384,-0.5000000000000004,2.91464757200266,15.133943174129527,-2.4245961738993738,-10.179126230782254,,0.0,0,0,0,31,WB_RTFP,1.295204528867
Beef Boneless,2009-08-01,2009-07-01,-0.8660254037844384,-0.5000000000000004,7.699633955961516,5.613575178976871,-5.352920255120653,0.3871860017526485,,0.0,0,1,0,31,WB_RTFP,-1.131777731170136
Garri White,2009-08-01,2009-07-01,-0.8660254037844384,-0.5000000000000004,-0.7336982817014337,-5.237923694121516,11.205598337834122,0.7933229053481261,,0.0,0,0,0,31,WB_RTFP,-0.12359304118955139
Goat Meat Bone-In,2009-08-01,2009-07-01,-0.8660254037844384,-0.5000000000000004,6.5719934015803005,6.271197305239595,-4.764885607718683,-0.07808554611079543,,0.0,0,1,0,31,WB_RTFP,-0.6663091368205643
Maize White Grain,2009-08-01,2009-07-01,-0.8660254037844384,-0.5000000000000004,9.991903941007706,13.536737688417833,-5.285923652618962,3.832958788697005,,0.0,0,0,0,31,WB_RTFP,-2.5286266954616887
Onions Fresh,2009-08-01,2009-07-01,-0.8660254037844384,-0.5000000000000004,7.672567194305757,8.275909170971229,-3.8100078834903184,3.7803415649790617,,0.0,0,1,0,31,WB_RTFP,-2.2782562043863197
Rice Long-Grain Imported,2009-08-01,2009-07-01,-0.8660254037844384,-0.5000000000000004,7.55558521192794,8.333824763114972,-2.44790932102108,6.142662933203469,,,0,0,1,31,WB_RTFP,-1.5449442788246448
Yam Tuber,2009-08-01,2009-07-01,-0.8660254037844384,-0.5000000000000004,17.22496427600433,16.474102663319744,-11.971789469087401,2.5657200172232386,,0.0,1,0,0,31,WB_RTFP,-3.759791881639929
Agric Hen Eggs (Crate of 30 Pieces),2009-09-01,2009-08-01,-1.0,-1.8369701987210297e-16,-1.812769200296771,10.244052887892341,11.328342952537817,-10.862683082009717,,0.0,0,0,0,32,WB_RTFP,-6.107681072827464
Beans Brown,2009-09-01,2009-08-01,-1.0,-1.8369701987210297e-16,1.295204528867,2.91464757200266,15.133943174129527,0.5171880738608747,,0.0,0,0,0,32,WB_RTFP,-3.0808308009347973
Beef Boneless,2009-09-01,2009-08-01,-1.0,-1.8369701987210297e-16,-1.131777731170136,7.699633955961516,5.613575178976871,-9.921383543268714,,0.0,0,0,0,32,WB_RTFP,-4.368997602483937
Garri White,2009-09-01,2009-08-01,-1.0,-1.8369701987210297e-16,-0.12359304118955139,-0.7336982817014337,-5.237923694121516,3.9981803836831586,,0.0,1,0,0,32,WB_RTFP,0.3766409414454941
Goat Meat Bone-In,2009-09-01,2009-08-01,-1.0,-1.8369701987210297e-16,-0.6663091368205643,6.5719934015803005,6.271197305239595,-8.220479247314627,,0.0,0,0,0,32,WB_RTFP,-4.159037460153192
Maize White Grain,2009-09-01,2009-08-01,-1.0,-1.8369701987210297e-16,-2.5286266954616887,9.991903941007706,13.536737688417833,-7.680628390736244,,0.0,1,0,0,32,WB_RTFP,-6.131297271879554
Onions Fresh,2009-09-01,2009-08-01,-1.0,-1.8369701987210297e-16,-2.2782562043863197,7.672567194305757,8.275909170971229,-8.529644243680568,,0.0,0,1,0,32,WB_RTFP,-5.073547507714437
Rice Long-Grain Imported,2009-09-01,2009-08-01,-1.0,-1.8369701987210297e-16,-1.5449442788246448,7.55558521192794,8.333824763114972,-5.683756966700337,,,0,0,1,32,WB_RTFP,-5.68276978232356
Yam Tuber,2009-09-01,2009-08-01,-1.0,-1.8369701987210297e-16,-3.759791881639929,17.22496427600433,16.474102663319744,-15.953735293667659,,0.0,1,0,0,32,WB_RTFP,-9.74038558340884
Agric Hen Eggs (Crate of 30 Pieces),2009-10-01,2009-09-01,-0.8660254037844386,0.5000000000000001,-6.107681072827464,-1.812769200296771,10.244052887892341,-0.6282948894912876,,0.0,1,0,0,33,WB_RTFP,-4.328928398130804
Beans Brown,2009-10-01,2009-09-01,-0.8660254037844386,0.5000000000000001,-3.0808308009347973,1.295204528867,2.91464757200266,0.6015372848869438,,0.0,1,0,0,33,WB_RTFP,0.1714112101968146
Beef Boneless,2009-10-01,2009-09-01,-0.8660254037844386,0.5000000000000001,-4.368997602483937,-1.131777731170136,7.699633955961516,-1.133279892088035,,0.0,0,0,0,33,WB_RTFP,-3.4840729249830837
Garri White,2009-10-01,2009-09-01,-0.8660254037844386,0.5000000000000001,0.3766409414454941,-0.12359304118955139,-0.7336982817014337,-3.281982585398535,,0.0,1,0,0,33,WB_RTFP,0.32296320476734586
Goat Meat Bone-In,2009-10-01,2009-09-01,-0.8660254037844386,0.5000000000000001,-4.159037460153192,-0.6663091368205643,6.5719934015803005,-0.7889068514472464,,0.0,0,0,0,33,WB_RTFP,-3.0616195523012535
Maize White Grain,2009-10-01,2009-09-01,-0.8660254037844386,0.5000000000000001,-6.131297271879554,-2.5286266954616887,9.991903941007706,-1.0266661318286463,,0.0,1,0,0,33,WB_RTFP,-4.57025081084752
Onions Fresh,2009-10-01,2009-09-01,-0.8660254037844386,0.5000000000000001,-5.073547507714437,-2.2782562043863197,7.672567194305757,-0.5465922144445745,,0.0,0,0,0,33,WB_RTFP,-3.6110058565834935
Rice Long-Grain Imported,2009-10-01,2009-09-01,-0.8660254037844386,0.5000000000000001,-5.68276978232356,-1.5449442788246448,7.55558521192794,-1.6492325403694275,,,0,0,1,33,WB_RTFP,-4.390442015468155
Yam Tuber,2009-10-01,2009-09-01,-0.8660254037844386,0.5000000000000001,-9.74038558340884,-3.759791881639929,17.22496427600433,-1.2471429954877933,,0.0,1,0,0,33,WB_RTFP,-6.22679469465549
Agric Hen Eggs (Crate of 30 Pieces),2009-11-01,2009-10-01,-0.5000000000000004,0.8660254037844384,-4.328928398130804,-6.107681072827464,-1.812769200296771,-11.862661748659498,,0.0,1,0,0,34,WB_RTFP,-4.231433259522799
Beans Brown,2009-11-01,2009-10-01,-0.5000000000000004,0.8660254037844384,0.1714112101968146,-3.0808308009347973,1.295204528867,-7.946411074825688,,0.0,1,0,0,34,WB_RTFP,-2.289326713570261
Beef Boneless,2009-11-01,2009-10-01,-0.5000000000000004,0.8660254037844384,-3.4840729249830837,-4.368997602483937,-1.131777731170136,-9.792193279945616,,0.0,1,0,0,34,WB_RTFP,-3.778291837024783
Garri White,2009-11-01,2009-10-01,-0.5000000000000004,0.8660254037844384,0.32296320476734586,0.3766409414454941,-0.12359304118955139,1.1405393182203571,,0.0,1,0,0,34,WB_RTFP,-1.106309181570042
Goat Meat Bone-In,2009-11-01,2009-10-01,-0.5000000000000004,0.8660254037844384,-3.0616195523012535,-4.159037460153192,-0.6663091368205643,-8.877224491722103,,0.0,1,0,0,34,WB_RTFP,-3.205065529710749
Maize White Grain,2009-11-01,2009-10-01,-0.5000000000000004,0.8660254037844384,-4.57025081084752,-6.131297271879554,-2.5286266954616887,-12.336561388972079,,0.0,1,0,0,34,WB_RTFP,-4.831609876751919
Onions Fresh,2009-11-01,2009-10-01,-0.5000000000000004,0.8660254037844384,-3.6110058565834935,-5.073547507714437,-2.2782562043863197,-9.816661665049875,,0.0,1,0,0,34,WB_RTFP,-3.1500651737622176
Rice Long-Grain Imported,2009-11-01,2009-10-01,-0.5000000000000004,0.8660254037844384,-4.390442015468155,-5.68276978232356,-1.5449442788246448,-8.023386172729596,,,0,0,1,34,WB_RTFP,-2.854127092416636
Yam Tuber,2009-11-01,2009-10-01,-0.5000000000000004,0.8660254037844384,-6.22679469465549,-9.74038558340884,-3.759791881639929,-17.173885954738477,,0.0,1,0,0,34,WB_RTFP,-6.5651121505609815
Agric Hen Eggs (Crate of 30 Pieces),2009-12-01,2009-11-01,-2.4492935982947064e-16,1.0,-4.231433259522799,-4.328928398130804,-6.107681072827464,-0.9409686303281983,,0.0,1,0,0,35,WB_RTFP,2.166918825250108
Beans Brown,2009-12-01,2009-11-01,-2.4492935982947064e-16,1.0,-2.289326713570261,0.1714112101968146,-3.0808308009347973,-4.651999995541834,,0.0,1,0,0,35,WB_RTFP,8.12658739704517
Beef Boneless,2009-12-01,2009-11-01,-2.4492935982947064e-16,1.0,-3.778291837024783,-3.4840729249830837,-4.368997602483937,2.3534234637675455,,0.0,1,0,0,35,WB_RTFP,2.308720026617306
Garri White,2009-12-01,2009-11-01,-2.4492935982947064e-16,1.0,-1.106309181570042,0.32296320476734586,0.3766409414454941,2.735352067409158,,0.0,1,0,0,35,WB_RTFP,3.98995423401034
Goat Meat Bone-In,2009-12-01,2009-11-01,-2.4492935982947064e-16,1.0,-3.205065529710749,-3.0616195523012535,-4.159037460153192,0.9561418299630198,,0.0,1,0,0,35,WB_RTFP,2.2406292707386255
Maize White Grain,2009-12-01,2009-11-01,-2.4492935982947064e-16,1.0,-4.831609876751919,-4.57025081084752,-6.131297271879554,-4.22179243174935,,0.0,0,0,0,35,WB_RTFP,2.1509422496663655
Onions Fresh,2009-12-01,2009-11-01,-2.4492935982947064e-16,1.0,-3.1500651737622176,-3.6110058565834935,-5.073547507714437,-1.3418871545646693,,0.0,1,0,0,35,WB_RTFP,0.8046742315539035
Rice Long-Grain Imported,2009-12-01,2009-11-01,-2.4492935982947064e-16,1.0,-2.854127092416636,-4.390442015468155,-5.68276978232356,-0.008066124294470178,,,0,0,1,35,WB_RTFP,0.19875522442303062
Yam Tuber,2009-12-01,2009-11-01,-2.4492935982947064e-16,1.0,-6.5651121505609815,-6.22679469465549,-9.74038558340884,-2.6829159730444196,,0.0,0,0,0,35,WB_RTFP,2.7425816230322697
Agric Hen Eggs (Crate of 30 Pieces),2010-01-01,2009-12-01,0.49999999999999994,0.8660254037844387,2.166918825250108,-4.231433259522799,-4.328928398130804,17.753231209454135,,0.0,0,0,0,36,WB_RTFP,3.526287415036
Beans Brown,2010-01-01,2009-12-01,0.49999999999999994,0.8660254037844387,8.12658739704517,-2.289326713570261,0.1714112101968146,-1.4854094972693521,,0.0,0,0,0,36,WB_RTFP,-2.8098181670940914
Beef Boneless,2010-01-01,2009-12-01,0.49999999999999994,0.8660254037844387,2.308720026617306,-3.778291837024783,-3.4840729249830837,15.651465732206837,,0.0,1,0,0,36,WB_RTFP,4.070075866860856
Garri White,2010-01-01,2009-12-01,0.49999999999999994,0.8660254037844387,3.98995423401034,-1.106309181570042,0.32296320476734586,6.789716246942423,,0.0,0,0,0,36,WB_RTFP,-2.045161170885068
Goat Meat Bone-In,2010-01-01,2009-12-01,0.49999999999999994,0.8660254037844387,2.2406292707386255,-3.205065529710749,-3.0616195523012535,16.441395024926074,,0.0,1,0,0,36,WB_RTFP,2.8657098977002082
Maize White Grain,2010-01-01,2009-12-01,0.49999999999999994,0.8660254037844387,2.1509422496663655,-4.831609876751919,-4.57025081084752,12.643336015017436,,0.0,0,0,0,36,WB_RTFP,1.4036910095135413
Onions Fresh,2010-01-01,2009-12-01,0.49999999999999994,0.8660254037844387,0.8046742315539035,-3.1500651737622176,-3.6110058565834935,11.509800999317598,,0.0,1,0,0,36,WB_RTFP,1.9013206460887666
Rice Long-Grain Imported,2010-01-01,2009-12-01,0.49999999999999994,0.8660254037844387,0.19875522442303062,-2.854127092416636,-4.390442015468155,16.252870987619737,,,0,0,1,36,WB_RTFP,0.07802198217397027
Yam Tuber,2010-01-01,2009-12-01,0.49999999999999994,0.8660254037844387,2.7425816230322697,-6.5651121505609815,-6.22679469465549,25.697315750572635,,0.0,0,0,0,36,WB_RTFP,5.626822270321341
Agric Hen Eggs (Crate of 30 Pieces),2010-02-01,2010-01-01,0.8660254037844386,0.5000000000000001,3.526287415036,2.166918825250108,-4.231433259522799,4.619617502937445,,0.0,0,0,0,37,WB_RTFP,-0.9753671874804359
Beans Brown,2010-02-01,2010-01-01,0.8660254037844386,0.5000000000000001,-2.8098181670940914,8.12658739704517,-2.289326713570261,17.824688634822472,,0.0,0,0,0,37,WB_RTFP,-8.777964345883248
Beef Boneless,2010-02-01,2010-01-01,0.8660254037844386,0.5000000000000001,4.070075866860856,2.308720026617306,-3.778291837024783,3.6230243512106686,,0.0,0,0,0,37,WB_RTFP,-0.4089961262008668
Garri White,2010-02-01,2010-01-01,0.8660254037844386,0.5000000000000001,-2.045161170885068,3.98995423401034,-1.106309181570042,-3.9819646170240697,,0.0,0,0,0,37,WB_RTFP,-2.138545885012988
Goat Meat Bone-In,2010-02-01,2010-01-01,0.8660254037844386,0.5000000000000001,2.8657098977002082,2.2406292707386255,-3.205065529710749,2.5809254232833867,,0.0,0,0,0,37,WB_RTFP,-0.5808134054222758
Maize White Grain,2010-02-01,2010-01-01,0.8660254037844386,0.5000000000000001,1.4036910095135413,2.1509422496663655,-4.831609876751919,1.824081590869575,,0.0,0,0,0,37,WB_RTFP,-1.3152164838660885
Onions Fresh,2010-02-01,2010-01-01,0.8660254037844386,0.5000000000000001,1.9013206460887666,0.8046742315539035,-3.1500651737622176,0.2039947805473563,,0.0,1,0,0,37,WB_RTFP,-0.14142016346507802
Rice Long-Grain Imported,2010-02-01,2010-01-01,0.8660254037844386,0.5000000000000001,0.07802198217397027,0.19875522442303062,-2.854127092416636,-2.829951378883311,,,0,0,1,37,WB_RTFP,2.4123597690235643
Yam Tuber,2010-02-01,2010-01-01,0.8660254037844386,0.5000000000000001,5.626822270321341,2.7425816230322697,-6.5651121505609815,2.8696329923375785,,0.0,0,0,0,37,WB_RTFP,-0.23776095602927594
Agric Hen Eggs (Crate of 30 Pieces),2010-03-01,2010-02-01,1.0,6.123233995736766e-17,-0.9753671874804359,3.526287415036,2.166918825250108,-3.055970737964564,,0.0,0,1,0,38,WB_RTFP,-2.2575226511202584
Beans Brown,2010-03-01,2010-02-01,1.0,6.123233995736766e-17,-8.777964345883248,-2.8098181670940914,8.12658739704517,-7.23295537226204,,0.0,0,0,0,38,WB_RTFP,-0.23533299670348562
Beef Boneless,2010-03-01,2010-02-01,1.0,6.123233995736766e-17,-0.4089961262008668,4.070075866860856,2.308720026617306,-0.49002258489052597,,0.0,0,0,0,38,WB_RTFP,-1.6566086550041548
Garri White,2010-03-01,2010-02-01,1.0,6.123233995736766e-17,-2.138545885012988,-2.045161170885068,3.98995423401034,17.166317353354742,,0.0,0,1,0,38,WB_RTFP,1.4803786623219573
Goat Meat Bone-In,2010-03-01,2010-02-01,1.0,6.123233995736766e-17,-0.5808134054222758,2.8657098977002082,2.2406292707386255,-1.165833738041333,,0.0,0,0,0,38,WB_RTFP,-1.4861704172542178
Maize White Grain,2010-03-01,2010-02-01,1.0,6.123233995736766e-17,-1.3152164838660885,1.4036910095135413,2.1509422496663655,-0.0177690906667749,,0.0,0,0,0,38,WB_RTFP,-2.2491357392401934
Onions Fresh,2010-03-01,2010-02-01,1.0,6.123233995736766e-17,-0.14142016346507802,1.9013206460887666,0.8046742315539035,-0.061073846704662316,,0.0,0,0,0,38,WB_RTFP,-1.4672294459447177
Rice Long-Grain Imported,2010-03-01,2010-02-01,1.0,6.123233995736766e-17,2.4123597690235643,0.07802198217397027,0.19875522442303062,4.880134014248427,,,0,0,1,38,WB_RTFP,-1.7423905199800083
Yam Tuber,2010-03-01,2010-02-01,1.0,6.123233995736766e-17,-0.23776095602927594,5.626822270321341,2.7425816230322697,-4.957889561351059,,0.0,0,1,0,38,WB_RTFP,-3.551103376711928
Agric Hen Eggs (Crate of 30 Pieces),2010-04-01,2010-03-01,0.8660254037844387,-0.4999999999999998,-2.2575226511202584,-0.9753671874804359,3.526287415036,1.1301518821152046,,0.0,0,1,0,39,WB_RTFP,-1.6107470706189675
Beans Brown,2010-04-01,2010-03-01,0.8660254037844387,-0.4999999999999998,-0.23533299670348562,-8.777964345883248,-2.8098181670940914,-0.6845567641503458,,0.0,0,1,0,39,WB_RTFP,4.299120125999023
Beef Boneless,2010-04-01,2010-03-01,0.8660254037844387,-0.4999999999999998,-1.6566086550041548,-0.4089961262008668,4.070075866860856,1.394882267858355,,0.0,0,0,0,39,WB_RTFP,-1.4842876045614517
Garri White,2010-04-01,2010-03-01,0.8660254037844387,-0.4999999999999998,1.4803786623219573,-2.138545885012988,-2.045161170885068,3.6230899573931774,,0.0,0,1,0,39,WB_RTFP,6.785798317001612
Goat Meat Bone-In,2010-04-01,2010-03-01,0.8660254037844387,-0.4999999999999998,-1.4861704172542178,-0.5808134054222758,2.8657098977002082,0.9775522237835066,,0.0,0,0,0,39,WB_RTFP,-1.1304535250572512
Maize White Grain,2010-04-01,2010-03-01,0.8660254037844387,-0.4999999999999998,-2.2491357392401934,-1.3152164838660885,1.4036910095135413,1.7989724834145182,,0.0,0,0,0,39,WB_RTFP,-0.466866730131843
Onions Fresh,2010-04-01,2010-03-01,0.8660254037844387,-0.4999999999999998,-1.4672294459447177,-0.14142016346507802,1.9013206460887666,1.5751930796868763,,0.0,0,0,0,39,WB_RTFP,-0.9624225429514577
Rice Long-Grain Imported,2010-04-01,2010-03-01,0.8660254037844387,-0.4999999999999998,-1.7423905199800083,2.4123597690235643,0.07802198217397027,1.9179066721515259,,,0,0,1,39,WB_RTFP,-0.32021610366221864
Yam Tuber,2010-04-01,2010-03-01,0.8660254037844387,-0.4999999999999998,-3.551103376711928,-0.23776095602927594,5.626822270321341,2.2696568495001124,,0.0,0,1,0,39,WB_RTFP,-3.6157880420081945
Agric Hen Eggs (Crate of 30 Pieces),2010-05-01,2010-04-01,0.49999999999999994,-0.8660254037844387,-1.6107470706189675,-2.2575226511202584,-0.9753671874804359,-7.556026881222133,,0.0,0,1,0,40,WB_RTFP,3.5826379524250607
Beans Brown,2010-05-01,2010-04-01,0.49999999999999994,-0.8660254037844387,4.299120125999023,-0.23533299670348562,-8.777964345883248,-2.4245961738993738,,0.0,0,1,0,40,WB_RTFP,17.779203569718383
Beef Boneless,2010-05-01,2010-04-01,0.49999999999999994,-0.8660254037844387,-1.4842876045614517,-1.6566086550041548,-0.4089961262008668,-5.352920255120653,,0.0,0,0,0,40,WB_RTFP,0.11609379340442594
Garri White,2010-05-01,2010-04-01,0.49999999999999994,-0.8660254037844387,6.785798317001612,1.4803786623219573,-2.138545885012988,11.205598337834122,,0.0,0,1,0,40,WB_RTFP,0.11875464771344824
Goat Meat Bone-In,2010-05-01,2010-04-01,0.49999999999999994,-0.8660254037844387,-1.1304535250572512,-1.4861704172542178,-0.5808134054222758,-4.764885607718683,,0.0,0,0,0,40,WB_RTFP,1.2645169317883953
Maize White Grain,2010-05-01,2010-04-01,0.49999999999999994,-0.8660254037844387,-0.466866730131843,-2.2491357392401934,-1.3152164838660885,-5.285923652618962,,0.0,0,1,0,40,WB_RTFP,6.3816137333004175
Onions Fresh,2010-05-01,2010-04-01,0.49999999999999994,-0.8660254037844387,-0.9624225429514577,-1.4672294459447177,-0.14142016346507802,-3.8100078834903184,,0.0,0,0,0,40,WB_RTFP,3.157557756949503
Rice Long-Grain Imported,2010-05-01,2010-04-01,0.49999999999999994,-0.8660254037844387,-0.32021610366221864,-1.7423905199800083,2.4123597690235643,-2.44790932102108,,,0,0,1,40,WB_RTFP,1.3231822240790558
Yam Tuber,2010-05-01,2010-04-01,0.49999999999999994,-0.8660254037844387,-3.6157880420081945,-3.551103376711928,-0.23776095602927594,-11.971789469087401,,0.0,0,1,0,40,WB_RTFP,3.7528548401250195
Agric Hen Eggs (Crate of 30 Pieces),2010-06-01,2010-05-01,1.2246467991473532e-16,-1.0,3.5826379524250607,-1.6107470706189675,-2.2575226511202584,11.328342952537817,,0.0,0,0,0,41,WB_RTFP,-1.1026027176349151
Beans Brown,2010-06-01,2010-05-01,1.2246467991473532e-16,-1.0,17.779203569718383,4.299120125999023,-0.23533299670348562,15.133943174129527,,0.0,0,1,0,41,WB_RTFP,-2.8274843859652066
Beef Boneless,2010-06-01,2010-05-01,1.2246467991473532e-16,-1.0,0.11609379340442594,-1.4842876045614517,-1.6566086550041548,5.613575178976871,,0.0,0,0,0,41,WB_RTFP,-0.44931534096995795
Garri White,2010-06-01,2010-05-01,1.2246467991473532e-16,-1.0,0.11875464771344824,6.785798317001612,1.4803786623219573,-5.237923694121516,,0.0,0,0,0,41,WB_RTFP,-2.9057950845669422
Goat Meat Bone-In,2010-06-01,2010-05-01,1.2246467991473532e-16,-1.0,1.2645169317883953,-1.1304535250572512,-1.4861704172542178,6.271197305239595,,0.0,0,0,0,41,WB_RTFP,-0.5067774273422754
Maize White Grain,2010-06-01,2010-05-01,1.2246467991473532e-16,-1.0,6.3816137333004175,-0.466866730131843,-2.2491357392401934,13.536737688417833,,0.0,0,1,0,41,WB_RTFP,-2.4493528698383615
Onions Fresh,2010-06-01,2010-05-01,1.2246467991473532e-16,-1.0,3.157557756949503,-0.9624225429514577,-1.4672294459447177,8.275909170971229,,0.0,0,0,0,41,WB_RTFP,-2.028536750203447
Rice Long-Grain Imported,2010-06-01,2010-05-01,1.2246467991473532e-16,-1.0,1.3231822240790558,-0.32021610366221864,-1.7423905199800083,8.333824763114972,,,0,0,1,41,WB_RTFP,-1.6939031559161655
Yam Tuber,2010-06-01,2010-05-01,1.2246467991473532e-16,-1.0,3.7528548401250195,-3.6157880420081945,-3.551103376711928,16.474102663319744,,0.0,0,0,0,41,WB_RTFP,-1.2870029540645866
Agric Hen Eggs (Crate of 30 Pieces),2010-07-01,2010-06-01,-0.4999999999999997,-0.8660254037844388,-1.1026027176349151,3.5826379524250607,-1.6107470706189675,10.244052887892341,,0.0,0,0,0,42,WB_RTFP,-1.8823833786090205
Beans Brown,2010-07-01,2010-06-01,-0.4999999999999997,-0.8660254037844388,-2.8274843859652066,17.779203569718383,4.299120125999023,2.91464757200266,,0.0,0,0,0,42,WB_RTFP,-7.152857165633442
Beef Boneless,2010-07-01,2010-06-01,-0.4999999999999997,-0.8660254037844388,-0.44931534096995795,0.11609379340442594,-1.4842876045614517,7.699633955961516,,0.0,0,1,0,42,WB_RTFP,-2.2239557621396844
Garri White,2010-07-01,2010-06-01,-0.4999999999999997,-0.8660254037844388,-2.9057950845669422,0.11875464771344824,6.785798317001612,-0.7336982817014337,,0.0,0,0,0,42,WB_RTFP,-8.577952217861206
Goat Meat Bone-In,2010-07-01,2010-06-01,-0.4999999999999997,-0.8660254037844388,-0.5067774273422754,1.2645169317883953,-1.1304535250572512,6.5719934015803005,,0.0,0,1,0,42,WB_RTFP,-2.0930096605312754
Maize White Grain,2010-07-01,2010-06-01,-0.4999999999999997,-0.8660254037844388,-2.4493528698383615,6.3816137333004175,-0.466866730131843,9.991903941007706,,0.0,0,1,0,42,WB_RTFP,-2.3829095363935404
Onions Fresh,2010-07-01,2010-06-01,-0.4999999999999997,-0.8660254037844388,-2.028536750203447,3.157557756949503,-0.9624225429514577,7.672567194305757,,0.0,0,1,0,42,WB_RTFP,-1.4261127867975287
Rice Long-Grain Imported,2010-07-01,2010-06-01,-0.4999999999999997,-0.8660254037844388,-1.6939031559161655,1.3231822240790558,-0.32021610366221864,7.55558521192794,,,0,0,1,42,WB_RTFP,-1.9078694418754871
Yam Tuber,2010-07-01,2010-06-01,-0.4999999999999997,-0.8660254037844388,-1.2870029540645866,3.7528548401250195,-3.6157880420081945,17.22496427600433,,0.0,0,0,0,42,WB_RTFP,-2.01877521153373
Agric Hen Eggs (Crate of 30 Pieces),2010-08-01,2010-07-01,-0.8660254037844384,-0.5000000000000004,-1.8823833786090205,-1.1026027176349151,3.5826379524250607,-1.812769200296771,,0.0,0,0,0,43,WB_RTFP,-1.7719343242878938
Beans Brown,2010-08-01,2010-07-01,-0.8660254037844384,-0.5000000000000004,-7.152857165633442,-2.8274843859652066,17.779203569718383,1.295204528867,,0.0,0,0,0,43,WB_RTFP,-7.717736755538562
Beef Boneless,2010-08-01,2010-07-01,-0.8660254037844384,-0.5000000000000004,-2.2239557621396844,-0.44931534096995795,0.11609379340442594,-1.131777731170136,,0.0,0,1,0,43,WB_RTFP,-0.4059292077722598
Garri White,2010-08-01,2010-07-01,-0.8660254037844384,-0.5000000000000004,-8.577952217861206,-2.9057950845669422,0.11875464771344824,-0.12359304118955139,,0.0,0,0,0,43,WB_RTFP,-2.557488341907521
Goat Meat Bone-In,2010-08-01,2010-07-01,-0.8660254037844384,-0.5000000000000004,-2.0930096605312754,-0.5067774273422754,1.2645169317883953,-0.6663091368205643,,0.0,0,1,0,43,WB_RTFP,-0.7738705287387071
Maize White Grain,2010-08-01,2010-07-01,-0.8660254037844384,-0.5000000000000004,-2.3829095363935404,-2.4493528698383615,6.3816137333004175,-2.5286266954616887,,0.0,0,0,0,43,WB_RTFP,-3.4209427484457766
Onions Fresh,2010-08-01,2010-07-01,-0.8660254037844384,-0.5000000000000004,-1.4261127867975287,-2.028536750203447,3.157557756949503,-2.2782562043863197,,0.0,0,1,0,43,WB_RTFP,-1.5963467189380354
Rice Long-Grain Imported,2010-08-01,2010-07-01,-0.8660254037844384,-0.5000000000000004,-1.9078694418754871,-1.6939031559161655,1.3231822240790558,-1.5449442788246448,,,0,0,1,43,WB_RTFP,-0.9202911879903297
Yam Tuber,2010-08-01,2010-07-01,-0.8660254037844384,-0.5000000000000004,-2.01877521153373,-1.2870029540645866,3.7528548401250195,-3.759791881639929,,0.0,1,0,0,43,WB_RTFP,-2.1944502215247685
Agric Hen Eggs (Crate of 30 Pieces),2010-09-01,2010-08-01,-1.0,-1.8369701987210297e-16,-1.7719343242878938,-1.8823833786090205,-1.1026027176349151,-6.107681072827464,,0.0,0,0,0,44,WB_RTFP,1.948441875963569
Beans Brown,2010-09-01,2010-08-01,-1.0,-1.8369701987210297e-16,-7.717736755538562,-7.152857165633442,-2.8274843859652066,-3.0808308009347973,,0.0,0,0,0,44,WB_RTFP,-6.310145205960305
Beef Boneless,2010-09-01,2010-08-01,-1.0,-1.8369701987210297e-16,-0.4059292077722598,-2.2239557621396844,-0.44931534096995795,-4.368997602483937,,0.0,0,0,0,44,WB_RTFP,2.4691856565895565
Garri White,2010-09-01,2010-08-01,-1.0,-1.8369701987210297e-16,-2.557488341907521,-8.577952217861206,-2.9057950845669422,0.3766409414454941,,0.0,1,0,0,44,WB_RTFP,2.049326775387872
Goat Meat Bone-In,2010-09-01,2010-08-01,-1.0,-1.8369701987210297e-16,-0.7738705287387071,-2.0930096605312754,-0.5067774273422754,-4.159037460153192,,0.0,0,0,0,44,WB_RTFP,1.4857783534212299
Maize White Grain,2010-09-01,2010-08-01,-1.0,-1.8369701987210297e-16,-3.4209427484457766,-2.3829095363935404,-2.4493528698383615,-6.131297271879554,,0.0,1,0,0,44,WB_RTFP,2.6452383068361174
Onions Fresh,2010-09-01,2010-08-01,-1.0,-1.8369701987210297e-16,-1.5963467189380354,-1.4261127867975287,-2.028536750203447,-5.073547507714437,,0.0,0,1,0,44,WB_RTFP,2.8921721588064164
Rice Long-Grain Imported,2010-09-01,2010-08-01,-1.0,-1.8369701987210297e-16,-0.9202911879903297,-1.9078694418754871,-1.6939031559161655,-5.68276978232356,,,0,0,1,44,WB_RTFP,3.1758991690407523
Yam Tuber,2010-09-01,2010-08-01,-1.0,-1.8369701987210297e-16,-2.1944502215247685,-2.01877521153373,-1.2870029540645866,-9.74038558340884,,0.0,1,0,0,44,WB_RTFP,4.248474460503515
Agric Hen Eggs (Crate of 30 Pieces),2010-10-01,2010-09-01,-0.8660254037844386,0.5000000000000001,1.948441875963569,-1.7719343242878938,-1.8823833786090205,-4.328928398130804,,0.0,1,0,0,45,WB_RTFP,-1.092988824771568
Beans Brown,2010-10-01,2010-09-01,-0.8660254037844386,0.5000000000000001,-6.310145205960305,-7.717736755538562,-7.152857165633442,0.1714112101968146,,0.0,1,0,0,45,WB_RTFP,-7.803397309099303
Beef Boneless,2010-10-01,2010-09-01,-0.8660254037844386,0.5000000000000001,2.4691856565895565,-0.4059292077722598,-2.2239557621396844,-3.4840729249830837,,0.0,0,0,0,45,WB_RTFP,0.024896751706160458
Garri White,2010-10-01,2010-09-01,-0.8660254037844386,0.5000000000000001,2.049326775387872,-2.557488341907521,-8.577952217861206,0.32296320476734586,,0.0,1,0,0,45,WB_RTFP,-6.90999154858829
Goat Meat Bone-In,2010-10-01,2010-09-01,-0.8660254037844386,0.5000000000000001,1.4857783534212299,-0.7738705287387071,-2.0930096605312754,-3.0616195523012535,,0.0,0,0,0,45,WB_RTFP,-0.37529852416633425
Maize White Grain,2010-10-01,2010-09-01,-0.8660254037844386,0.5000000000000001,2.6452383068361174,-3.4209427484457766,-2.3829095363935404,-4.57025081084752,,0.0,1,0,0,45,WB_RTFP,-5.0029718307881605
Onions Fresh,2010-10-01,2010-09-01,-0.8660254037844386,0.5000000000000001,2.8921721588064164,-1.5963467189380354,-1.4261127867975287,-3.6110058565834935,,0.0,0,0,0,45,WB_RTFP,-2.571082986278861
Rice Long-Grain Imported,2010-10-01,2010-09-01,-0.8660254037844386,0.5000000000000001,3.1758991690407523,-0.9202911879903297,-1.9078694418754871,-4.390442015468155,,,0,0,1,45,WB_RTFP,-2.1903277012863875
Yam Tuber,2010-10-01,2010-09-01,-0.8660254037844386,0.5000000000000001,4.248474460503515,-2.1944502215247685,-2.01877521153373,-6.22679469465549,,0.0,1,0,0,45,WB_RTFP,-0.9977021867085378
Agric Hen Eggs (Crate of 30 Pieces),2010-11-01,2010-10-01,-0.5000000000000004,0.8660254037844384,-1.092988824771568,1.948441875963569,-1.7719343242878938,-4.231433259522799,,0.0,1,0,0,46,WB_RTFP,1.5535743009559289
Beans Brown,2010-11-01,2010-10-01,-0.5000000000000004,0.8660254037844384,-7.803397309099303,-6.310145205960305,-7.717736755538562,-2.289326713570261,,0.0,1,0,0,46,WB_RTFP,12.42259422021319
Beef Boneless,2010-11-01,2010-10-01,-0.5000000000000004,0.8660254037844384,0.024896751706160458,2.4691856565895565,-0.4059292077722598,-3.778291837024783,,0.0,1,0,0,46,WB_RTFP,-0.5165788398339255
Garri White,2010-11-01,2010-10-01,-0.5000000000000004,0.8660254037844384,-6.90999154858829,2.049326775387872,-2.557488341907521,-1.106309181570042,,0.0,1,0,0,46,WB_RTFP,0.06301954196608062
Goat Meat Bone-In,2010-11-01,2010-10-01,-0.5000000000000004,0.8660254037844384,-0.37529852416633425,1.4857783534212299,-0.7738705287387071,-3.205065529710749,,0.0,1,0,0,46,WB_RTFP,0.3542966357665156
Maize White Grain,2010-11-01,2010-10-01,-0.5000000000000004,0.8660254037844384,-5.0029718307881605,2.6452383068361174,-3.4209427484457766,-4.831609876751919,,0.0,1,0,0,46,WB_RTFP,3.4396969204317784
Onions Fresh,2010-11-01,2010-10-01,-0.5000000000000004,0.8660254037844384,-2.571082986278861,2.8921721588064164,-1.5963467189380354,-3.1500651737622176,,0.0,1,0,0,46,WB_RTFP,0.44012363999625936
Rice Long-Grain Imported,2010-11-01,2010-10-01,-0.5000000000000004,0.8660254037844384,-2.1903277012863875,3.1758991690407523,-0.9202911879903297,-2.854127092416636,,,0,0,1,46,WB_RTFP,-0.6070879906764914
Yam Tuber,2010-11-01,2010-10-01,-0.5000000000000004,0.8660254037844384,-0.9977021867085378,4.248474460503515,-2.1944502215247685,-6.5651121505609815,,0.0,1,0,0,46,WB_RTFP,0.70542181321267
Agric Hen Eggs (Crate of 30 Pieces),2010-12-01,2010-11-01,-2.4492935982947064e-16,1.0,1.5535743009559289,-1.092988824771568,1.948441875963569,2.166918825250108,,0.0,1,0,0,47,WB_RTFP,0.06976437853600803
Beans Brown,2010-12-01,2010-11-01,-2.4492935982947064e-16,1.0,12.42259422021319,-7.803397309099303,-6.310145205960305,8.12658739704517,,0.0,1,0,0,47,WB_RTFP,-3.8691538158378003
Beef Boneless,2010-12-01,2010-11-01,-2.4492935982947064e-16,1.0,-0.5165788398339255,0.024896751706160458,2.4691856565895565,2.308720026617306,,0.0,1,0,0,47,WB_RTFP,1.8031650718215442
Garri White,2010-12-01,2010-11-01,-2.4492935982947064e-16,1.0,0.06301954196608062,-6.90999154858829,2.049326775387872,3.98995423401034,,0.0,1,0,0,47,WB_RTFP,4.1690694136378825
Goat Meat Bone-In,2010-12-01,2010-11-01,-2.4492935982947064e-16,1.0,0.3542966357665156,-0.37529852416633425,1.4857783534212299,2.2406292707386255,,0.0,1,0,0,47,WB_RTFP,0.8598029967943122
Maize White Grain,2010-12-01,2010-11-01,-2.4492935982947064e-16,1.0,3.4396969204317784,-5.0029718307881605,2.6452383068361174,2.1509422496663655,,0.0,0,0,0,47,WB_RTFP,-0.9232491129473996
Onions Fresh,2010-12-01,2010-11-01,-2.4492935982947064e-16,1.0,0.44012363999625936,-2.571082986278861,2.8921721588064164,0.8046742315539035,,0.0,1,0,0,47,WB_RTFP,0.6562114867640467
Rice Long-Grain Imported,2010-12-01,2010-11-01,-2.4492935982947064e-16,1.0,-0.6070879906764914,-2.1903277012863875,3.1758991690407523,0.19875522442303062,,,0,0,1,47,WB_RTFP,0.5273603299442264
Yam Tuber,2010-12-01,2010-11-01,-2.4492935982947064e-16,1.0,0.70542181321267,-0.9977021867085378,4.248474460503515,2.7425816230322697,,0.0,0,0,0,47,WB_RTFP,1.4710942343459488
Agric Hen Eggs (Crate of 30 Pieces),2011-01-01,2010-12-01,0.49999999999999994,0.8660254037844387,0.06976437853600803,1.5535743009559289,-1.092988824771568,3.526287415036,,0.0,0,0,0,48,WB_RTFP,1.3543379767159136
Beans Brown,2011-01-01,2010-12-01,0.49999999999999994,0.8660254037844387,-3.8691538158378003,12.42259422021319,-7.803397309099303,-2.8098181670940914,,0.0,0,0,0,48,WB_RTFP,2.0648325528975997
Beef Boneless,2011-01-01,2010-12-01,0.49999999999999994,0.8660254037844387,1.8031650718215442,-0.5165788398339255,0.024896751706160458,4.070075866860856,,0.0,1,0,0,48,WB_RTFP,0.6563935417310152
Garri White,2011-01-01,2010-12-01,0.49999999999999994,0.8660254037844387,4.1690694136378825,0.06301954196608062,-6.90999154858829,-2.045161170885068,,0.0,0,0,0,48,WB_RTFP,-1.397742602242269
Goat Meat Bone-In,2011-01-01,2010-12-01,0.49999999999999994,0.8660254037844387,0.8598029967943122,0.3542966357665156,-0.37529852416633425,2.8657098977002082,,0.0,1,0,0,48,WB_RTFP,0.7321206246431622
Maize White Grain,2011-01-01,2010-12-01,0.49999999999999994,0.8660254037844387,-0.9232491129473996,3.4396969204317784,-5.0029718307881605,1.4036910095135413,,0.0,0,0,0,48,WB_RTFP,1.5195179460309127
Onions Fresh,2011-01-01,2010-12-01,0.49999999999999994,0.8660254037844387,0.6562114867640467,0.44012363999625936,-2.571082986278861,1.9013206460887666,,0.0,1,0,0,48,WB_RTFP,1.2115006641057358
Rice Long-Grain Imported,2011-01-01,2010-12-01,0.49999999999999994,0.8660254037844387,0.5273603299442264,-0.6070879906764914,-2.1903277012863875,0.07802198217397027,,,0,0,1,48,WB_RTFP,0.3937827630150714
Yam Tuber,2011-01-01,2010-12-01,0.49999999999999994,0.8660254037844387,1.4710942343459488,0.70542181321267,-0.9977021867085378,5.626822270321341,,0.0,0,0,0,48,WB_RTFP,1.5583675670143737
Agric Hen Eggs (Crate of 30 Pieces),2011-02-01,2011-01-01,0.8660254037844386,0.5000000000000001,1.3543379767159136,0.06976437853600803,1.5535743009559289,-0.9753671874804359,,0.0,0,0,0,49,WB_RTFP,0.4490051147204577
Beans Brown,2011-02-01,2011-01-01,0.8660254037844386,0.5000000000000001,2.0648325528975997,-3.8691538158378003,12.42259422021319,-8.777964345883248,,0.0,0,0,0,49,WB_RTFP,-0.5938066755482474
Beef Boneless,2011-02-01,2011-01-01,0.8660254037844386,0.5000000000000001,0.6563935417310152,1.8031650718215442,-0.5165788398339255,-0.4089961262008668,,0.0,0,0,0,49,WB_RTFP,0.4389986204094365
Garri White,2011-02-01,2011-01-01,0.8660254037844386,0.5000000000000001,-1.397742602242269,4.1690694136378825,0.06301954196608062,-2.138545885012988,,0.0,0,0,0,49,WB_RTFP,-0.566026166734368
Goat Meat Bone-In,2011-02-01,2011-01-01,0.8660254037844386,0.5000000000000001,0.7321206246431622,0.8598029967943122,0.3542966357665156,-0.5808134054222758,,0.0,0,0,0,49,WB_RTFP,0.4243138856346196
Maize White Grain,2011-02-01,2011-01-01,0.8660254037844386,0.5000000000000001,1.5195179460309127,-0.9232491129473996,3.4396969204317784,-1.3152164838660885,,0.0,0,0,0,49,WB_RTFP,0.3572654631547767
Onions Fresh,2011-02-01,2011-01-01,0.8660254037844386,0.5000000000000001,1.2115006641057358,0.6562114867640467,0.44012363999625936,-0.14142016346507802,,0.0,1,0,0,49,WB_RTFP,-0.06473132960977956
Rice Long-Grain Imported,2011-02-01,2011-01-01,0.8660254037844386,0.5000000000000001,0.3937827630150714,0.5273603299442264,-0.6070879906764914,2.4123597690235643,,,0,0,1,49,WB_RTFP,0.301212049634203
Yam Tuber,2011-02-01,2011-01-01,0.8660254037844386,0.5000000000000001,1.5583675670143737,1.4710942343459488,0.70542181321267,-0.23776095602927594,,0.0,0,0,0,49,WB_RTFP,0.27056944415200235
Agric Hen Eggs (Crate of 30 Pieces),2011-03-01,2011-02-01,1.0,6.123233995736766e-17,0.4490051147204577,1.3543379767159136,0.06976437853600803,-2.2575226511202584,,0.0,0,1,0,50,WB_RTFP,1.949367460379281
Beans Brown,2011-03-01,2011-02-01,1.0,6.123233995736766e-17,-0.5938066755482474,2.0648325528975997,-3.8691538158378003,-0.23533299670348562,,0.0,0,0,0,50,WB_RTFP,7.270778089168717
Beef Boneless,2011-03-01,2011-02-01,1.0,6.123233995736766e-17,0.4389986204094365,0.6563935417310152,1.8031650718215442,-1.6566086550041548,,0.0,0,0,0,50,WB_RTFP,1.3379931610562723
Garri White,2011-03-01,2011-02-01,1.0,6.123233995736766e-17,-0.566026166734368,-1.397742602242269,4.1690694136378825,1.4803786623219573,,0.0,0,1,0,50,WB_RTFP,0.5648160638236366
Goat Meat Bone-In,2011-03-01,2011-02-01,1.0,6.123233995736766e-17,0.4243138856346196,0.7321206246431622,0.8598029967943122,-1.4861704172542178,,0.0,0,0,0,50,WB_RTFP,1.4463753550261638
Maize White Grain,2011-03-01,2011-02-01,1.0,6.123233995736766e-17,0.3572654631547767,1.5195179460309127,-0.9232491129473996,-2.2491357392401934,,0.0,0,0,0,50,WB_RTFP,1.4520482018665737
Onions Fresh,2011-03-01,2011-02-01,1.0,6.123233995736766e-17,-0.06473132960977956,1.2115006641057358,0.6562114867640467,-1.4672294459447177,,0.0,0,0,0,50,WB_RTFP,0.14830598462427513
Rice Long-Grain Imported,2011-03-01,2011-02-01,1.0,6.123233995736766e-17,0.301212049634203,0.3937827630150714,0.5273603299442264,-1.7423905199800083,,,0,0,1,50,WB_RTFP,-0.5711298913646856
Yam Tuber,2011-03-01,2011-02-01,1.0,6.123233995736766e-17,0.27056944415200235,1.5583675670143737,1.4710942343459488,-3.551103376711928,,0.0,0,1,0,50,WB_RTFP,1.9797717990139407
Agric Hen Eggs (Crate of 30 Pieces),2011-04-01,2011-03-01,0.8660254037844387,-0.4999999999999998,1.949367460379281,0.4490051147204577,1.3543379767159136,-1.6107470706189675,,0.0,0,1,0,51,WB_RTFP,1.097599353690204
Beans Brown,2011-04-01,2011-03-01,0.8660254037844387,-0.4999999999999998,7.270778089168717,-0.5938066755482474,2.0648325528975997,4.299120125999023,,0.0,0,1,0,51,WB_RTFP,1.4502258893387188
Beef Boneless,2011-04-01,2011-03-01,0.8660254037844387,-0.4999999999999998,1.3379931610562723,0.4389986204094365,0.6563935417310152,-1.4842876045614517,,0.0,0,0,0,51,WB_RTFP,-0.7836220100726821
Garri White,2011-04-01,2011-03-01,0.8660254037844387,-0.4999999999999998,0.5648160638236366,-0.566026166734368,-1.397742602242269,6.785798317001612,,0.0,0,1,0,51,WB_RTFP,-4.703359706895139
Goat Meat Bone-In,2011-04-01,2011-03-01,0.8660254037844387,-0.4999999999999998,1.4463753550261638,0.4243138856346196,0.7321206246431622,-1.1304535250572512,,0.0,0,0,0,51,WB_RTFP,-0.40191175354373776
Maize White Grain,2011-04-01,2011-03-01,0.8660254037844387,-0.4999999999999998,1.4520482018665737,0.3572654631547767,1.5195179460309127,-0.466866730131843,,0.0,0,0,0,51,WB_RTFP,3.996149186469111
Onions Fresh,2011-04-01,2011-03-01,0.8660254037844387,-0.4999999999999998,0.14830598462427513,-0.06473132960977956,1.2115006641057358,-0.9624225429514577,,0.0,0,0,0,51,WB_RTFP,2.3651406820454968
Rice Long-Grain Imported,2011-04-01,2011-03-01,0.8660254037844387,-0.4999999999999998,-0.5711298913646856,0.301212049634203,0.3937827630150714,-0.32021610366221864,,,0,0,1,51,WB_RTFP,0.26823796732231564
Yam Tuber,2011-04-01,2011-03-01,0.8660254037844387,-0.4999999999999998,1.9797717990139407,0.27056944415200235,1.5583675670143737,-3.6157880420081945,,0.0,0,1,0,51,WB_RTFP,1.7593970807128212
Agric Hen Eggs (Crate of 30 Pieces),2011-05-01,2011-04-01,0.49999999999999994,-0.8660254037844387,1.097599353690204,1.949367460379281,0.4490051147204577,3.5826379524250607,,0.0,0,1,0,52,WB_RTFP,0.05869477077602436
Beans Brown,2011-05-01,2011-04-01,0.49999999999999994,-0.8660254037844387,1.4502258893387188,7.270778089168717,-0.5938066755482474,17.779203569718383,,0.0,0,1,0,52,WB_RTFP,-1.2360364668083101
Beef Boneless,2011-05-01,2011-04-01,0.49999999999999994,-0.8660254037844387,-0.7836220100726821,1.3379931610562723,0.4389986204094365,0.11609379340442594,,0.0,0,0,0,52,WB_RTFP,-0.09319580143087869
Garri White,2011-05-01,2011-04-01,0.49999999999999994,-0.8660254037844387,-4.703359706895139,0.5648160638236366,-0.566026166734368,0.11875464771344824,,0.0,0,1,0,52,WB_RTFP,1.2072806827047478
Goat Meat Bone-In,2011-05-01,2011-04-01,0.49999999999999994,-0.8660254037844387,-0.40191175354373776,1.4463753550261638,0.4243138856346196,1.2645169317883953,,0.0,0,0,0,52,WB_RTFP,0.023584911534180186
Maize White Grain,2011-05-01,2011-04-01,0.49999999999999994,-0.8660254037844387,3.996149186469111,1.4520482018665737,0.3572654631547767,6.3816137333004175,,0.0,0,1,0,52,WB_RTFP,0.33048315832782116
Onions Fresh,2011-05-01,2011-04-01,0.49999999999999994,-0.8660254037844387,2.3651406820454968,0.14830598462427513,-0.06473132960977956,3.157557756949503,,0.0,0,0,0,52,WB_RTFP,0.5175479482797396
Rice Long-Grain Imported,2011-05-01,2011-04-01,0.49999999999999994,-0.8660254037844387,0.26823796732231564,-0.5711298913646856,0.301212049634203,1.3231822240790558,,,0,0,1,52,WB_RTFP,1.7152607603493575
Yam Tuber,2011-05-01,2011-04-01,0.49999999999999994,-0.8660254037844387,1.7593970807128212,1.9797717990139407,0.27056944415200235,3.7528548401250195,,0.0,0,1,0,52,WB_RTFP,0.062368650033106654
Agric Hen Eggs (Crate of 30 Pieces),2011-06-01,2011-05-01,1.2246467991473532e-16,-1.0,0.05869477077602436,1.097599353690204,1.949367460379281,-1.1026027176349151,,0.0,0,0,0,53,WB_RTFP,1.225521303144883
Beans Brown,2011-06-01,2011-05-01,1.2246467991473532e-16,-1.0,-1.2360364668083101,1.4502258893387188,7.270778089168717,-2.8274843859652066,,0.0,0,1,0,53,WB_RTFP,-1.537297166982332
Beef Boneless,2011-06-01,2011-05-01,1.2246467991473532e-16,-1.0,-0.09319580143087869,-0.7836220100726821,1.3379931610562723,-0.44931534096995795,,0.0,0,0,0,53,WB_RTFP,1.1287884140976923
Garri White,2011-06-01,2011-05-01,1.2246467991473532e-16,-1.0,1.2072806827047478,-4.703359706895139,0.5648160638236366,-2.9057950845669422,,0.0,0,0,0,53,WB_RTFP,-0.020464118254770458
Goat Meat Bone-In,2011-06-01,2011-05-01,1.2246467991473532e-16,-1.0,0.023584911534180186,-0.40191175354373776,1.4463753550261638,-0.5067774273422754,,0.0,0,0,0,53,WB_RTFP,0.8408640350418661
Maize White Grain,2011-06-01,2011-05-01,1.2246467991473532e-16,-1.0,0.33048315832782116,3.996149186469111,1.4520482018665737,-2.4493528698383615,,0.0,0,1,0,53,WB_RTFP,1.7387932302507902
Onions Fresh,2011-06-01,2011-05-01,1.2246467991473532e-16,-1.0,0.5175479482797396,2.3651406820454968,0.14830598462427513,-2.028536750203447,,0.0,0,0,0,53,WB_RTFP,0.6478116606098983
Rice Long-Grain Imported,2011-06-01,2011-05-01,1.2246467991473532e-16,-1.0,1.7152607603493575,0.26823796732231564,-0.5711298913646856,-1.6939031559161655,,,0,0,1,53,WB_RTFP,1.5907046207845221
Yam Tuber,2011-06-01,2011-05-01,1.2246467991473532e-16,-1.0,0.062368650033106654,1.7593970807128212,1.9797717990139407,-1.2870029540645866,,0.0,0,0,0,53,WB_RTFP,2.162619323963866
Agric Hen Eggs (Crate of 30 Pieces),2011-07-01,2011-06-01,-0.4999999999999997,-0.8660254037844388,1.225521303144883,0.05869477077602436,1.097599353690204,-1.8823833786090205,,0.0,0,0,0,54,WB_RTFP,2.61696144281498
Beans Brown,2011-07-01,2011-06-01,-0.4999999999999997,-0.8660254037844388,-1.537297166982332,-1.2360364668083101,1.4502258893387188,-7.152857165633442,,0.0,0,0,0,54,WB_RTFP,9.056166222798435
Beef Boneless,2011-07-01,2011-06-01,-0.4999999999999997,-0.8660254037844388,1.1287884140976923,-0.09319580143087869,-0.7836220100726821,-2.2239557621396844,,0.0,0,1,0,54,WB_RTFP,0.6121366710228227
Garri White,2011-07-01,2011-06-01,-0.4999999999999997,-0.8660254037844388,-0.020464118254770458,1.2072806827047478,-4.703359706895139,-8.577952217861206,,0.0,0,0,0,54,WB_RTFP,0.37220523154024576
Goat Meat Bone-In,2011-07-01,2011-06-01,-0.4999999999999997,-0.8660254037844388,0.8408640350418661,0.023584911534180186,-0.40191175354373776,-2.0930096605312754,,0.0,0,1,0,54,WB_RTFP,0.8980747393146027
Maize White Grain,2011-07-01,2011-06-01,-0.4999999999999997,-0.8660254037844388,1.7387932302507902,0.33048315832782116,3.996149186469111,-2.3829095363935404,,0.0,0,1,0,54,WB_RTFP,5.219669488109613
Onions Fresh,2011-07-01,2011-06-01,-0.4999999999999997,-0.8660254037844388,0.6478116606098983,0.5175479482797396,2.3651406820454968,-1.4261127867975287,,0.0,0,1,0,54,WB_RTFP,3.0738516142242878
Rice Long-Grain Imported,2011-07-01,2011-06-01,-0.4999999999999997,-0.8660254037844388,1.5907046207845221,1.7152607603493575,0.26823796732231564,-1.9078694418754871,,,0,0,1,54,WB_RTFP,0.6813309556754188
Yam Tuber,2011-07-01,2011-06-01,-0.4999999999999997,-0.8660254037844388,2.162619323963866,0.062368650033106654,1.7593970807128212,-2.01877521153373,,0.0,0,0,0,54,WB_RTFP,4.300770441296442
Agric Hen Eggs (Crate of 30 Pieces),2011-08-01,2011-07-01,-0.8660254037844384,-0.5000000000000004,2.61696144281498,1.225521303144883,0.05869477077602436,-1.7719343242878938,,0.0,0,0,0,55,WB_RTFP,-0.3318007836387027
Beans Brown,2011-08-01,2011-07-01,-0.8660254037844384,-0.5000000000000004,9.056166222798435,-1.537297166982332,-1.2360364668083101,-7.717736755538562,,0.0,0,0,0,55,WB_RTFP,-13.47274382689212
Beef Boneless,2011-08-01,2011-07-01,-0.8660254037844384,-0.5000000000000004,0.6121366710228227,1.1287884140976923,-0.09319580143087869,-0.4059292077722598,,0.0,0,1,0,55,WB_RTFP,1.927626988304132
Garri White,2011-08-01,2011-07-01,-0.8660254037844384,-0.5000000000000004,0.37220523154024576,-0.020464118254770458,1.2072806827047478,-2.557488341907521,,0.0,0,0,0,55,WB_RTFP,-4.434457225444966
Goat Meat Bone-In,2011-08-01,2011-07-01,-0.8660254037844384,-0.5000000000000004,0.8980747393146027,0.8408640350418661,0.023584911534180186,-0.7738705287387071,,0.0,0,1,0,55,WB_RTFP,1.1173244511203162
Maize White Grain,2011-08-01,2011-07-01,-0.8660254037844384,-0.5000000000000004,5.219669488109613,1.7387932302507902,0.33048315832782116,-3.4209427484457766,,0.0,0,0,0,55,WB_RTFP,-5.419168408517416
Onions Fresh,2011-08-01,2011-07-01,-0.8660254037844384,-0.5000000000000004,3.0738516142242878,0.6478116606098983,0.5175479482797396,-1.5963467189380354,,0.0,0,1,0,55,WB_RTFP,-1.7961970287424522
Rice Long-Grain Imported,2011-08-01,2011-07-01,-0.8660254037844384,-0.5000000000000004,0.6813309556754188,1.5907046207845221,1.7152607603493575,-0.9202911879903297,,,0,0,1,55,WB_RTFP,1.1619246101151726
Yam Tuber,2011-08-01,2011-07-01,-0.8660254037844384,-0.5000000000000004,4.300770441296442,2.162619323963866,0.062368650033106654,-2.1944502215247685,,0.0,1,0,0,55,WB_RTFP,-0.7337924789321049
Agric Hen Eggs (Crate of 30 Pieces),2011-09-01,2011-08-01,-1.0,-1.8369701987210297e-16,-0.3318007836387027,2.61696144281498,1.225521303144883,1.948441875963569,,0.0,0,0,0,56,WB_RTFP,-3.4697625410600175
Beans Brown,2011-09-01,2011-08-01,-1.0,-1.8369701987210297e-16,-13.47274382689212,9.056166222798435,-1.537297166982332,-6.310145205960305,,0.0,0,0,0,56,WB_RTFP,-0.1915203590076464
Beef Boneless,2011-09-01,2011-08-01,-1.0,-1.8369701987210297e-16,1.927626988304132,0.6121366710228227,1.1287884140976923,2.4691856565895565,,0.0,0,0,0,56,WB_RTFP,-4.2153554420991775
Garri White,2011-09-01,2011-08-01,-1.0,-1.8369701987210297e-16,-4.434457225444966,0.37220523154024576,-0.020464118254770458,2.049326775387872,,0.0,1,0,0,56,WB_RTFP,-4.035285440819392
Goat Meat Bone-In,2011-09-01,2011-08-01,-1.0,-1.8369701987210297e-16,1.1173244511203162,0.8980747393146027,0.8408640350418661,1.4857783534212299,,0.0,0,0,0,56,WB_RTFP,-3.5247833569335474
Maize White Grain,2011-09-01,2011-08-01,-1.0,-1.8369701987210297e-16,-5.419168408517416,5.219669488109613,1.7387932302507902,2.6452383068361174,,0.0,1,0,0,56,WB_RTFP,-2.4937156340936406
Onions Fresh,2011-09-01,2011-08-01,-1.0,-1.8369701987210297e-16,-1.7961970287424522,3.0738516142242878,0.6478116606098983,2.8921721588064164,,0.0,0,1,0,56,WB_RTFP,-2.2946574871376524
Rice Long-Grain Imported,2011-09-01,2011-08-01,-1.0,-1.8369701987210297e-16,1.1619246101151726,0.6813309556754188,1.5907046207845221,3.1758991690407523,,,0,0,1,56,WB_RTFP,-3.030974864285385
Yam Tuber,2011-09-01,2011-08-01,-1.0,-1.8369701987210297e-16,-0.7337924789321049,4.300770441296442,2.162619323963866,4.248474460503515,,0.0,1,0,0,56,WB_RTFP,-4.388118179093114
Agric Hen Eggs (Crate of 30 Pieces),2011-10-01,2011-09-01,-0.8660254037844386,0.5000000000000001,-3.4697625410600175,-0.3318007836387027,2.61696144281498,-1.092988824771568,,0.0,1,0,0,57,WB_RTFP,2.017966527569892
Beans Brown,2011-10-01,2011-09-01,-0.8660254037844386,0.5000000000000001,-0.1915203590076464,-13.47274382689212,9.056166222798435,-7.803397309099303,,0.0,1,0,0,57,WB_RTFP,1.5374469005475344
Beef Boneless,2011-10-01,2011-09-01,-0.8660254037844386,0.5000000000000001,-4.2153554420991775,1.927626988304132,0.6121366710228227,0.024896751706160458,,0.0,0,0,0,57,WB_RTFP,3.499338835438426
Garri White,2011-10-01,2011-09-01,-0.8660254037844386,0.5000000000000001,-4.035285440819392,-4.434457225444966,0.37220523154024576,-6.90999154858829,,0.0,1,0,0,57,WB_RTFP,12.759329381236316
Goat Meat Bone-In,2011-10-01,2011-09-01,-0.8660254037844386,0.5000000000000001,-3.5247833569335474,1.1173244511203162,0.8980747393146027,-0.37529852416633425,,0.0,0,0,0,57,WB_RTFP,2.5731854097274187
Maize White Grain,2011-10-01,2011-09-01,-0.8660254037844386,0.5000000000000001,-2.4937156340936406,-5.419168408517416,5.219669488109613,-5.0029718307881605,,0.0,1,0,0,57,WB_RTFP,3.4309088815797084
Onions Fresh,2011-10-01,2011-09-01,-0.8660254037844386,0.5000000000000001,-2.2946574871376524,-1.7961970287424522,3.0738516142242878,-2.571082986278861,,0.0,0,0,0,57,WB_RTFP,3.074576598710843
Rice Long-Grain Imported,2011-10-01,2011-09-01,-0.8660254037844386,0.5000000000000001,-3.030974864285385,1.1619246101151726,0.6813309556754188,-2.1903277012863875,,,0,0,1,57,WB_RTFP,4.120512330770043
Yam Tuber,2011-10-01,2011-09-01,-0.8660254037844386,0.5000000000000001,-4.388118179093114,-0.7337924789321049,4.300770441296442,-0.9977021867085378,,0.0,1,0,0,57,WB_RTFP,3.299963292478969
Agric Hen Eggs (Crate of 30 Pieces),2011-11-01,2011-10-01,-0.5000000000000004,0.8660254037844384,2.017966527569892,-3.4697625410600175,-0.3318007836387027,1.5535743009559289,,0.0,1,0,0,58,WB_RTFP,-1.721704264365076
Beans Brown,2011-11-01,2011-10-01,-0.5000000000000004,0.8660254037844384,1.5374469005475344,-0.1915203590076464,-13.47274382689212,12.42259422021319,,0.0,1,0,0,58,WB_RTFP,8.757459346756935
Beef Boneless,2011-11-01,2011-10-01,-0.5000000000000004,0.8660254037844384,3.499338835438426,-4.2153554420991775,1.927626988304132,-0.5165788398339255,,0.0,1,0,0,58,WB_RTFP,-2.489963438645393
Garri White,2011-11-01,2011-10-01,-0.5000000000000004,0.8660254037844384,12.759329381236316,-4.035285440819392,-4.434457225444966,0.06301954196608062,,0.0,1,0,0,58,WB_RTFP,5.139216223098231
Goat Meat Bone-In,2011-11-01,2011-10-01,-0.5000000000000004,0.8660254037844384,2.5731854097274187,-3.5247833569335474,1.1173244511203162,0.3542966357665156,,0.0,1,0,0,58,WB_RTFP,-1.5538673779805667
Maize White Grain,2011-11-01,2011-10-01,-0.5000000000000004,0.8660254037844384,3.4309088815797084,-2.4937156340936406,-5.419168408517416,3.4396969204317784,,0.0,1,0,0,58,WB_RTFP,0.6019586573571933
Onions Fresh,2011-11-01,2011-10-01,-0.5000000000000004,0.8660254037844384,3.074576598710843,-2.2946574871376524,-1.7961970287424522,0.44012363999625936,,0.0,1,0,0,58,WB_RTFP,-1.9149263824630447
Rice Long-Grain Imported,2011-11-01,2011-10-01,-0.5000000000000004,0.8660254037844384,4.120512330770043,-3.030974864285385,1.1619246101151726,-0.6070879906764914,,,0,0,1,58,WB_RTFP,-1.9598363670373709
Yam Tuber,2011-11-01,2011-10-01,-0.5000000000000004,0.8660254037844384,3.299963292478969,-4.388118179093114,-0.7337924789321049,0.70542181321267,,0.0,1,0,0,58,WB_RTFP,-4.762158253287662
Agric Hen Eggs (Crate of 30 Pieces),2011-12-01,2011-11-01,-2.4492935982947064e-16,1.0,-1.721704264365076,2.017966527569892,-3.4697625410600175,0.06976437853600803,,0.0,1,0,0,59,WB_RTFP,6.094551840021811
Beans Brown,2011-12-01,2011-11-01,-2.4492935982947064e-16,1.0,8.757459346756935,1.5374469005475344,-0.1915203590076464,-3.8691538158378003,,0.0,1,0,0,59,WB_RTFP,0.2342112435869126
Beef Boneless,2011-12-01,2011-11-01,-2.4492935982947064e-16,1.0,-2.489963438645393,3.499338835438426,-4.2153554420991775,1.8031650718215442,,0.0,1,0,0,59,WB_RTFP,3.355596749042178
Garri White,2011-12-01,2011-11-01,-2.4492935982947064e-16,1.0,5.139216223098231,12.759329381236316,-4.035285440819392,4.1690694136378825,,0.0,1,0,0,59,WB_RTFP,0.8578556340592902
Goat Meat Bone-In,2011-12-01,2011-11-01,-2.4492935982947064e-16,1.0,-1.5538673779805667,2.5731854097274187,-3.5247833569335474,0.8598029967943122,,0.0,1,0,0,59,WB_RTFP,3.261198453230496
Maize White Grain,2011-12-01,2011-11-01,-2.4492935982947064e-16,1.0,0.6019586573571933,3.4309088815797084,-2.4937156340936406,-0.9232491129473996,,0.0,0,0,0,59,WB_RTFP,8.465512041984757
Onions Fresh,2011-12-01,2011-11-01,-2.4492935982947064e-16,1.0,-1.9149263824630447,3.074576598710843,-2.2946574871376524,0.6562114867640467,,0.0,1,0,0,59,WB_RTFP,6.8580068672223105
Rice Long-Grain Imported,2011-12-01,2011-11-01,-2.4492935982947064e-16,1.0,-1.9598363670373709,4.120512330770043,-3.030974864285385,0.5273603299442264,,,0,0,1,59,WB_RTFP,7.800743823362688
Yam Tuber,2011-12-01,2011-11-01,-2.4492935982947064e-16,1.0,-4.762158253287662,3.299963292478969,-4.388118179093114,1.4710942343459488,,0.0,0,0,0,59,WB_RTFP,9.74300641050303
Agric Hen Eggs (Crate of 30 Pieces),2012-01-01,2011-12-01,0.49999999999999994,0.8660254037844387,6.094551840021811,-1.721704264365076,2.017966527569892,1.3543379767159136,,0.0,0,0,0,60,WB_RTFP,-3.726116828981707
Beans Brown,2012-01-01,2011-12-01,0.49999999999999994,0.8660254037844387,0.2342112435869126,8.757459346756935,1.5374469005475344,2.0648325528975997,,0.0,0,0,0,60,WB_RTFP,4.493230723323571
Beef Boneless,2012-01-01,2011-12-01,0.49999999999999994,0.8660254037844387,3.355596749042178,-2.489963438645393,3.499338835438426,0.6563935417310152,,0.0,1,0,0,60,WB_RTFP,-2.166366538746989
Garri White,2012-01-01,2011-12-01,0.49999999999999994,0.8660254037844387,0.8578556340592902,5.139216223098231,12.759329381236316,-1.397742602242269,,0.0,0,0,0,60,WB_RTFP,1.27845653590819
Goat Meat Bone-In,2012-01-01,2011-12-01,0.49999999999999994,0.8660254037844387,3.261198453230496,-1.5538673779805667,2.5731854097274187,0.7321206246431622,,0.0,1,0,0,60,WB_RTFP,-1.86357010695265
Maize White Grain,2012-01-01,2011-12-01,0.49999999999999994,0.8660254037844387,8.465512041984757,0.6019586573571933,3.4309088815797084,1.5195179460309127,,0.0,0,0,0,60,WB_RTFP,-5.3395446335526175
Onions Fresh,2012-01-01,2011-12-01,0.49999999999999994,0.8660254037844387,6.8580068672223105,-1.9149263824630447,3.074576598710843,1.2115006641057358,,0.0,1,0,0,60,WB_RTFP,-4.986920234190084
Rice Long-Grain Imported,2012-01-01,2011-12-01,0.49999999999999994,0.8660254037844387,7.800743823362688,-1.9598363670373709,4.120512330770043,0.3937827630150714,,,0,0,1,60,WB_RTFP,-5.655506990615344
Yam Tuber,2012-01-01,2011-12-01,0.49999999999999994,0.8660254037844387,9.74300641050303,-4.762158253287662,3.299963292478969,1.5583675670143737,,0.0,0,0,0,60,WB_RTFP,-6.657688412694518
Agric Hen Eggs (Crate of 30 Pieces),2012-02-01,2012-01-01,0.8660254037844386,0.5000000000000001,-3.726116828981707,6.094551840021811,-1.721704264365076,0.4490051147204577,,0.0,0,0,0,61,WB_RTFP,5.157788206656311
Beans Brown,2012-02-01,2012-01-01,0.8660254037844386,0.5000000000000001,4.493230723323571,0.2342112435869126,8.757459346756935,-0.5938066755482474,,0.0,0,0,0,61,WB_RTFP,4.341658187975006
Beef Boneless,2012-02-01,2012-01-01,0.8660254037844386,0.5000000000000001,-2.166366538746989,3.355596749042178,-2.489963438645393,0.4389986204094365,,0.0,0,0,0,61,WB_RTFP,2.7019581179129837
Garri White,2012-02-01,2012-01-01,0.8660254037844386,0.5000000000000001,1.27845653590819,0.8578556340592902,5.139216223098231,-0.566026166734368,,0.0,0,0,0,61,WB_RTFP,0.983328341818912
Goat Meat Bone-In,2012-02-01,2012-01-01,0.8660254037844386,0.5000000000000001,-1.86357010695265,3.261198453230496,-1.5538673779805667,0.4243138856346196,,0.0,0,0,0,61,WB_RTFP,2.9424627552806726
Maize White Grain,2012-02-01,2012-01-01,0.8660254037844386,0.5000000000000001,-5.3395446335526175,8.465512041984757,0.6019586573571933,0.3572654631547767,,0.0,0,0,0,61,WB_RTFP,6.233227822691401
Onions Fresh,2012-02-01,2012-01-01,0.8660254037844386,0.5000000000000001,-4.986920234190084,6.8580068672223105,-1.9149263824630447,-0.06473132960977956,,0.0,1,0,0,61,WB_RTFP,4.946447661245323
Rice Long-Grain Imported,2012-02-01,2012-01-01,0.8660254037844386,0.5000000000000001,-5.655506990615344,7.800743823362688,-1.9598363670373709,0.301212049634203,,,0,0,1,61,WB_RTFP,5.460825087024679
Yam Tuber,2012-02-01,2012-01-01,0.8660254037844386,0.5000000000000001,-6.657688412694518,9.74300641050303,-4.762158253287662,0.27056944415200235,,0.0,0,0,0,61,WB_RTFP,7.220281330829459
Agric Hen Eggs (Crate of 30 Pieces),2012-03-01,2012-02-01,1.0,6.123233995736766e-17,5.157788206656311,-3.726116828981707,6.094551840021811,1.949367460379281,,0.0,0,1,0,62,WB_RTFP,1.0870268651788084
Beans Brown,2012-03-01,2012-02-01,1.0,6.123233995736766e-17,4.341658187975006,4.493230723323571,0.2342112435869126,7.270778089168717,,0.0,0,0,0,62,WB_RTFP,0.25037609385041293
Beef Boneless,2012-03-01,2012-02-01,1.0,6.123233995736766e-17,2.7019581179129837,-2.166366538746989,3.355596749042178,1.3379931610562723,,0.0,0,0,0,62,WB_RTFP,0.9232568390293183
Garri White,2012-03-01,2012-02-01,1.0,6.123233995736766e-17,0.983328341818912,1.27845653590819,0.8578556340592902,0.5648160638236366,,0.0,0,1,0,62,WB_RTFP,-0.4618089636131195
Goat Meat Bone-In,2012-03-01,2012-02-01,1.0,6.123233995736766e-17,2.9424627552806726,-1.86357010695265,3.261198453230496,1.4463753550261638,,0.0,0,0,0,62,WB_RTFP,0.8535301169299458
Maize White Grain,2012-03-01,2012-02-01,1.0,6.123233995736766e-17,6.233227822691401,-5.3395446335526175,8.465512041984757,1.4520482018665737,,0.0,0,0,0,62,WB_RTFP,1.0356974498411775
Onions Fresh,2012-03-01,2012-02-01,1.0,6.123233995736766e-17,4.946447661245323,-4.986920234190084,6.8580068672223105,0.14830598462427513,,0.0,0,0,0,62,WB_RTFP,1.1070536229098815
Rice Long-Grain Imported,2012-03-01,2012-02-01,1.0,6.123233995736766e-17,5.460825087024679,-5.655506990615344,7.800743823362688,-0.5711298913646856,,,0,0,1,62,WB_RTFP,1.3286310056295436
Yam Tuber,2012-03-01,2012-02-01,1.0,6.123233995736766e-17,7.220281330829459,-6.657688412694518,9.74300641050303,1.9797717990139407,,0.0,0,1,0,62,WB_RTFP,2.3111102886310464
Agric Hen Eggs (Crate of 30 Pieces),2012-04-01,2012-03-01,0.8660254037844387,-0.4999999999999998,1.0870268651788084,5.157788206656311,-3.726116828981707,1.097599353690204,,0.0,0,1,0,63,WB_RTFP,-5.601355973099064
Beans Brown,2012-04-01,2012-03-01,0.8660254037844387,-0.4999999999999998,0.25037609385041293,4.341658187975006,4.493230723323571,1.4502258893387188,,0.0,0,1,0,63,WB_RTFP,9.231972326627513
Beef Boneless,2012-04-01,2012-03-01,0.8660254037844387,-0.4999999999999998,0.9232568390293183,2.7019581179129837,-2.166366538746989,-0.7836220100726821,,0.0,0,0,0,63,WB_RTFP,-2.9682268480473506
Garri White,2012-04-01,2012-03-01,0.8660254037844387,-0.4999999999999998,-0.4618089636131195,0.983328341818912,1.27845653590819,-4.703359706895139,,0.0,0,1,0,63,WB_RTFP,9.26076346275262
Goat Meat Bone-In,2012-04-01,2012-03-01,0.8660254037844387,-0.4999999999999998,0.8535301169299458,2.9424627552806726,-1.86357010695265,-0.40191175354373776,,0.0,0,0,0,63,WB_RTFP,-2.1394259603297106
Maize White Grain,2012-04-01,2012-03-01,0.8660254037844387,-0.4999999999999998,1.0356974498411775,6.233227822691401,-5.3395446335526175,3.996149186469111,,0.0,0,0,0,63,WB_RTFP,-3.3404205055516223
Onions Fresh,2012-04-01,2012-03-01,0.8660254037844387,-0.4999999999999998,1.1070536229098815,4.946447661245323,-4.986920234190084,2.3651406820454968,,0.0,0,0,0,63,WB_RTFP,0.1378169790517969
Rice Long-Grain Imported,2012-04-01,2012-03-01,0.8660254037844387,-0.4999999999999998,1.3286310056295436,5.460825087024679,-5.655506990615344,0.26823796732231564,,,0,0,1,63,WB_RTFP,1.4354529572400132
Yam Tuber,2012-04-01,2012-03-01,0.8660254037844387,-0.4999999999999998,2.3111102886310464,7.220281330829459,-6.657688412694518,1.7593970807128212,,0.0,0,1,0,63,WB_RTFP,-9.18955792835563
Agric Hen Eggs (Crate of 30 Pieces),2012-05-01,2012-04-01,0.49999999999999994,-0.8660254037844387,-5.601355973099064,1.0870268651788084,5.157788206656311,0.05869477077602436,,0.0,0,1,0,64,WB_RTFP,1.6930592407969236
Beans Brown,2012-05-01,2012-04-01,0.49999999999999994,-0.8660254037844387,9.231972326627513,0.25037609385041293,4.341658187975006,-1.2360364668083101,,0.0,0,1,0,64,WB_RTFP,3.171931787765536
Beef Boneless,2012-05-01,2012-04-01,0.49999999999999994,-0.8660254037844387,-2.9682268480473506,0.9232568390293183,2.7019581179129837,-0.09319580143087869,,0.0,0,0,0,64,WB_RTFP,1.8800811976140253
Garri White,2012-05-01,2012-04-01,0.49999999999999994,-0.8660254037844387,9.26076346275262,-0.4618089636131195,0.983328341818912,1.2072806827047478,,0.0,0,1,0,64,WB_RTFP,-0.31425051414696314
Goat Meat Bone-In,2012-05-01,2012-04-01,0.49999999999999994,-0.8660254037844387,-2.1394259603297106,0.8535301169299458,2.9424627552806726,0.023584911534180186,,0.0,0,0,0,64,WB_RTFP,1.7712626924206276
Maize White Grain,2012-05-01,2012-04-01,0.49999999999999994,-0.8660254037844387,-3.3404205055516223,1.0356974498411775,6.233227822691401,0.33048315832782116,,0.0,0,1,0,64,WB_RTFP,2.6193909473066768
Onions Fresh,2012-05-01,2012-04-01,0.49999999999999994,-0.8660254037844387,0.1378169790517969,1.1070536229098815,4.946447661245323,0.5175479482797396,,0.0,0,0,0,64,WB_RTFP,2.4235061109687317
Rice Long-Grain Imported,2012-05-01,2012-04-01,0.49999999999999994,-0.8660254037844387,1.4354529572400132,1.3286310056295436,5.460825087024679,1.7152607603493575,,,0,0,1,64,WB_RTFP,3.3307526507734497
Yam Tuber,2012-05-01,2012-04-01,0.49999999999999994,-0.8660254037844387,-9.18955792835563,2.3111102886310464,7.220281330829459,0.062368650033106654,,0.0,0,1,0,64,WB_RTFP,0.8778219771339302
Agric Hen Eggs (Crate of 30 Pieces),2012-06-01,2012-05-01,1.2246467991473532e-16,-1.0,1.6930592407969236,-5.601355973099064,1.0870268651788084,1.225521303144883,,0.0,0,0,0,65,WB_RTFP,7.0273484194386615
Beans Brown,2012-06-01,2012-05-01,1.2246467991473532e-16,-1.0,3.171931787765536,9.231972326627513,0.25037609385041293,-1.537297166982332,,0.0,0,1,0,65,WB_RTFP,-3.095121346088847
Beef Boneless,2012-06-01,2012-05-01,1.2246467991473532e-16,-1.0,1.8800811976140253,-2.9682268480473506,0.9232568390293183,1.1287884140976923,,0.0,0,0,0,65,WB_RTFP,3.314778216979497
Garri White,2012-06-01,2012-05-01,1.2246467991473532e-16,-1.0,-0.31425051414696314,9.26076346275262,-0.4618089636131195,-0.020464118254770458,,0.0,0,0,0,65,WB_RTFP,-3.67119174511058
Goat Meat Bone-In,2012-06-01,2012-05-01,1.2246467991473532e-16,-1.0,1.7712626924206276,-2.1394259603297106,0.8535301169299458,0.8408640350418661,,0.0,0,0,0,65,WB_RTFP,3.058362303045281
Maize White Grain,2012-06-01,2012-05-01,1.2246467991473532e-16,-1.0,2.6193909473066768,-3.3404205055516223,1.0356974498411775,1.7387932302507902,,0.0,0,1,0,65,WB_RTFP,4.1960651221685685
Onions Fresh,2012-06-01,2012-05-01,1.2246467991473532e-16,-1.0,2.4235061109687317,0.1378169790517969,1.1070536229098815,0.6478116606098983,,0.0,0,0,0,65,WB_RTFP,1.022453827406089
Rice Long-Grain Imported,2012-06-01,2012-05-01,1.2246467991473532e-16,-1.0,3.3307526507734497,1.4354529572400132,1.3286310056295436,1.5907046207845221,,,0,0,1,65,WB_RTFP,0.33230736367872993
Yam Tuber,2012-06-01,2012-05-01,1.2246467991473532e-16,-1.0,0.8778219771339302,-9.18955792835563,2.3111102886310464,2.162619323963866,,0.0,0,0,0,65,WB_RTFP,11.56123862203582
Agric Hen Eggs (Crate of 30 Pieces),2012-07-01,2012-06-01,-0.4999999999999997,-0.8660254037844388,7.0273484194386615,1.6930592407969236,-5.601355973099064,2.61696144281498,,0.0,0,0,0,66,WB_RTFP,3.6945391262734883
Beans Brown,2012-07-01,2012-06-01,-0.4999999999999997,-0.8660254037844388,-3.095121346088847,3.171931787765536,9.231972326627513,9.056166222798435,,0.0,0,0,0,66,WB_RTFP,-1.5033880359551999
Beef Boneless,2012-07-01,2012-06-01,-0.4999999999999997,-0.8660254037844388,3.314778216979497,1.8800811976140253,-2.9682268480473506,0.6121366710228227,,0.0,0,1,0,66,WB_RTFP,1.8468136669662405
Garri White,2012-07-01,2012-06-01,-0.4999999999999997,-0.8660254037844388,-3.67119174511058,-0.31425051414696314,9.26076346275262,0.37220523154024576,,0.0,0,0,0,66,WB_RTFP,-1.637290880293174
Goat Meat Bone-In,2012-07-01,2012-06-01,-0.4999999999999997,-0.8660254037844388,3.058362303045281,1.7712626924206276,-2.1394259603297106,0.8980747393146027,,0.0,0,1,0,66,WB_RTFP,1.8823486108523024
Maize White Grain,2012-07-01,2012-06-01,-0.4999999999999997,-0.8660254037844388,4.1960651221685685,2.6193909473066768,-3.3404205055516223,5.219669488109613,,0.0,0,1,0,66,WB_RTFP,2.695644720425916
Onions Fresh,2012-07-01,2012-06-01,-0.4999999999999997,-0.8660254037844388,1.022453827406089,2.4235061109687317,0.1378169790517969,3.0738516142242878,,0.0,0,1,0,66,WB_RTFP,2.2403918774710263
Rice Long-Grain Imported,2012-07-01,2012-06-01,-0.4999999999999997,-0.8660254037844388,0.33230736367872993,3.3307526507734497,1.4354529572400132,0.6813309556754188,,,0,0,1,66,WB_RTFP,1.8790155893778415
Yam Tuber,2012-07-01,2012-06-01,-0.4999999999999997,-0.8660254037844388,11.56123862203582,0.8778219771339302,-9.18955792835563,4.300770441296442,,0.0,0,0,0,66,WB_RTFP,6.533142946358517
Agric Hen Eggs (Crate of 30 Pieces),2012-08-01,2012-07-01,-0.8660254037844384,-0.5000000000000004,3.6945391262734883,7.0273484194386615,1.6930592407969236,-0.3318007836387027,,0.0,0,0,0,67,WB_RTFP,1.85157241707532
Beans Brown,2012-08-01,2012-07-01,-0.8660254037844384,-0.5000000000000004,-1.5033880359551999,-3.095121346088847,3.171931787765536,-13.47274382689212,,0.0,0,0,0,67,WB_RTFP,3.432257663091298
Beef Boneless,2012-08-01,2012-07-01,-0.8660254037844384,-0.5000000000000004,1.8468136669662405,3.314778216979497,1.8800811976140253,1.927626988304132,,0.0,0,1,0,67,WB_RTFP,2.1116659187223163
Garri White,2012-08-01,2012-07-01,-0.8660254037844384,-0.5000000000000004,-1.637290880293174,-3.67119174511058,-0.31425051414696314,-4.434457225444966,,0.0,0,0,0,67,WB_RTFP,2.7903371879409056
Goat Meat Bone-In,2012-08-01,2012-07-01,-0.8660254037844384,-0.5000000000000004,1.8823486108523024,3.058362303045281,1.7712626924206276,1.1173244511203162,,0.0,0,1,0,67,WB_RTFP,1.855564140903465
Maize White Grain,2012-08-01,2012-07-01,-0.8660254037844384,-0.5000000000000004,2.695644720425916,4.1960651221685685,2.6193909473066768,-5.419168408517416,,0.0,0,0,0,67,WB_RTFP,2.5432766944821994
Onions Fresh,2012-08-01,2012-07-01,-0.8660254037844384,-0.5000000000000004,2.2403918774710263,1.022453827406089,2.4235061109687317,-1.7961970287424522,,0.0,0,1,0,67,WB_RTFP,1.773195999617183
Rice Long-Grain Imported,2012-08-01,2012-07-01,-0.8660254037844384,-0.5000000000000004,1.8790155893778415,0.33230736367872993,3.3307526507734497,1.1619246101151726,,,0,0,1,67,WB_RTFP,2.434554911656739
Yam Tuber,2012-08-01,2012-07-01,-0.8660254037844384,-0.5000000000000004,6.533142946358517,11.56123862203582,0.8778219771339302,-0.7337924789321049,,0.0,1,0,0,67,WB_RTFP,2.3752253176994254
Agric Hen Eggs (Crate of 30 Pieces),2012-09-01,2012-08-01,-1.0,-1.8369701987210297e-16,1.85157241707532,3.6945391262734883,7.0273484194386615,-3.4697625410600175,,0.0,0,0,0,68,WB_RTFP,2.01876937115526
Beans Brown,2012-09-01,2012-08-01,-1.0,-1.8369701987210297e-16,3.432257663091298,-1.5033880359551999,-3.095121346088847,-0.1915203590076464,,0.0,0,0,0,68,WB_RTFP,-7.035893425488327
Beef Boneless,2012-09-01,2012-08-01,-1.0,-1.8369701987210297e-16,2.1116659187223163,1.8468136669662405,3.314778216979497,-4.2153554420991775,,0.0,0,0,0,68,WB_RTFP,1.7664095305638838
Garri White,2012-09-01,2012-08-01,-1.0,-1.8369701987210297e-16,2.7903371879409056,-1.637290880293174,-3.67119174511058,-4.035285440819392,,0.0,1,0,0,68,WB_RTFP,-3.053643139208684
Goat Meat Bone-In,2012-09-01,2012-08-01,-1.0,-1.8369701987210297e-16,1.855564140903465,1.8823486108523024,3.058362303045281,-3.5247833569335474,,0.0,0,0,0,68,WB_RTFP,1.0801141764680722
Maize White Grain,2012-09-01,2012-08-01,-1.0,-1.8369701987210297e-16,2.5432766944821994,2.695644720425916,4.1960651221685685,-2.4937156340936406,,0.0,1,0,0,68,WB_RTFP,3.0953642791380798
Onions Fresh,2012-09-01,2012-08-01,-1.0,-1.8369701987210297e-16,1.773195999617183,2.2403918774710263,1.022453827406089,-2.2946574871376524,,0.0,0,1,0,68,WB_RTFP,3.0632065519237583
Rice Long-Grain Imported,2012-09-01,2012-08-01,-1.0,-1.8369701987210297e-16,2.434554911656739,1.8790155893778415,0.33230736367872993,-3.030974864285385,,,0,0,1,68,WB_RTFP,3.1279678718335147
Yam Tuber,2012-09-01,2012-08-01,-1.0,-1.8369701987210297e-16,2.3752253176994254,6.533142946358517,11.56123862203582,-4.388118179093114,,0.0,1,0,0,68,WB_RTFP,5.138892913650528
Agric Hen Eggs (Crate of 30 Pieces),2012-10-01,2012-09-01,-0.8660254037844386,0.5000000000000001,2.01876937115526,1.85157241707532,3.6945391262734883,2.017966527569892,,0.0,1,0,0,69,WB_RTFP,-2.5854555371095933
Beans Brown,2012-10-01,2012-09-01,-0.8660254037844386,0.5000000000000001,-7.035893425488327,3.432257663091298,-1.5033880359551999,1.5374469005475344,,0.0,1,0,0,69,WB_RTFP,-3.0711228457652506
Beef Boneless,2012-10-01,2012-09-01,-0.8660254037844386,0.5000000000000001,1.7664095305638838,2.1116659187223163,1.8468136669662405,3.499338835438426,,0.0,0,0,0,69,WB_RTFP,-2.4341963879372597
Garri White,2012-10-01,2012-09-01,-0.8660254037844386,0.5000000000000001,-3.053643139208684,2.7903371879409056,-1.637290880293174,12.759329381236316,,0.0,1,0,0,69,WB_RTFP,-2.6898993400279014
Goat Meat Bone-In,2012-10-01,2012-09-01,-0.8660254037844386,0.5000000000000001,1.0801141764680722,1.855564140903465,1.8823486108523024,2.5731854097274187,,0.0,0,0,0,69,WB_RTFP,-2.203619368655596
Maize White Grain,2012-10-01,2012-09-01,-0.8660254037844386,0.5000000000000001,3.0953642791380798,2.5432766944821994,2.695644720425916,3.4309088815797084,,0.0,1,0,0,69,WB_RTFP,-3.7107085962117314
Onions Fresh,2012-10-01,2012-09-01,-0.8660254037844386,0.5000000000000001,3.0632065519237583,1.773195999617183,2.2403918774710263,3.074576598710843,,0.0,0,0,0,69,WB_RTFP,-2.919129450474889
Rice Long-Grain Imported,2012-10-01,2012-09-01,-0.8660254037844386,0.5000000000000001,3.1279678718335147,2.434554911656739,1.8790155893778415,4.120512330770043,,,0,0,1,69,WB_RTFP,-2.671172571925251
Yam Tuber,2012-10-01,2012-09-01,-0.8660254037844386,0.5000000000000001,5.138892913650528,2.3752253176994254,6.533142946358517,3.299963292478969,,0.0,1,0,0,69,WB_RTFP,-3.536468261361847
Agric Hen Eggs (Crate of 30 Pieces),2012-11-01,2012-10-01,-0.5000000000000004,0.8660254037844384,-2.5854555371095933,2.01876937115526,1.85157241707532,-1.721704264365076,,0.0,1,0,0,70,WB_RTFP,-1.8725570954323145
Beans Brown,2012-11-01,2012-10-01,-0.5000000000000004,0.8660254037844384,-3.0711228457652506,-7.035893425488327,3.432257663091298,8.757459346756935,,0.0,1,0,0,70,WB_RTFP,11.80452891246544
Beef Boneless,2012-11-01,2012-10-01,-0.5000000000000004,0.8660254037844384,-2.4341963879372597,1.7664095305638838,2.1116659187223163,-2.489963438645393,,0.0,1,0,0,70,WB_RTFP,-2.357116195763531
Garri White,2012-11-01,2012-10-01,-0.5000000000000004,0.8660254037844384,-2.6898993400279014,-3.053643139208684,2.7903371879409056,5.139216223098231,,0.0,1,0,0,70,WB_RTFP,3.909618537060844
Goat Meat Bone-In,2012-11-01,2012-10-01,-0.5000000000000004,0.8660254037844384,-2.203619368655596,1.0801141764680722,1.855564140903465,-1.5538673779805667,,0.0,1,0,0,70,WB_RTFP,-1.4155587220726407
Maize White Grain,2012-11-01,2012-10-01,-0.5000000000000004,0.8660254037844384,-3.7107085962117314,3.0953642791380798,2.5432766944821994,0.6019586573571933,,0.0,1,0,0,70,WB_RTFP,-0.45661434855017724
Onions Fresh,2012-11-01,2012-10-01,-0.5000000000000004,0.8660254037844384,-2.919129450474889,3.0632065519237583,1.773195999617183,-1.9149263824630447,,0.0,1,0,0,70,WB_RTFP,-2.2723601472026234
Rice Long-Grain Imported,2012-11-01,2012-10-01,-0.5000000000000004,0.8660254037844384,-2.671172571925251,3.1279678718335147,2.434554911656739,-1.9598363670373709,,,0,0,1,70,WB_RTFP,-3.3073446162397824
Yam Tuber,2012-11-01,2012-10-01,-0.5000000000000004,0.8660254037844384,-3.536468261361847,5.138892913650528,2.3752253176994254,-4.762158253287662,,0.0,1,0,0,70,WB_RTFP,-5.200112232227017
Agric Hen Eggs (Crate of 30 Pieces),2012-12-01,2012-11-01,-2.4492935982947064e-16,1.0,-1.8725570954323145,-2.5854555371095933,2.01876937115526,6.094551840021811,,0.0,1,0,0,71,WB_RTFP,0.7372508360250718
Beans Brown,2012-12-01,2012-11-01,-2.4492935982947064e-16,1.0,11.80452891246544,-3.0711228457652506,-7.035893425488327,0.2342112435869126,,0.0,1,0,0,71,WB_RTFP,8.893985248317883
Beef Boneless,2012-12-01,2012-11-01,-2.4492935982947064e-16,1.0,-2.357116195763531,-2.4341963879372597,1.7664095305638838,3.355596749042178,,0.0,1,0,0,71,WB_RTFP,0.14477454092332032
Garri White,2012-12-01,2012-11-01,-2.4492935982947064e-16,1.0,3.909618537060844,-2.6898993400279014,-3.053643139208684,0.8578556340592902,,0.0,1,0,0,71,WB_RTFP,-1.9562162309665565
Goat Meat Bone-In,2012-12-01,2012-11-01,-2.4492935982947064e-16,1.0,-1.4155587220726407,-2.203619368655596,1.0801141764680722,3.261198453230496,,0.0,1,0,0,71,WB_RTFP,0.6401676419392377
Maize White Grain,2012-12-01,2012-11-01,-2.4492935982947064e-16,1.0,-0.45661434855017724,-3.7107085962117314,3.0953642791380798,8.465512041984757,,0.0,0,0,0,71,WB_RTFP,-0.4535836402375204
Onions Fresh,2012-12-01,2012-11-01,-2.4492935982947064e-16,1.0,-2.2723601472026234,-2.919129450474889,3.0632065519237583,6.8580068672223105,,0.0,1,0,0,71,WB_RTFP,-1.0707867262116033
Rice Long-Grain Imported,2012-12-01,2012-11-01,-2.4492935982947064e-16,1.0,-3.3073446162397824,-2.671172571925251,3.1279678718335147,7.800743823362688,,,0,0,1,71,WB_RTFP,-1.8707133632392625
Yam Tuber,2012-12-01,2012-11-01,-2.4492935982947064e-16,1.0,-5.200112232227017,-3.536468261361847,5.138892913650528,9.74300641050303,,0.0,0,0,0,71,WB_RTFP,0.5114096678368929
Agric Hen Eggs (Crate of 30 Pieces),2013-01-01,2012-12-01,0.49999999999999994,0.8660254037844387,0.7372508360250718,-1.8725570954323145,-2.5854555371095933,-3.726116828981707,,0.0,0,0,0,72,WB_RTFP,-0.3917249832243619
Beans Brown,2013-01-01,2012-12-01,0.49999999999999994,0.8660254037844387,8.893985248317883,11.80452891246544,-3.0711228457652506,4.493230723323571,,0.0,0,0,0,72,WB_RTFP,1.7656115733903244
Beef Boneless,2013-01-01,2012-12-01,0.49999999999999994,0.8660254037844387,0.14477454092332032,-2.357116195763531,-2.4341963879372597,-2.166366538746989,,0.0,1,0,0,72,WB_RTFP,0.8210981178092158
Garri White,2013-01-01,2012-12-01,0.49999999999999994,0.8660254037844387,-1.9562162309665565,3.909618537060844,-2.6898993400279014,1.27845653590819,,0.0,0,0,0,72,WB_RTFP,9.842467635936035
Goat Meat Bone-In,2013-01-01,2012-12-01,0.49999999999999994,0.8660254037844387,0.6401676419392377,-1.4155587220726407,-2.203619368655596,-1.86357010695265,,0.0,1,0,0,72,WB_RTFP,0.5244364037794158
Maize White Grain,2013-01-01,2012-12-01,0.49999999999999994,0.8660254037844387,-0.4535836402375204,-0.45661434855017724,-3.7107085962117314,-5.3395446335526175,,0.0,0,0,0,72,WB_RTFP,-0.07171253204079076
Onions Fresh,2013-01-01,2012-12-01,0.49999999999999994,0.8660254037844387,-1.0707867262116033,-2.2723601472026234,-2.919129450474889,-4.986920234190084,,0.0,1,0,0,72,WB_RTFP,0.09538767190286901
Rice Long-Grain Imported,2013-01-01,2012-12-01,0.49999999999999994,0.8660254037844387,-1.8707133632392625,-3.3073446162397824,-2.671172571925251,-5.655506990615344,,,0,0,1,72,WB_RTFP,0.5006316722152571
Yam Tuber,2013-01-01,2012-12-01,0.49999999999999994,0.8660254037844387,0.5114096678368929,-5.200112232227017,-3.536468261361847,-6.657688412694518,,0.0,0,0,0,72,WB_RTFP,-1.3310919571939195
Agric Hen Eggs (Crate of 30 Pieces),2013-02-01,2013-01-01,0.8660254037844386,0.5000000000000001,-0.3917249832243619,0.7372508360250718,-1.8725570954323145,5.157788206656311,,0.0,0,0,0,73,WB_RTFP,-0.15718829635862352
Beans Brown,2013-02-01,2013-01-01,0.8660254037844386,0.5000000000000001,1.7656115733903244,8.893985248317883,11.80452891246544,4.341658187975006,,0.0,0,0,0,73,WB_RTFP,3.942385509598334
Beef Boneless,2013-02-01,2013-01-01,0.8660254037844386,0.5000000000000001,0.8210981178092158,0.14477454092332032,-2.357116195763531,2.7019581179129837,,0.0,0,0,0,73,WB_RTFP,1.8158043688764725
Garri White,2013-02-01,2013-01-01,0.8660254037844386,0.5000000000000001,9.842467635936035,-1.9562162309665565,3.909618537060844,0.983328341818912,,0.0,0,0,0,73,WB_RTFP,15.608752595229669
Goat Meat Bone-In,2013-02-01,2013-01-01,0.8660254037844386,0.5000000000000001,0.5244364037794158,0.6401676419392377,-1.4155587220726407,2.9424627552806726,,0.0,0,0,0,73,WB_RTFP,1.2625860619061013
Maize White Grain,2013-02-01,2013-01-01,0.8660254037844386,0.5000000000000001,-0.07171253204079076,-0.4535836402375204,-0.45661434855017724,6.233227822691401,,0.0,0,0,0,73,WB_RTFP,3.527108389395117
Onions Fresh,2013-02-01,2013-01-01,0.8660254037844386,0.5000000000000001,0.09538767190286901,-1.0707867262116033,-2.2723601472026234,4.946447661245323,,0.0,1,0,0,73,WB_RTFP,2.1717951908514888
Rice Long-Grain Imported,2013-02-01,2013-01-01,0.8660254037844386,0.5000000000000001,0.5006316722152571,-1.8707133632392625,-3.3073446162397824,5.460825087024679,,,0,0,1,73,WB_RTFP,2.362642730215181
Yam Tuber,2013-02-01,2013-01-01,0.8660254037844386,0.5000000000000001,-1.3310919571939195,0.5114096678368929,-5.200112232227017,7.220281330829459,,0.0,0,0,0,73,WB_RTFP,-0.19097598941915095
Agric Hen Eggs (Crate of 30 Pieces),2013-03-01,2013-02-01,1.0,6.123233995736766e-17,-0.15718829635862352,-0.3917249832243619,0.7372508360250718,1.0870268651788084,,0.0,0,1,0,74,WB_RTFP,2.441220580767811
Beans Brown,2013-03-01,2013-02-01,1.0,6.123233995736766e-17,3.942385509598334,1.7656115733903244,8.893985248317883,0.25037609385041293,,0.0,0,0,0,74,WB_RTFP,-1.0822701275846836
Beef Boneless,2013-03-01,2013-02-01,1.0,6.123233995736766e-17,1.8158043688764725,0.8210981178092158,0.14477454092332032,0.9232568390293183,,0.0,0,0,0,74,WB_RTFP,2.2506846646975776
Garri White,2013-03-01,2013-02-01,1.0,6.123233995736766e-17,15.608752595229669,9.842467635936035,-1.9562162309665565,-0.4618089636131195,,0.0,0,1,0,74,WB_RTFP,4.953781328423812
Goat Meat Bone-In,2013-03-01,2013-02-01,1.0,6.123233995736766e-17,1.2625860619061013,0.5244364037794158,0.6401676419392377,0.8535301169299458,,0.0,0,0,0,74,WB_RTFP,1.7863756713619505
Maize White Grain,2013-03-01,2013-02-01,1.0,6.123233995736766e-17,3.527108389395117,-0.07171253204079076,-0.4535836402375204,1.0356974498411775,,0.0,0,0,0,74,WB_RTFP,4.8896583104639735
Onions Fresh,2013-03-01,2013-02-01,1.0,6.123233995736766e-17,2.1717951908514888,0.09538767190286901,-1.0707867262116033,1.1070536229098815,,0.0,0,0,0,74,WB_RTFP,3.4124157515305287
Rice Long-Grain Imported,2013-03-01,2013-02-01,1.0,6.123233995736766e-17,2.362642730215181,0.5006316722152571,-1.8707133632392625,1.3286310056295436,,,0,0,1,74,WB_RTFP,4.796127700084485
Yam Tuber,2013-03-01,2013-02-01,1.0,6.123233995736766e-17,-0.19097598941915095,-1.3310919571939195,0.5114096678368929,2.3111102886310464,,0.0,0,1,0,74,WB_RTFP,3.2680283857593695
Agric Hen Eggs (Crate of 30 Pieces),2013-04-01,2013-03-01,0.8660254037844387,-0.4999999999999998,2.441220580767811,-0.15718829635862352,-0.3917249832243619,-5.601355973099064,,0.0,0,1,0,75,WB_RTFP,4.998057335712547
Beans Brown,2013-04-01,2013-03-01,0.8660254037844387,-0.4999999999999998,-1.0822701275846836,3.942385509598334,1.7656115733903244,9.231972326627513,,0.0,0,1,0,75,WB_RTFP,4.94398083598464
Beef Boneless,2013-04-01,2013-03-01,0.8660254037844387,-0.4999999999999998,2.2506846646975776,1.8158043688764725,0.8210981178092158,-2.9682268480473506,,0.0,0,0,0,75,WB_RTFP,4.601715171711751
Garri White,2013-04-01,2013-03-01,0.8660254037844387,-0.4999999999999998,4.953781328423812,15.608752595229669,9.842467635936035,9.26076346275262,,0.0,0,1,0,75,WB_RTFP,9.036755502361737
Goat Meat Bone-In,2013-04-01,2013-03-01,0.8660254037844387,-0.4999999999999998,1.7863756713619505,1.2625860619061013,0.5244364037794158,-2.1394259603297106,,0.0,0,0,0,75,WB_RTFP,4.0325856427883
Maize White Grain,2013-04-01,2013-03-01,0.8660254037844387,-0.4999999999999998,4.8896583104639735,3.527108389395117,-0.07171253204079076,-3.3404205055516223,,0.0,0,0,0,75,WB_RTFP,7.081877429565897
Onions Fresh,2013-04-01,2013-03-01,0.8660254037844387,-0.4999999999999998,3.4124157515305287,2.1717951908514888,0.09538767190286901,0.1378169790517969,,0.0,0,0,0,75,WB_RTFP,5.706021410865136
Rice Long-Grain Imported,2013-04-01,2013-03-01,0.8660254037844387,-0.4999999999999998,4.796127700084485,2.362642730215181,0.5006316722152571,1.4354529572400132,,,0,0,1,75,WB_RTFP,6.066143543320224
Yam Tuber,2013-04-01,2013-03-01,0.8660254037844387,-0.4999999999999998,3.2680283857593695,-0.19097598941915095,-1.3310919571939195,-9.18955792835563,,0.0,0,1,0,75,WB_RTFP,5.922435729217956
Agric Hen Eggs (Crate of 30 Pieces),2013-05-01,2013-04-01,0.49999999999999994,-0.8660254037844387,4.998057335712547,2.441220580767811,-0.15718829635862352,1.6930592407969236,,0.0,0,1,0,76,WB_RTFP,0.4088884009386895
Beans Brown,2013-05-01,2013-04-01,0.49999999999999994,-0.8660254037844387,4.94398083598464,-1.0822701275846836,3.942385509598334,3.171931787765536,,0.0,0,1,0,76,WB_RTFP,-4.135706525292271
Beef Boneless,2013-05-01,2013-04-01,0.49999999999999994,-0.8660254037844387,4.601715171711751,2.2506846646975776,1.8158043688764725,1.8800811976140253,,0.0,0,0,0,76,WB_RTFP,0.40574098804206926
Garri White,2013-05-01,2013-04-01,0.49999999999999994,-0.8660254037844387,9.036755502361737,4.953781328423812,15.608752595229669,-0.31425051414696314,,0.0,0,1,0,76,WB_RTFP,-3.700227912588794
Goat Meat Bone-In,2013-05-01,2013-04-01,0.49999999999999994,-0.8660254037844387,4.0325856427883,1.7863756713619505,1.2625860619061013,1.7712626924206276,,0.0,0,0,0,76,WB_RTFP,-0.13625969445367758
Maize White Grain,2013-05-01,2013-04-01,0.49999999999999994,-0.8660254037844387,7.081877429565897,4.8896583104639735,3.527108389395117,2.6193909473066768,,0.0,0,1,0,76,WB_RTFP,-0.21047034583601132
Onions Fresh,2013-05-01,2013-04-01,0.49999999999999994,-0.8660254037844387,5.706021410865136,3.4124157515305287,2.1717951908514888,2.4235061109687317,,0.0,0,0,0,76,WB_RTFP,0.6065118503502775
Rice Long-Grain Imported,2013-05-01,2013-04-01,0.49999999999999994,-0.8660254037844387,6.066143543320224,4.796127700084485,2.362642730215181,3.3307526507734497,,,0,0,1,76,WB_RTFP,-0.8187834123094984
Yam Tuber,2013-05-01,2013-04-01,0.49999999999999994,-0.8660254037844387,5.922435729217956,3.2680283857593695,-0.19097598941915095,0.8778219771339302,,0.0,0,1,0,76,WB_RTFP,2.782898198125472
Agric Hen Eggs (Crate of 30 Pieces),2013-06-01,2013-05-01,1.2246467991473532e-16,-1.0,0.4088884009386895,4.998057335712547,2.441220580767811,7.0273484194386615,,0.0,0,0,0,77,WB_RTFP,1.5661211675110032
Beans Brown,2013-06-01,2013-05-01,1.2246467991473532e-16,-1.0,-4.135706525292271,4.94398083598464,-1.0822701275846836,-3.095121346088847,,0.0,0,1,0,77,WB_RTFP,3.046420619414514
Beef Boneless,2013-06-01,2013-05-01,1.2246467991473532e-16,-1.0,0.40574098804206926,4.601715171711751,2.2506846646975776,3.314778216979497,,0.0,0,0,0,77,WB_RTFP,0.8295465305981908
Garri White,2013-06-01,2013-05-01,1.2246467991473532e-16,-1.0,-3.700227912588794,9.036755502361737,4.953781328423812,-3.67119174511058,,0.0,0,0,0,77,WB_RTFP,3.2929933772200215
Goat Meat Bone-In,2013-06-01,2013-05-01,1.2246467991473532e-16,-1.0,-0.13625969445367758,4.0325856427883,1.7863756713619505,3.058362303045281,,0.0,0,0,0,77,WB_RTFP,1.1276816403374967
Maize White Grain,2013-06-01,2013-05-01,1.2246467991473532e-16,-1.0,-0.21047034583601132,7.081877429565897,4.8896583104639735,4.1960651221685685,,0.0,0,1,0,77,WB_RTFP,3.493406154256018
Onions Fresh,2013-06-01,2013-05-01,1.2246467991473532e-16,-1.0,0.6065118503502775,5.706021410865136,3.4124157515305287,1.022453827406089,,0.0,0,0,0,77,WB_RTFP,2.967550602585356
Rice Long-Grain Imported,2013-06-01,2013-05-01,1.2246467991473532e-16,-1.0,-0.8187834123094984,6.066143543320224,4.796127700084485,0.33230736367872993,,,0,0,1,77,WB_RTFP,3.305891552620044
Yam Tuber,2013-06-01,2013-05-01,1.2246467991473532e-16,-1.0,2.782898198125472,5.922435729217956,3.2680283857593695,11.56123862203582,,0.0,0,0,0,77,WB_RTFP,0.9809492186801938
Agric Hen Eggs (Crate of 30 Pieces),2013-07-01,2013-06-01,-0.4999999999999997,-0.8660254037844388,1.5661211675110032,0.4088884009386895,4.998057335712547,3.6945391262734883,,0.0,0,0,0,78,WB_RTFP,1.5646041793895948
Beans Brown,2013-07-01,2013-06-01,-0.4999999999999997,-0.8660254037844388,3.046420619414514,-4.135706525292271,4.94398083598464,-1.5033880359551999,,0.0,0,0,0,78,WB_RTFP,4.8174463440380455
Beef Boneless,2013-07-01,2013-06-01,-0.4999999999999997,-0.8660254037844388,0.8295465305981908,0.40574098804206926,4.601715171711751,1.8468136669662405,,0.0,0,1,0,78,WB_RTFP,2.3121653119757557
Garri White,2013-07-01,2013-06-01,-0.4999999999999997,-0.8660254037844388,3.2929933772200215,-3.700227912588794,9.036755502361737,-1.637290880293174,,0.0,0,0,0,78,WB_RTFP,7.560397984086387
Goat Meat Bone-In,2013-07-01,2013-06-01,-0.4999999999999997,-0.8660254037844388,1.1276816403374967,-0.13625969445367758,4.0325856427883,1.8823486108523024,,0.0,0,1,0,78,WB_RTFP,2.2226554964959844
Maize White Grain,2013-07-01,2013-06-01,-0.4999999999999997,-0.8660254037844388,3.493406154256018,-0.21047034583601132,7.081877429565897,2.695644720425916,,0.0,0,1,0,78,WB_RTFP,2.0048512374026384
Onions Fresh,2013-07-01,2013-06-01,-0.4999999999999997,-0.8660254037844388,2.967550602585356,0.6065118503502775,5.706021410865136,2.2403918774710263,,0.0,0,1,0,78,WB_RTFP,1.807331628303488
Rice Long-Grain Imported,2013-07-01,2013-06-01,-0.4999999999999997,-0.8660254037844388,3.305891552620044,-0.8187834123094984,6.066143543320224,1.8790155893778415,,,0,0,1,78,WB_RTFP,3.2996180628897864
Yam Tuber,2013-07-01,2013-06-01,-0.4999999999999997,-0.8660254037844388,0.9809492186801938,2.782898198125472,5.922435729217956,6.533142946358517,,0.0,0,0,0,78,WB_RTFP,0.5906834860195387
Agric Hen Eggs (Crate of 30 Pieces),2013-08-01,2013-07-01,-0.8660254037844384,-0.5000000000000004,1.5646041793895948,1.5661211675110032,0.4088884009386895,1.85157241707532,,0.0,0,0,0,79,WB_RTFP,6.555159163305868
Beans Brown,2013-08-01,2013-07-01,-0.8660254037844384,-0.5000000000000004,4.8174463440380455,3.046420619414514,-4.135706525292271,3.432257663091298,,0.0,0,0,0,79,WB_RTFP,4.614501085923606
Beef Boneless,2013-08-01,2013-07-01,-0.8660254037844384,-0.5000000000000004,2.3121653119757557,0.8295465305981908,0.40574098804206926,2.1116659187223163,,0.0,0,1,0,79,WB_RTFP,6.151019869753083
Garri White,2013-08-01,2013-07-01,-0.8660254037844384,-0.5000000000000004,7.560397984086387,3.2929933772200215,-3.700227912588794,2.7903371879409056,,0.0,0,0,0,79,WB_RTFP,4.083399901993023
Goat Meat Bone-In,2013-08-01,2013-07-01,-0.8660254037844384,-0.5000000000000004,2.2226554964959844,1.1276816403374967,-0.13625969445367758,1.855564140903465,,0.0,0,1,0,79,WB_RTFP,4.283614847194395
Maize White Grain,2013-08-01,2013-07-01,-0.8660254037844384,-0.5000000000000004,2.0048512374026384,3.493406154256018,-0.21047034583601132,2.5432766944821994,,0.0,0,0,0,79,WB_RTFP,7.101837010910272
Onions Fresh,2013-08-01,2013-07-01,-0.8660254037844384,-0.5000000000000004,1.807331628303488,2.967550602585356,0.6065118503502775,1.773195999617183,,0.0,0,1,0,79,WB_RTFP,7.259188642541514
Rice Long-Grain Imported,2013-08-01,2013-07-01,-0.8660254037844384,-0.5000000000000004,3.2996180628897864,3.305891552620044,-0.8187834123094984,2.434554911656739,,,0,0,1,79,WB_RTFP,5.8070528291767065
Yam Tuber,2013-08-01,2013-07-01,-0.8660254037844384,-0.5000000000000004,0.5906834860195387,0.9809492186801938,2.782898198125472,2.3752253176994254,,0.0,1,0,0,79,WB_RTFP,7.588787458813084
Agric Hen Eggs (Crate of 30 Pieces),2013-09-01,2013-08-01,-1.0,-1.8369701987210297e-16,6.555159163305868,1.5646041793895948,1.5661211675110032,2.01876937115526,,0.0,0,0,0,80,WB_RTFP,2.698501229551109
Beans Brown,2013-09-01,2013-08-01,-1.0,-1.8369701987210297e-16,4.614501085923606,4.8174463440380455,3.046420619414514,-7.035893425488327,,0.0,0,0,0,80,WB_RTFP,1.0847919250984717
Beef Boneless,2013-09-01,2013-08-01,-1.0,-1.8369701987210297e-16,6.151019869753083,2.3121653119757557,0.8295465305981908,1.7664095305638838,,0.0,0,0,0,80,WB_RTFP,1.2354258572332633
Garri White,2013-09-01,2013-08-01,-1.0,-1.8369701987210297e-16,4.083399901993023,7.560397984086387,3.2929933772200215,-3.053643139208684,,0.0,1,0,0,80,WB_RTFP,-1.061149377843118
Goat Meat Bone-In,2013-09-01,2013-08-01,-1.0,-1.8369701987210297e-16,4.283614847194395,2.2226554964959844,1.1276816403374967,1.0801141764680722,,0.0,0,0,0,80,WB_RTFP,0.6274675100424121
Maize White Grain,2013-09-01,2013-08-01,-1.0,-1.8369701987210297e-16,7.101837010910272,2.0048512374026384,3.493406154256018,3.0953642791380798,,0.0,1,0,0,80,WB_RTFP,3.963516405835832
Onions Fresh,2013-09-01,2013-08-01,-1.0,-1.8369701987210297e-16,7.259188642541514,1.807331628303488,2.967550602585356,3.0632065519237583,,0.0,0,1,0,80,WB_RTFP,3.9040186024612566
Rice Long-Grain Imported,2013-09-01,2013-08-01,-1.0,-1.8369701987210297e-16,5.8070528291767065,3.2996180628897864,3.305891552620044,3.1279678718335147,,,0,0,1,80,WB_RTFP,2.6828993206261753
Yam Tuber,2013-09-01,2013-08-01,-1.0,-1.8369701987210297e-16,7.588787458813084,0.5906834860195387,0.9809492186801938,5.138892913650528,,0.0,1,0,0,80,WB_RTFP,3.7479090307567464
Agric Hen Eggs (Crate of 30 Pieces),2013-10-01,2013-09-01,-0.8660254037844386,0.5000000000000001,2.698501229551109,6.555159163305868,1.5646041793895948,-2.5854555371095933,,0.0,1,0,0,81,WB_RTFP,-0.908350830970861
Beans Brown,2013-10-01,2013-09-01,-0.8660254037844386,0.5000000000000001,1.0847919250984717,4.614501085923606,4.8174463440380455,-3.0711228457652506,,0.0,1,0,0,81,WB_RTFP,-0.9054585245208524
Beef Boneless,2013-10-01,2013-09-01,-0.8660254037844386,0.5000000000000001,1.2354258572332633,6.151019869753083,2.3121653119757557,-2.4341963879372597,,0.0,0,0,0,81,WB_RTFP,-0.09421283030198735
Garri White,2013-10-01,2013-09-01,-0.8660254037844386,0.5000000000000001,-1.061149377843118,4.083399901993023,7.560397984086387,-2.6898993400279014,,0.0,1,0,0,81,WB_RTFP,3.2346486462996094
Goat Meat Bone-In,2013-10-01,2013-09-01,-0.8660254037844386,0.5000000000000001,0.6274675100424121,4.283614847194395,2.2226554964959844,-2.203619368655596,,0.0,0,0,0,81,WB_RTFP,-0.002013090897834413
Maize White Grain,2013-10-01,2013-09-01,-0.8660254037844386,0.5000000000000001,3.963516405835832,7.101837010910272,2.0048512374026384,-3.7107085962117314,,0.0,1,0,0,81,WB_RTFP,-1.4336845030671563
Onions Fresh,2013-10-01,2013-09-01,-0.8660254037844386,0.5000000000000001,3.9040186024612566,7.259188642541514,1.807331628303488,-2.919129450474889,,0.0,0,0,0,81,WB_RTFP,-0.5724312839707757
Rice Long-Grain Imported,2013-10-01,2013-09-01,-0.8660254037844386,0.5000000000000001,2.6828993206261753,5.8070528291767065,3.2996180628897864,-2.671172571925251,,,0,0,1,81,WB_RTFP,-0.09583107074099262
Yam Tuber,2013-10-01,2013-09-01,-0.8660254037844386,0.5000000000000001,3.7479090307567464,7.588787458813084,0.5906834860195387,-3.536468261361847,,0.0,1,0,0,81,WB_RTFP,-1.7154885074356474
Agric Hen Eggs (Crate of 30 Pieces),2013-11-01,2013-10-01,-0.5000000000000004,0.8660254037844384,-0.908350830970861,2.698501229551109,6.555159163305868,-1.8725570954323145,,0.0,1,0,0,82,WB_RTFP,-5.411622889255785
Beans Brown,2013-11-01,2013-10-01,-0.5000000000000004,0.8660254037844384,-0.9054585245208524,1.0847919250984717,4.614501085923606,11.80452891246544,,0.0,1,0,0,82,WB_RTFP,-1.3828303285868482
Beef Boneless,2013-11-01,2013-10-01,-0.5000000000000004,0.8660254037844384,-0.09421283030198735,1.2354258572332633,6.151019869753083,-2.357116195763531,,0.0,1,0,0,82,WB_RTFP,-4.936888310818322
Garri White,2013-11-01,2013-10-01,-0.5000000000000004,0.8660254037844384,3.2346486462996094,-1.061149377843118,4.083399901993023,3.909618537060844,,0.0,1,0,0,82,WB_RTFP,-8.324344120739259
Goat Meat Bone-In,2013-11-01,2013-10-01,-0.5000000000000004,0.8660254037844384,-0.002013090897834413,0.6274675100424121,4.283614847194395,-1.4155587220726407,,0.0,1,0,0,82,WB_RTFP,-3.674603630876072
Maize White Grain,2013-11-01,2013-10-01,-0.5000000000000004,0.8660254037844384,-1.4336845030671563,3.963516405835832,7.101837010910272,-0.45661434855017724,,0.0,1,0,0,82,WB_RTFP,-7.898468403115211
Onions Fresh,2013-11-01,2013-10-01,-0.5000000000000004,0.8660254037844384,-0.5724312839707757,3.9040186024612566,7.259188642541514,-2.2723601472026234,,0.0,1,0,0,82,WB_RTFP,-8.870752095613454
Rice Long-Grain Imported,2013-11-01,2013-10-01,-0.5000000000000004,0.8660254037844384,-0.09583107074099262,2.6828993206261753,5.8070528291767065,-3.3073446162397824,,,0,0,1,82,WB_RTFP,-8.783285063004653
Yam Tuber,2013-11-01,2013-10-01,-0.5000000000000004,0.8660254037844384,-1.7154885074356474,3.7479090307567464,7.588787458813084,-5.200112232227017,,0.0,1,0,0,82,WB_RTFP,-5.2549100429005735
Agric Hen Eggs (Crate of 30 Pieces),2013-12-01,2013-11-01,-2.4492935982947064e-16,1.0,-5.411622889255785,-0.908350830970861,2.698501229551109,0.7372508360250718,,0.0,1,0,0,83,WB_RTFP,-2.1003296407772876
Beans Brown,2013-12-01,2013-11-01,-2.4492935982947064e-16,1.0,-1.3828303285868482,-0.9054585245208524,1.0847919250984717,8.893985248317883,,0.0,1,0,0,83,WB_RTFP,-3.924473940820017
Beef Boneless,2013-12-01,2013-11-01,-2.4492935982947064e-16,1.0,-4.936888310818322,-0.09421283030198735,1.2354258572332633,0.14477454092332032,,0.0,1,0,0,83,WB_RTFP,-1.9312731906006242
Garri White,2013-12-01,2013-11-01,-2.4492935982947064e-16,1.0,-8.324344120739259,3.2346486462996094,-1.061149377843118,-1.9562162309665565,,0.0,1,0,0,83,WB_RTFP,-3.1591731966194914
Goat Meat Bone-In,2013-12-01,2013-11-01,-2.4492935982947064e-16,1.0,-3.674603630876072,-0.002013090897834413,0.6274675100424121,0.6401676419392377,,0.0,1,0,0,83,WB_RTFP,-1.644934094924544
Maize White Grain,2013-12-01,2013-11-01,-2.4492935982947064e-16,1.0,-7.898468403115211,-1.4336845030671563,3.963516405835832,-0.4535836402375204,,0.0,0,0,0,83,WB_RTFP,-3.7785535210869914
Onions Fresh,2013-12-01,2013-11-01,-2.4492935982947064e-16,1.0,-8.870752095613454,-0.5724312839707757,3.9040186024612566,-1.0707867262116033,,0.0,1,0,0,83,WB_RTFP,-3.0340762665373666
Rice Long-Grain Imported,2013-12-01,2013-11-01,-2.4492935982947064e-16,1.0,-8.783285063004653,-0.09583107074099262,2.6828993206261753,-1.8707133632392625,,,0,0,1,83,WB_RTFP,-2.582331452019737
Yam Tuber,2013-12-01,2013-11-01,-2.4492935982947064e-16,1.0,-5.2549100429005735,-1.7154885074356474,3.7479090307567464,0.5114096678368929,,0.0,0,0,0,83,WB_RTFP,-2.0106669183933668
Agric Hen Eggs (Crate of 30 Pieces),2014-01-01,2013-12-01,0.49999999999999994,0.8660254037844387,-2.1003296407772876,-5.411622889255785,-0.908350830970861,-0.3917249832243619,,0.0,0,0,0,84,WB_RTFP,-10.79059747039517
Beans Brown,2014-01-01,2013-12-01,0.49999999999999994,0.8660254037844387,-3.924473940820017,-1.3828303285868482,-0.9054585245208524,1.7656115733903244,,0.0,0,0,0,84,WB_RTFP,-6.04449790459366
Beef Boneless,2014-01-01,2013-12-01,0.49999999999999994,0.8660254037844387,-1.9312731906006242,-4.936888310818322,-0.09421283030198735,0.8210981178092158,,0.0,1,0,0,84,WB_RTFP,-9.716290177709496
Garri White,2014-01-01,2013-12-01,0.49999999999999994,0.8660254037844387,-3.1591731966194914,-8.324344120739259,3.2346486462996094,9.842467635936035,,0.0,0,0,0,84,WB_RTFP,-6.77802355161371
Goat Meat Bone-In,2014-01-01,2013-12-01,0.49999999999999994,0.8660254037844387,-1.644934094924544,-3.674603630876072,-0.002013090897834413,0.5244364037794158,,0.0,1,0,0,84,WB_RTFP,-8.061777642657141
Maize White Grain,2014-01-01,2013-12-01,0.49999999999999994,0.8660254037844387,-3.7785535210869914,-7.898468403115211,-1.4336845030671563,-0.07171253204079076,,0.0,0,0,0,84,WB_RTFP,-12.273949499364445
Onions Fresh,2014-01-01,2013-12-01,0.49999999999999994,0.8660254037844387,-3.0340762665373666,-8.870752095613454,-0.5724312839707757,0.09538767190286901,,0.0,1,0,0,84,WB_RTFP,-11.298760078310854
Rice Long-Grain Imported,2014-01-01,2013-12-01,0.49999999999999994,0.8660254037844387,-2.582331452019737,-8.783285063004653,-0.09583107074099262,0.5006316722152571,,,0,0,1,84,WB_RTFP,-9.458256207647464
Yam Tuber,2014-01-01,2013-12-01,0.49999999999999994,0.8660254037844387,-2.0106669183933668,-5.2549100429005735,-1.7154885074356474,-1.3310919571939195,,0.0,0,0,0,84,WB_RTFP,-16.1241918898939
Agric Hen Eggs (Crate of 30 Pieces),2014-02-01,2014-01-01,0.8660254037844386,0.5000000000000001,-10.79059747039517,-2.1003296407772876,-5.411622889255785,-0.15718829635862352,,0.0,0,0,0,85,WB_RTFP,-0.7496647807615164
Beans Brown,2014-02-01,2014-01-01,0.8660254037844386,0.5000000000000001,-6.04449790459366,-3.924473940820017,-1.3828303285868482,3.942385509598334,,0.0,0,0,0,85,WB_RTFP,-3.419634839868313
Beef Boneless,2014-02-01,2014-01-01,0.8660254037844386,0.5000000000000001,-9.716290177709496,-1.9312731906006242,-4.936888310818322,1.8158043688764725,,0.0,0,0,0,85,WB_RTFP,-0.3291422705842373
Garri White,2014-02-01,2014-01-01,0.8660254037844386,0.5000000000000001,-6.77802355161371,-3.1591731966194914,-8.324344120739259,15.608752595229669,,0.0,0,0,0,85,WB_RTFP,-3.248539257262384
Goat Meat Bone-In,2014-02-01,2014-01-01,0.8660254037844386,0.5000000000000001,-8.061777642657141,-1.644934094924544,-3.674603630876072,1.2625860619061013,,0.0,0,0,0,85,WB_RTFP,-0.603313423634777
Maize White Grain,2014-02-01,2014-01-01,0.8660254037844386,0.5000000000000001,-12.273949499364445,-3.7785535210869914,-7.898468403115211,3.527108389395117,,0.0,0,0,0,85,WB_RTFP,-1.637834811604122
Onions Fresh,2014-02-01,2014-01-01,0.8660254037844386,0.5000000000000001,-11.298760078310854,-3.0340762665373666,-8.870752095613454,2.1717951908514888,,0.0,1,0,0,85,WB_RTFP,-0.6393027298671528
Rice Long-Grain Imported,2014-02-01,2014-01-01,0.8660254037844386,0.5000000000000001,-9.458256207647464,-2.582331452019737,-8.783285063004653,2.362642730215181,,,0,0,1,85,WB_RTFP,-2.194156898992483
Yam Tuber,2014-02-01,2014-01-01,0.8660254037844386,0.5000000000000001,-16.1241918898939,-2.0106669183933668,-5.2549100429005735,-0.19097598941915095,,0.0,0,0,0,85,WB_RTFP,-0.9031620972785759
Agric Hen Eggs (Crate of 30 Pieces),2014-03-01,2014-02-01,1.0,6.123233995736766e-17,-0.7496647807615164,-10.79059747039517,-2.1003296407772876,2.441220580767811,,0.0,0,1,0,86,WB_RTFP,2.6391472790499915
Beans Brown,2014-03-01,2014-02-01,1.0,6.123233995736766e-17,-3.419634839868313,-6.04449790459366,-3.924473940820017,-1.0822701275846836,,0.0,0,0,0,86,WB_RTFP,4.484423533389226
Beef Boneless,2014-03-01,2014-02-01,1.0,6.123233995736766e-17,-0.3291422705842373,-9.716290177709496,-1.9312731906006242,2.2506846646975776,,0.0,0,0,0,86,WB_RTFP,2.1147261931220296
Garri White,2014-03-01,2014-02-01,1.0,6.123233995736766e-17,-3.248539257262384,-6.77802355161371,-3.1591731966194914,4.953781328423812,,0.0,0,1,0,86,WB_RTFP,2.4640279260003117
Goat Meat Bone-In,2014-03-01,2014-02-01,1.0,6.123233995736766e-17,-0.603313423634777,-8.061777642657141,-1.644934094924544,1.7863756713619505,,0.0,0,0,0,86,WB_RTFP,1.9550295360555525
Maize White Grain,2014-03-01,2014-02-01,1.0,6.123233995736766e-17,-1.637834811604122,-12.273949499364445,-3.7785535210869914,4.8896583104639735,,0.0,0,0,0,86,WB_RTFP,4.030943094989636
Onions Fresh,2014-03-01,2014-02-01,1.0,6.123233995736766e-17,-0.6393027298671528,-11.298760078310854,-3.0340762665373666,3.4124157515305287,,0.0,0,0,0,86,WB_RTFP,3.004499434211816
Rice Long-Grain Imported,2014-03-01,2014-02-01,1.0,6.123233995736766e-17,-2.194156898992483,-9.458256207647464,-2.582331452019737,4.796127700084485,,,0,0,1,86,WB_RTFP,2.336942657661001
Yam Tuber,2014-03-01,2014-02-01,1.0,6.123233995736766e-17,-0.9031620972785759,-16.1241918898939,-2.0106669183933668,3.2680283857593695,,0.0,0,1,0,86,WB_RTFP,4.322961710640616
Agric Hen Eggs (Crate of 30 Pieces),2014-04-01,2014-03-01,0.8660254037844387,-0.4999999999999998,2.6391472790499915,-0.7496647807615164,-10.79059747039517,4.998057335712547,,0.0,0,1,0,87,WB_RTFP,-1.2675337237254891
Beans Brown,2014-04-01,2014-03-01,0.8660254037844387,-0.4999999999999998,4.484423533389226,-3.419634839868313,-6.04449790459366,4.94398083598464,,0.0,0,1,0,87,WB_RTFP,0.40493758251520795
Beef Boneless,2014-04-01,2014-03-01,0.8660254037844387,-0.4999999999999998,2.1147261931220296,-0.3291422705842373,-9.716290177709496,4.601715171711751,,0.0,0,0,0,87,WB_RTFP,-0.7699020396659928
Garri White,2014-04-01,2014-03-01,0.8660254037844387,-0.4999999999999998,2.4640279260003117,-3.248539257262384,-6.77802355161371,9.036755502361737,,0.0,0,1,0,87,WB_RTFP,-1.4164665681566269
Goat Meat Bone-In,2014-04-01,2014-03-01,0.8660254037844387,-0.4999999999999998,1.9550295360555525,-0.603313423634777,-8.061777642657141,4.0325856427883,,0.0,0,0,0,87,WB_RTFP,-0.8501108854587103
Maize White Grain,2014-04-01,2014-03-01,0.8660254037844387,-0.4999999999999998,4.030943094989636,-1.637834811604122,-12.273949499364445,7.081877429565897,,0.0,0,0,0,87,WB_RTFP,-2.576803435508501
Onions Fresh,2014-04-01,2014-03-01,0.8660254037844387,-0.4999999999999998,3.004499434211816,-0.6393027298671528,-11.298760078310854,5.706021410865136,,0.0,0,0,0,87,WB_RTFP,-2.624683327825994
Rice Long-Grain Imported,2014-04-01,2014-03-01,0.8660254037844387,-0.4999999999999998,2.336942657661001,-2.194156898992483,-9.458256207647464,6.066143543320224,,,0,0,1,87,WB_RTFP,-1.7049551000622776
Yam Tuber,2014-04-01,2014-03-01,0.8660254037844387,-0.4999999999999998,4.322961710640616,-0.9031620972785759,-16.1241918898939,5.922435729217956,,0.0,0,1,0,87,WB_RTFP,-1.6420732049711617
Agric Hen Eggs (Crate of 30 Pieces),2014-05-01,2014-04-01,0.49999999999999994,-0.8660254037844387,-1.2675337237254891,2.6391472790499915,-0.7496647807615164,0.4088884009386895,,0.0,0,1,0,88,WB_RTFP,1.7253070343842491
Beans Brown,2014-05-01,2014-04-01,0.49999999999999994,-0.8660254037844387,0.40493758251520795,4.484423533389226,-3.419634839868313,-4.135706525292271,,0.0,0,1,0,88,WB_RTFP,-4.3345661187334406
Beef Boneless,2014-05-01,2014-04-01,0.49999999999999994,-0.8660254037844387,-0.7699020396659928,2.1147261931220296,-0.3291422705842373,0.40574098804206926,,0.0,0,0,0,88,WB_RTFP,2.388456529934646
Garri White,2014-05-01,2014-04-01,0.49999999999999994,-0.8660254037844387,-1.4164665681566269,2.4640279260003117,-3.248539257262384,-3.700227912588794,,0.0,0,1,0,88,WB_RTFP,-0.009237899327685373
Goat Meat Bone-In,2014-05-01,2014-04-01,0.49999999999999994,-0.8660254037844387,-0.8501108854587103,1.9550295360555525,-0.603313423634777,-0.13625969445367758,,0.0,0,0,0,88,WB_RTFP,1.809461565087389
Maize White Grain,2014-05-01,2014-04-01,0.49999999999999994,-0.8660254037844387,-2.576803435508501,4.030943094989636,-1.637834811604122,-0.21047034583601132,,0.0,0,1,0,88,WB_RTFP,1.0714405550934503
Onions Fresh,2014-05-01,2014-04-01,0.49999999999999994,-0.8660254037844387,-2.624683327825994,3.004499434211816,-0.6393027298671528,0.6065118503502775,,0.0,0,0,0,88,WB_RTFP,2.382873081124859
Rice Long-Grain Imported,2014-05-01,2014-04-01,0.49999999999999994,-0.8660254037844387,-1.7049551000622776,2.336942657661001,-2.194156898992483,-0.8187834123094984,,,0,0,1,88,WB_RTFP,2.271452192212786
Yam Tuber,2014-05-01,2014-04-01,0.49999999999999994,-0.8660254037844387,-1.6420732049711617,4.322961710640616,-0.9031620972785759,2.782898198125472,,0.0,0,1,0,88,WB_RTFP,3.679612621953421
Agric Hen Eggs (Crate of 30 Pieces),2014-06-01,2014-05-01,1.2246467991473532e-16,-1.0,1.7253070343842491,-1.2675337237254891,2.6391472790499915,1.5661211675110032,,0.0,0,0,0,89,WB_RTFP,2.7840729578514356
Beans Brown,2014-06-01,2014-05-01,1.2246467991473532e-16,-1.0,-4.3345661187334406,0.40493758251520795,4.484423533389226,3.046420619414514,,0.0,0,1,0,89,WB_RTFP,0.09972738141230675
Beef Boneless,2014-06-01,2014-05-01,1.2246467991473532e-16,-1.0,2.388456529934646,-0.7699020396659928,2.1147261931220296,0.8295465305981908,,0.0,0,0,0,89,WB_RTFP,2.4317358385891996
Garri White,2014-06-01,2014-05-01,1.2246467991473532e-16,-1.0,-0.009237899327685373,-1.4164665681566269,2.4640279260003117,3.2929933772200215,,0.0,0,0,0,89,WB_RTFP,-1.608583972455535
Goat Meat Bone-In,2014-06-01,2014-05-01,1.2246467991473532e-16,-1.0,1.809461565087389,-0.8501108854587103,1.9550295360555525,1.1276816403374967,,0.0,0,0,0,89,WB_RTFP,1.8511425962659978
Maize White Grain,2014-06-01,2014-05-01,1.2246467991473532e-16,-1.0,1.0714405550934503,-2.576803435508501,4.030943094989636,3.493406154256018,,0.0,0,1,0,89,WB_RTFP,1.232540178992636
Onions Fresh,2014-06-01,2014-05-01,1.2246467991473532e-16,-1.0,2.382873081124859,-2.624683327825994,3.004499434211816,2.967550602585356,,0.0,0,0,0,89,WB_RTFP,1.5458911915893436
Rice Long-Grain Imported,2014-06-01,2014-05-01,1.2246467991473532e-16,-1.0,2.271452192212786,-1.7049551000622776,2.336942657661001,3.305891552620044,,,0,0,1,89,WB_RTFP,0.9469972968003226
Yam Tuber,2014-06-01,2014-05-01,1.2246467991473532e-16,-1.0,3.679612621953421,-1.6420732049711617,4.322961710640616,0.9809492186801938,,0.0,0,0,0,89,WB_RTFP,5.424099318864362
Agric Hen Eggs (Crate of 30 Pieces),2014-07-01,2014-06-01,-0.4999999999999997,-0.8660254037844388,2.7840729578514356,1.7253070343842491,-1.2675337237254891,1.5646041793895948,,0.0,0,0,0,90,WB_RTFP,3.8070098899912974
Beans Brown,2014-07-01,2014-06-01,-0.4999999999999997,-0.8660254037844388,0.09972738141230675,-4.3345661187334406,0.40493758251520795,4.8174463440380455,,0.0,0,0,0,90,WB_RTFP,3.6900579854736604
Beef Boneless,2014-07-01,2014-06-01,-0.4999999999999997,-0.8660254037844388,2.4317358385891996,2.388456529934646,-0.7699020396659928,2.3121653119757557,,0.0,0,1,0,90,WB_RTFP,2.24152452547306
Garri White,2014-07-01,2014-06-01,-0.4999999999999997,-0.8660254037844388,-1.608583972455535,-0.009237899327685373,-1.4164665681566269,7.560397984086387,,0.0,0,0,0,90,WB_RTFP,2.0374533816488904
Goat Meat Bone-In,2014-07-01,2014-06-01,-0.4999999999999997,-0.8660254037844388,1.8511425962659978,1.809461565087389,-0.8501108854587103,2.2226554964959844,,0.0,0,1,0,90,WB_RTFP,1.603564395968915
Maize White Grain,2014-07-01,2014-06-01,-0.4999999999999997,-0.8660254037844388,1.232540178992636,1.0714405550934503,-2.576803435508501,2.0048512374026384,,0.0,0,1,0,90,WB_RTFP,5.87139779898096
Onions Fresh,2014-07-01,2014-06-01,-0.4999999999999997,-0.8660254037844388,1.5458911915893436,2.382873081124859,-2.624683327825994,1.807331628303488,,0.0,0,1,0,90,WB_RTFP,4.5584820521042735
Rice Long-Grain Imported,2014-07-01,2014-06-01,-0.4999999999999997,-0.8660254037844388,0.9469972968003226,2.271452192212786,-1.7049551000622776,3.2996180628897864,,,0,0,1,90,WB_RTFP,1.90063949221555
Yam Tuber,2014-07-01,2014-06-01,-0.4999999999999997,-0.8660254037844388,5.424099318864362,3.679612621953421,-1.6420732049711617,0.5906834860195387,,0.0,0,0,0,90,WB_RTFP,8.912001545586357
Agric Hen Eggs (Crate of 30 Pieces),2014-08-01,2014-07-01,-0.8660254037844384,-0.5000000000000004,3.8070098899912974,2.7840729578514356,1.7253070343842491,6.555159163305868,,0.0,0,0,0,91,WB_RTFP,-0.365261099976133
Beans Brown,2014-08-01,2014-07-01,-0.8660254037844384,-0.5000000000000004,3.6900579854736604,0.09972738141230675,-4.3345661187334406,4.614501085923606,,0.0,0,0,0,91,WB_RTFP,-7.505728776817399
Beef Boneless,2014-08-01,2014-07-01,-0.8660254037844384,-0.5000000000000004,2.24152452547306,2.4317358385891996,2.388456529934646,6.151019869753083,,0.0,0,1,0,91,WB_RTFP,0.951041608311809
Garri White,2014-08-01,2014-07-01,-0.8660254037844384,-0.5000000000000004,2.0374533816488904,-1.608583972455535,-0.009237899327685373,4.083399901993023,,0.0,0,0,0,91,WB_RTFP,-4.029182965111577
Goat Meat Bone-In,2014-08-01,2014-07-01,-0.8660254037844384,-0.5000000000000004,1.603564395968915,1.8511425962659978,1.809461565087389,4.283614847194395,,0.0,0,1,0,91,WB_RTFP,0.5701211428705832
Maize White Grain,2014-08-01,2014-07-01,-0.8660254037844384,-0.5000000000000004,5.87139779898096,1.232540178992636,1.0714405550934503,7.101837010910272,,0.0,0,0,0,91,WB_RTFP,-4.044278878681428
Onions Fresh,2014-08-01,2014-07-01,-0.8660254037844384,-0.5000000000000004,4.5584820521042735,1.5458911915893436,2.382873081124859,7.259188642541514,,0.0,0,1,0,91,WB_RTFP,-1.516777935385627
Rice Long-Grain Imported,2014-08-01,2014-07-01,-0.8660254037844384,-0.5000000000000004,1.90063949221555,0.9469972968003226,2.271452192212786,5.8070528291767065,,,0,0,1,91,WB_RTFP,-0.38435635515655653
Yam Tuber,2014-08-01,2014-07-01,-0.8660254037844384,-0.5000000000000004,8.912001545586357,5.424099318864362,3.679612621953421,7.588787458813084,,0.0,1,0,0,91,WB_RTFP,0.7448805896339783
Agric Hen Eggs (Crate of 30 Pieces),2014-09-01,2014-08-01,-1.0,-1.8369701987210297e-16,-0.365261099976133,3.8070098899912974,2.7840729578514356,2.698501229551109,,0.0,0,0,0,92,WB_RTFP,-0.8250295898514115
Beans Brown,2014-09-01,2014-08-01,-1.0,-1.8369701987210297e-16,-7.505728776817399,3.6900579854736604,0.09972738141230675,1.0847919250984717,,0.0,0,0,0,92,WB_RTFP,-4.188110227701369
Beef Boneless,2014-09-01,2014-08-01,-1.0,-1.8369701987210297e-16,0.951041608311809,2.24152452547306,2.4317358385891996,1.2354258572332633,,0.0,0,0,0,92,WB_RTFP,-0.8226766448961698
Garri White,2014-09-01,2014-08-01,-1.0,-1.8369701987210297e-16,-4.029182965111577,2.0374533816488904,-1.608583972455535,-1.061149377843118,,0.0,1,0,0,92,WB_RTFP,-5.614625522817606
Goat Meat Bone-In,2014-09-01,2014-08-01,-1.0,-1.8369701987210297e-16,0.5701211428705832,1.603564395968915,1.8511425962659978,0.6274675100424121,,0.0,0,0,0,92,WB_RTFP,-0.4669874404759189
Maize White Grain,2014-09-01,2014-08-01,-1.0,-1.8369701987210297e-16,-4.044278878681428,5.87139779898096,1.232540178992636,3.963516405835832,,0.0,1,0,0,92,WB_RTFP,-3.313409607562623
Onions Fresh,2014-09-01,2014-08-01,-1.0,-1.8369701987210297e-16,-1.516777935385627,4.5584820521042735,1.5458911915893436,3.9040186024612566,,0.0,0,1,0,92,WB_RTFP,-1.3891553568399884
Rice Long-Grain Imported,2014-09-01,2014-08-01,-1.0,-1.8369701987210297e-16,-0.38435635515655653,1.90063949221555,0.9469972968003226,2.6828993206261753,,,0,0,1,92,WB_RTFP,0.4059429088802524
Yam Tuber,2014-09-01,2014-08-01,-1.0,-1.8369701987210297e-16,0.7448805896339783,8.912001545586357,5.424099318864362,3.7479090307567464,,0.0,1,0,0,92,WB_RTFP,-1.123468404786454
Agric Hen Eggs (Crate of 30 Pieces),2014-10-01,2014-09-01,-0.8660254037844386,0.5000000000000001,-0.8250295898514115,-0.365261099976133,3.8070098899912974,-0.908350830970861,,0.0,1,0,0,93,WB_RTFP,0.8119731953360354
Beans Brown,2014-10-01,2014-09-01,-0.8660254037844386,0.5000000000000001,-4.188110227701369,-7.505728776817399,3.6900579854736604,-0.9054585245208524,,0.0,1,0,0,93,WB_RTFP,-1.4307879004289203
Beef Boneless,2014-10-01,2014-09-01,-0.8660254037844386,0.5000000000000001,-0.8226766448961698,0.951041608311809,2.24152452547306,-0.09421283030198735,,0.0,0,0,0,93,WB_RTFP,1.3024874732373348
Garri White,2014-10-01,2014-09-01,-0.8660254037844386,0.5000000000000001,-5.614625522817606,-4.029182965111577,2.0374533816488904,3.2346486462996094,,0.0,1,0,0,93,WB_RTFP,-0.9223262768552787
Goat Meat Bone-In,2014-10-01,2014-09-01,-0.8660254037844386,0.5000000000000001,-0.4669874404759189,0.5701211428705832,1.603564395968915,-0.002013090897834413,,0.0,0,0,0,93,WB_RTFP,1.1539877126921727
Maize White Grain,2014-10-01,2014-09-01,-0.8660254037844386,0.5000000000000001,-3.313409607562623,-4.044278878681428,5.87139779898096,-1.4336845030671563,,0.0,1,0,0,93,WB_RTFP,-0.5183841877007822
Onions Fresh,2014-10-01,2014-09-01,-0.8660254037844386,0.5000000000000001,-1.3891553568399884,-1.516777935385627,4.5584820521042735,-0.5724312839707757,,0.0,0,0,0,93,WB_RTFP,0.33441704004264494
Rice Long-Grain Imported,2014-10-01,2014-09-01,-0.8660254037844386,0.5000000000000001,0.4059429088802524,-0.38435635515655653,1.90063949221555,-0.09583107074099262,,,0,0,1,93,WB_RTFP,1.2261790525458727
Yam Tuber,2014-10-01,2014-09-01,-0.8660254037844386,0.5000000000000001,-1.123468404786454,0.7448805896339783,8.912001545586357,-1.7154885074356474,,0.0,1,0,0,93,WB_RTFP,0.826770573365998
Agric Hen Eggs (Crate of 30 Pieces),2014-11-01,2014-10-01,-0.5000000000000004,0.8660254037844384,0.8119731953360354,-0.8250295898514115,-0.365261099976133,-5.411622889255785,,0.0,1,0,0,94,WB_RTFP,0.4308965487224148
Beans Brown,2014-11-01,2014-10-01,-0.5000000000000004,0.8660254037844384,-1.4307879004289203,-4.188110227701369,-7.505728776817399,-1.3828303285868482,,0.0,1,0,0,94,WB_RTFP,-3.6388188149291456
Beef Boneless,2014-11-01,2014-10-01,-0.5000000000000004,0.8660254037844384,1.3024874732373348,-0.8226766448961698,0.951041608311809,-4.936888310818322,,0.0,1,0,0,94,WB_RTFP,0.72878964584564
Garri White,2014-11-01,2014-10-01,-0.5000000000000004,0.8660254037844384,-0.9223262768552787,-5.614625522817606,-4.029182965111577,-8.324344120739259,,0.0,1,0,0,94,WB_RTFP,-3.5304192860309835
Goat Meat Bone-In,2014-11-01,2014-10-01,-0.5000000000000004,0.8660254037844384,1.1539877126921727,-0.4669874404759189,0.5701211428705832,-3.674603630876072,,0.0,1,0,0,94,WB_RTFP,0.9852673270775325
Maize White Grain,2014-11-01,2014-10-01,-0.5000000000000004,0.8660254037844384,-0.5183841877007822,-3.313409607562623,-4.044278878681428,-7.898468403115211,,0.0,1,0,0,94,WB_RTFP,-2.115430133927787
Onions Fresh,2014-11-01,2014-10-01,-0.5000000000000004,0.8660254037844384,0.33441704004264494,-1.3891553568399884,-1.516777935385627,-8.870752095613454,,0.0,1,0,0,94,WB_RTFP,-1.559158369235003
Rice Long-Grain Imported,2014-11-01,2014-10-01,-0.5000000000000004,0.8660254037844384,1.2261790525458727,0.4059429088802524,-0.38435635515655653,-8.783285063004653,,,0,0,1,94,WB_RTFP,2.1039051803143582
Yam Tuber,2014-11-01,2014-10-01,-0.5000000000000004,0.8660254037844384,0.826770573365998,-1.123468404786454,0.7448805896339783,-5.2549100429005735,,0.0,1,0,0,94,WB_RTFP,-0.17415377285256994
Agric Hen Eggs (Crate of 30 Pieces),2014-12-01,2014-11-01,-2.4492935982947064e-16,1.0,0.4308965487224148,0.8119731953360354,-0.8250295898514115,-2.1003296407772876,,0.0,1,0,0,95,WB_RTFP,-0.11248222766029325
Beans Brown,2014-12-01,2014-11-01,-2.4492935982947064e-16,1.0,-3.6388188149291456,-1.4307879004289203,-4.188110227701369,-3.924473940820017,,0.0,1,0,0,95,WB_RTFP,1.0471696256545426
Beef Boneless,2014-12-01,2014-11-01,-2.4492935982947064e-16,1.0,0.72878964584564,1.3024874732373348,-0.8226766448961698,-1.9312731906006242,,0.0,1,0,0,95,WB_RTFP,1.1867497988889086
Garri White,2014-12-01,2014-11-01,-2.4492935982947064e-16,1.0,-3.5304192860309835,-0.9223262768552787,-5.614625522817606,-3.1591731966194914,,0.0,1,0,0,95,WB_RTFP,-0.117067095014467
Goat Meat Bone-In,2014-12-01,2014-11-01,-2.4492935982947064e-16,1.0,0.9852673270775325,1.1539877126921727,-0.4669874404759189,-1.644934094924544,,0.0,1,0,0,95,WB_RTFP,1.363982390054863
Maize White Grain,2014-12-01,2014-11-01,-2.4492935982947064e-16,1.0,-2.115430133927787,-0.5183841877007822,-3.313409607562623,-3.7785535210869914,,0.0,0,0,0,95,WB_RTFP,-1.61598845078047
Onions Fresh,2014-12-01,2014-11-01,-2.4492935982947064e-16,1.0,-1.559158369235003,0.33441704004264494,-1.3891553568399884,-3.0340762665373666,,0.0,1,0,0,95,WB_RTFP,-1.2235750888562102
Rice Long-Grain Imported,2014-12-01,2014-11-01,-2.4492935982947064e-16,1.0,2.1039051803143582,1.2261790525458727,0.4059429088802524,-2.582331452019737,,,0,0,1,95,WB_RTFP,0.7992096154839645
Yam Tuber,2014-12-01,2014-11-01,-2.4492935982947064e-16,1.0,-0.17415377285256994,0.826770573365998,-1.123468404786454,-2.0106669183933668,,0.0,0,0,0,95,WB_RTFP,-0.27207567509739405
Agric Hen Eggs (Crate of 30 Pieces),2015-01-01,2014-12-01,0.49999999999999994,0.8660254037844387,-0.11248222766029325,0.4308965487224148,0.8119731953360354,-10.79059747039517,,0.0,0,0,0,96,WB_RTFP,-5.473980394022648
Beans Brown,2015-01-01,2014-12-01,0.49999999999999994,0.8660254037844387,1.0471696256545426,-3.6388188149291456,-1.4307879004289203,-6.04449790459366,,0.0,0,0,0,96,WB_RTFP,-5.66910098492307
Beef Boneless,2015-01-01,2014-12-01,0.49999999999999994,0.8660254037844387,1.1867497988889086,0.72878964584564,1.3024874732373348,-9.716290177709496,,0.0,1,0,0,96,WB_RTFP,-4.104338314895239
Garri White,2015-01-01,2014-12-01,0.49999999999999994,0.8660254037844387,-0.117067095014467,-3.5304192860309835,-0.9223262768552787,-6.77802355161371,,0.0,0,0,0,96,WB_RTFP,-7.029410486337895
Goat Meat Bone-In,2015-01-01,2014-12-01,0.49999999999999994,0.8660254037844387,1.363982390054863,0.9852673270775325,1.1539877126921727,-8.061777642657141,,0.0,1,0,0,96,WB_RTFP,-3.642987028190592
Maize White Grain,2015-01-01,2014-12-01,0.49999999999999994,0.8660254037844387,-1.61598845078047,-2.115430133927787,-0.5183841877007822,-12.273949499364445,,0.0,0,0,0,96,WB_RTFP,-7.4828272452975515
Onions Fresh,2015-01-01,2014-12-01,0.49999999999999994,0.8660254037844387,-1.2235750888562102,-1.559158369235003,0.33441704004264494,-11.298760078310854,,0.0,1,0,0,96,WB_RTFP,-6.216491955179071
Rice Long-Grain Imported,2015-01-01,2014-12-01,0.49999999999999994,0.8660254037844387,0.7992096154839645,2.1039051803143582,1.2261790525458727,-9.458256207647464,,,0,0,1,96,WB_RTFP,-5.743861979327958
Yam Tuber,2015-01-01,2014-12-01,0.49999999999999994,0.8660254037844387,-0.27207567509739405,-0.17415377285256994,0.826770573365998,-16.1241918898939,,0.0,0,0,0,96,WB_RTFP,-6.584762834047253
Agric Hen Eggs (Crate of 30 Pieces),2015-02-01,2015-01-01,0.8660254037844386,0.5000000000000001,-5.473980394022648,-0.11248222766029325,0.4308965487224148,-0.7496647807615164,,0.0,0,0,0,97,WB_RTFP,-1.5422751283425518
Beans Brown,2015-02-01,2015-01-01,0.8660254037844386,0.5000000000000001,-5.66910098492307,1.0471696256545426,-3.6388188149291456,-3.419634839868313,,0.0,0,0,0,97,WB_RTFP,-5.513638512628072
Beef Boneless,2015-02-01,2015-01-01,0.8660254037844386,0.5000000000000001,-4.104338314895239,1.1867497988889086,0.72878964584564,-0.3291422705842373,,0.0,0,0,0,97,WB_RTFP,-0.9575377217898806
Garri White,2015-02-01,2015-01-01,0.8660254037844386,0.5000000000000001,-7.029410486337895,-0.117067095014467,-3.5304192860309835,-3.248539257262384,,0.0,0,0,0,97,WB_RTFP,-4.227886056971519
Goat Meat Bone-In,2015-02-01,2015-01-01,0.8660254037844386,0.5000000000000001,-3.642987028190592,1.363982390054863,0.9852673270775325,-0.603313423634777,,0.0,0,0,0,97,WB_RTFP,-1.4946853948832994
Maize White Grain,2015-02-01,2015-01-01,0.8660254037844386,0.5000000000000001,-7.4828272452975515,-1.61598845078047,-2.115430133927787,-1.637834811604122,,0.0,0,0,0,97,WB_RTFP,-3.1598000789057834
Onions Fresh,2015-02-01,2015-01-01,0.8660254037844386,0.5000000000000001,-6.216491955179071,-1.2235750888562102,-1.559158369235003,-0.6393027298671528,,0.0,1,0,0,97,WB_RTFP,-0.4524022311935716
Rice Long-Grain Imported,2015-02-01,2015-01-01,0.8660254037844386,0.5000000000000001,-5.743861979327958,0.7992096154839645,2.1039051803143582,-2.194156898992483,,,0,0,1,97,WB_RTFP,-2.003026742264735
Yam Tuber,2015-02-01,2015-01-01,0.8660254037844386,0.5000000000000001,-6.584762834047253,-0.27207567509739405,-0.17415377285256994,-0.9031620972785759,,0.0,0,0,0,97,WB_RTFP,0.939413981456827
Agric Hen Eggs (Crate of 30 Pieces),2015-03-01,2015-02-01,1.0,6.123233995736766e-17,-1.5422751283425518,-5.473980394022648,-0.11248222766029325,2.6391472790499915,,0.0,0,1,0,98,WB_RTFP,6.9973541364761305
Beans Brown,2015-03-01,2015-02-01,1.0,6.123233995736766e-17,-5.513638512628072,-5.66910098492307,1.0471696256545426,4.484423533389226,,0.0,0,0,0,98,WB_RTFP,2.5234173342680633
Beef Boneless,2015-03-01,2015-02-01,1.0,6.123233995736766e-17,-0.9575377217898806,-4.104338314895239,1.1867497988889086,2.1147261931220296,,0.0,0,0,0,98,WB_RTFP,9.90208097600731
Garri White,2015-03-01,2015-02-01,1.0,6.123233995736766e-17,-4.227886056971519,-7.029410486337895,-0.117067095014467,2.4640279260003117,,0.0,0,1,0,98,WB_RTFP,2.4242363032837
Goat Meat Bone-In,2015-03-01,2015-02-01,1.0,6.123233995736766e-17,-1.4946853948832994,-3.642987028190592,1.363982390054863,1.9550295360555525,,0.0,0,0,0,98,WB_RTFP,7.820419614680674
Maize White Grain,2015-03-01,2015-02-01,1.0,6.123233995736766e-17,-3.1598000789057834,-7.4828272452975515,-1.61598845078047,4.030943094989636,,0.0,0,0,0,98,WB_RTFP,3.567940941037273
Onions Fresh,2015-03-01,2015-02-01,1.0,6.123233995736766e-17,-0.4524022311935716,-6.216491955179071,-1.2235750888562102,3.004499434211816,,0.0,0,0,0,98,WB_RTFP,3.4793295812669323
Rice Long-Grain Imported,2015-03-01,2015-02-01,1.0,6.123233995736766e-17,-2.003026742264735,-5.743861979327958,0.7992096154839645,2.336942657661001,,,0,0,1,98,WB_RTFP,3.6745032643071607
Yam Tuber,2015-03-01,2015-02-01,1.0,6.123233995736766e-17,0.939413981456827,-6.584762834047253,-0.27207567509739405,4.322961710640616,,0.0,0,1,0,98,WB_RTFP,8.211083387389074
Agric Hen Eggs (Crate of 30 Pieces),2015-04-01,2015-03-01,0.8660254037844387,-0.4999999999999998,6.9973541364761305,-1.5422751283425518,-5.473980394022648,-1.2675337237254891,,0.0,0,1,0,99,WB_RTFP,0.4553781408590085
Beans Brown,2015-04-01,2015-03-01,0.8660254037844387,-0.4999999999999998,2.5234173342680633,-5.513638512628072,-5.66910098492307,0.40493758251520795,,0.0,0,1,0,99,WB_RTFP,1.5355772660443412
Beef Boneless,2015-04-01,2015-03-01,0.8660254037844387,-0.4999999999999998,9.90208097600731,-0.9575377217898806,-4.104338314895239,-0.7699020396659928,,0.0,0,0,0,99,WB_RTFP,-3.806437265582363
Garri White,2015-04-01,2015-03-01,0.8660254037844387,-0.4999999999999998,2.4242363032837,-4.227886056971519,-7.029410486337895,-1.4164665681566269,,0.0,0,1,0,99,WB_RTFP,-6.142787179984421
Goat Meat Bone-In,2015-04-01,2015-03-01,0.8660254037844387,-0.4999999999999998,7.820419614680674,-1.4946853948832994,-3.642987028190592,-0.8501108854587103,,0.0,0,0,0,99,WB_RTFP,-2.8733945411678286
Maize White Grain,2015-04-01,2015-03-01,0.8660254037844387,-0.4999999999999998,3.567940941037273,-3.1598000789057834,-7.4828272452975515,-2.576803435508501,,0.0,0,0,0,99,WB_RTFP,1.120206211243957
Onions Fresh,2015-04-01,2015-03-01,0.8660254037844387,-0.4999999999999998,3.4793295812669323,-0.4524022311935716,-6.216491955179071,-2.624683327825994,,0.0,0,0,0,99,WB_RTFP,-2.2093513751230365
Rice Long-Grain Imported,2015-04-01,2015-03-01,0.8660254037844387,-0.4999999999999998,3.6745032643071607,-2.003026742264735,-5.743861979327958,-1.7049551000622776,,,0,0,1,99,WB_RTFP,-2.2801416726440316
Yam Tuber,2015-04-01,2015-03-01,0.8660254037844387,-0.4999999999999998,8.211083387389074,0.939413981456827,-6.584762834047253,-1.6420732049711617,,0.0,0,1,0,99,WB_RTFP,-1.89847186181753
Agric Hen Eggs (Crate of 30 Pieces),2015-05-01,2015-04-01,0.49999999999999994,-0.8660254037844387,0.4553781408590085,6.9973541364761305,-1.5422751283425518,1.7253070343842491,,0.0,0,1,0,100,WB_RTFP,1.7654227130076139
Beans Brown,2015-05-01,2015-04-01,0.49999999999999994,-0.8660254037844387,1.5355772660443412,2.5234173342680633,-5.513638512628072,-4.3345661187334406,,0.0,0,1,0,100,WB_RTFP,1.2580100949258988
Beef Boneless,2015-05-01,2015-04-01,0.49999999999999994,-0.8660254037844387,-3.806437265582363,9.90208097600731,-0.9575377217898806,2.388456529934646,,0.0,0,0,0,100,WB_RTFP,0.22665477526935263
Garri White,2015-05-01,2015-04-01,0.49999999999999994,-0.8660254037844387,-6.142787179984421,2.4242363032837,-4.227886056971519,-0.009237899327685373,,0.0,0,1,0,100,WB_RTFP,-2.2181443789966226
Goat Meat Bone-In,2015-05-01,2015-04-01,0.49999999999999994,-0.8660254037844387,-2.8733945411678286,7.820419614680674,-1.4946853948832994,1.809461565087389,,0.0,0,0,0,100,WB_RTFP,0.5695596528766833
Maize White Grain,2015-05-01,2015-04-01,0.49999999999999994,-0.8660254037844387,1.120206211243957,3.567940941037273,-3.1598000789057834,1.0714405550934503,,0.0,0,1,0,100,WB_RTFP,2.98696525893547
Onions Fresh,2015-05-01,2015-04-01,0.49999999999999994,-0.8660254037844387,-2.2093513751230365,3.4793295812669323,-0.4524022311935716,2.382873081124859,,0.0,0,0,0,100,WB_RTFP,1.3424050710360902
Rice Long-Grain Imported,2015-05-01,2015-04-01,0.49999999999999994,-0.8660254037844387,-2.2801416726440316,3.6745032643071607,-2.003026742264735,2.271452192212786,,,0,0,1,100,WB_RTFP,1.6129412579040325
Yam Tuber,2015-05-01,2015-04-01,0.49999999999999994,-0.8660254037844387,-1.89847186181753,8.211083387389074,0.939413981456827,3.679612621953421,,0.0,0,1,0,100,WB_RTFP,3.313677756739697
Agric Hen Eggs (Crate of 30 Pieces),2015-06-01,2015-05-01,1.2246467991473532e-16,-1.0,1.7654227130076139,0.4553781408590085,6.9973541364761305,2.7840729578514356,,0.0,0,0,0,101,WB_RTFP,-0.45818729183485507
Beans Brown,2015-06-01,2015-05-01,1.2246467991473532e-16,-1.0,1.2580100949258988,1.5355772660443412,2.5234173342680633,0.09972738141230675,,0.0,0,1,0,101,WB_RTFP,2.633644256426715
Beef Boneless,2015-06-01,2015-05-01,1.2246467991473532e-16,-1.0,0.22665477526935263,-3.806437265582363,9.90208097600731,2.4317358385891996,,0.0,0,0,0,101,WB_RTFP,0.07625413920093749
Garri White,2015-06-01,2015-05-01,1.2246467991473532e-16,-1.0,-2.2181443789966226,-6.142787179984421,2.4242363032837,-1.608583972455535,,0.0,0,0,0,101,WB_RTFP,5.354380058735053
Goat Meat Bone-In,2015-06-01,2015-05-01,1.2246467991473532e-16,-1.0,0.5695596528766833,-2.8733945411678286,7.820419614680674,1.8511425962659978,,0.0,0,0,0,101,WB_RTFP,0.794816763017625
Maize White Grain,2015-06-01,2015-05-01,1.2246467991473532e-16,-1.0,2.98696525893547,1.120206211243957,3.567940941037273,1.232540178992636,,0.0,0,1,0,101,WB_RTFP,-0.641565876287864
Onions Fresh,2015-06-01,2015-05-01,1.2246467991473532e-16,-1.0,1.3424050710360902,-2.2093513751230365,3.4793295812669323,1.5458911915893436,,0.0,0,0,0,101,WB_RTFP,2.2269247488408084
Rice Long-Grain Imported,2015-06-01,2015-05-01,1.2246467991473532e-16,-1.0,1.6129412579040325,-2.2801416726440316,3.6745032643071607,0.9469972968003226,,,0,0,1,101,WB_RTFP,0.780456985786171
Yam Tuber,2015-06-01,2015-05-01,1.2246467991473532e-16,-1.0,3.313677756739697,-1.89847186181753,8.211083387389074,5.424099318864362,,0.0,0,0,0,101,WB_RTFP,1.4375329449178187
Agric Hen Eggs (Crate of 30 Pieces),2015-07-01,2015-06-01,-0.4999999999999997,-0.8660254037844388,-0.45818729183485507,1.7654227130076139,0.4553781408590085,3.8070098899912974,,0.0,0,0,0,102,WB_RTFP,1.5614702721953977
Beans Brown,2015-07-01,2015-06-01,-0.4999999999999997,-0.8660254037844388,2.633644256426715,1.2580100949258988,1.5355772660443412,3.6900579854736604,,0.0,0,0,0,102,WB_RTFP,-6.098012412937948
Beef Boneless,2015-07-01,2015-06-01,-0.4999999999999997,-0.8660254037844388,0.07625413920093749,0.22665477526935263,-3.806437265582363,2.24152452547306,,0.0,0,1,0,102,WB_RTFP,1.197139515025425
Garri White,2015-07-01,2015-06-01,-0.4999999999999997,-0.8660254037844388,5.354380058735053,-2.2181443789966226,-6.142787179984421,2.0374533816488904,,0.0,0,0,0,102,WB_RTFP,-2.5038200635345675
Goat Meat Bone-In,2015-07-01,2015-06-01,-0.4999999999999997,-0.8660254037844388,0.794816763017625,0.5695596528766833,-2.8733945411678286,1.603564395968915,,0.0,0,1,0,102,WB_RTFP,0.6994206035500161
Maize White Grain,2015-07-01,2015-06-01,-0.4999999999999997,-0.8660254037844388,-0.641565876287864,2.98696525893547,1.120206211243957,5.87139779898096,,0.0,0,1,0,102,WB_RTFP,-0.06304254798875641
Onions Fresh,2015-07-01,2015-06-01,-0.4999999999999997,-0.8660254037844388,2.2269247488408084,1.3424050710360902,-2.2093513751230365,4.5584820521042735,,0.0,0,1,0,102,WB_RTFP,4.107004172560336
Rice Long-Grain Imported,2015-07-01,2015-06-01,-0.4999999999999997,-0.8660254037844388,0.780456985786171,1.6129412579040325,-2.2801416726440316,1.90063949221555,,,0,0,1,102,WB_RTFP,3.381687724224003
Yam Tuber,2015-07-01,2015-06-01,-0.4999999999999997,-0.8660254037844388,1.4375329449178187,3.313677756739697,-1.89847186181753,8.912001545586357,,0.0,0,0,0,102,WB_RTFP,7.485348319401486
Agric Hen Eggs (Crate of 30 Pieces),2015-08-01,2015-07-01,-0.8660254037844384,-0.5000000000000004,1.5614702721953977,-0.45818729183485507,1.7654227130076139,-0.365261099976133,,0.0,0,0,0,103,WB_RTFP,0.8907973773108591
Beans Brown,2015-08-01,2015-07-01,-0.8660254037844384,-0.5000000000000004,-6.098012412937948,2.633644256426715,1.2580100949258988,-7.505728776817399,,0.0,0,0,0,103,WB_RTFP,-2.6624646004898334
Beef Boneless,2015-08-01,2015-07-01,-0.8660254037844384,-0.5000000000000004,1.197139515025425,0.07625413920093749,0.22665477526935263,0.951041608311809,,0.0,0,1,0,103,WB_RTFP,1.9467620344632008
Garri White,2015-08-01,2015-07-01,-0.8660254037844384,-0.5000000000000004,-2.5038200635345675,5.354380058735053,-2.2181443789966226,-4.029182965111577,,0.0,0,0,0,103,WB_RTFP,0.7088439880755137
Goat Meat Bone-In,2015-08-01,2015-07-01,-0.8660254037844384,-0.5000000000000004,0.6994206035500161,0.794816763017625,0.5695596528766833,0.5701211428705832,,0.0,0,1,0,103,WB_RTFP,0.9273943948322039
Maize White Grain,2015-08-01,2015-07-01,-0.8660254037844384,-0.5000000000000004,-0.06304254798875641,-0.641565876287864,2.98696525893547,-4.044278878681428,,0.0,0,0,0,103,WB_RTFP,-1.1821243830358208
Onions Fresh,2015-08-01,2015-07-01,-0.8660254037844384,-0.5000000000000004,4.107004172560336,2.2269247488408084,1.3424050710360902,-1.516777935385627,,0.0,0,1,0,103,WB_RTFP,1.8519411486062731
Rice Long-Grain Imported,2015-08-01,2015-07-01,-0.8660254037844384,-0.5000000000000004,3.381687724224003,0.780456985786171,1.6129412579040325,-0.38435635515655653,,,0,0,1,103,WB_RTFP,1.497085149277444
Yam Tuber,2015-08-01,2015-07-01,-0.8660254037844384,-0.5000000000000004,7.485348319401486,1.4375329449178187,3.313677756739697,0.7448805896339783,,0.0,1,0,0,103,WB_RTFP,4.937374332441125
Agric Hen Eggs (Crate of 30 Pieces),2015-09-01,2015-08-01,-1.0,-1.8369701987210297e-16,0.8907973773108591,1.5614702721953977,-0.45818729183485507,-0.8250295898514115,,0.0,0,0,0,104,WB_RTFP,-1.6928348323879239
Beans Brown,2015-09-01,2015-08-01,-1.0,-1.8369701987210297e-16,-2.6624646004898334,-6.098012412937948,2.633644256426715,-4.188110227701369,,0.0,0,0,0,104,WB_RTFP,-0.20317704861544383
Beef Boneless,2015-09-01,2015-08-01,-1.0,-1.8369701987210297e-16,1.9467620344632008,1.197139515025425,0.07625413920093749,-0.8226766448961698,,0.0,0,0,0,104,WB_RTFP,-2.6513325803772636
Garri White,2015-09-01,2015-08-01,-1.0,-1.8369701987210297e-16,0.7088439880755137,-2.5038200635345675,5.354380058735053,-5.614625522817606,,0.0,1,0,0,104,WB_RTFP,-1.5039572355437958
Goat Meat Bone-In,2015-09-01,2015-08-01,-1.0,-1.8369701987210297e-16,0.9273943948322039,0.6994206035500161,0.794816763017625,-0.4669874404759189,,0.0,0,0,0,104,WB_RTFP,-2.3285402977718306
Maize White Grain,2015-09-01,2015-08-01,-1.0,-1.8369701987210297e-16,-1.1821243830358208,-0.06304254798875641,-0.641565876287864,-3.313409607562623,,0.0,1,0,0,104,WB_RTFP,1.4612857922165379
Onions Fresh,2015-09-01,2015-08-01,-1.0,-1.8369701987210297e-16,1.8519411486062731,4.107004172560336,2.2269247488408084,-1.3891553568399884,,0.0,0,1,0,104,WB_RTFP,-1.3582007251906059
Rice Long-Grain Imported,2015-09-01,2015-08-01,-1.0,-1.8369701987210297e-16,1.497085149277444,3.381687724224003,0.780456985786171,0.4059429088802524,,,0,0,1,104,WB_RTFP,-0.9255490470207128
Yam Tuber,2015-09-01,2015-08-01,-1.0,-1.8369701987210297e-16,4.937374332441125,7.485348319401486,1.4375329449178187,-1.123468404786454,,0.0,1,0,0,104,WB_RTFP,-4.301104795379462
Agric Hen Eggs (Crate of 30 Pieces),2015-10-01,2015-09-01,-0.8660254037844386,0.5000000000000001,-1.6928348323879239,0.8907973773108591,1.5614702721953977,0.8119731953360354,,0.0,1,0,0,105,WB_RTFP,4.925922902630142
Beans Brown,2015-10-01,2015-09-01,-0.8660254037844386,0.5000000000000001,-0.20317704861544383,-2.6624646004898334,-6.098012412937948,-1.4307879004289203,,0.0,1,0,0,105,WB_RTFP,-3.602041420425872
Beef Boneless,2015-10-01,2015-09-01,-0.8660254037844386,0.5000000000000001,-2.6513325803772636,1.9467620344632008,1.197139515025425,1.3024874732373348,,0.0,0,0,0,105,WB_RTFP,6.450493842264415
Garri White,2015-10-01,2015-09-01,-0.8660254037844386,0.5000000000000001,-1.5039572355437958,0.7088439880755137,-2.5038200635345675,-0.9223262768552787,,0.0,1,0,0,105,WB_RTFP,0.4124867308273661
Goat Meat Bone-In,2015-10-01,2015-09-01,-0.8660254037844386,0.5000000000000001,-2.3285402977718306,0.9273943948322039,0.6994206035500161,1.1539877126921727,,0.0,0,0,0,105,WB_RTFP,5.498047628429958
Maize White Grain,2015-10-01,2015-09-01,-0.8660254037844386,0.5000000000000001,1.4612857922165379,-1.1821243830358208,-0.06304254798875641,-0.5183841877007822,,0.0,1,0,0,105,WB_RTFP,0.6886611146700528
Onions Fresh,2015-10-01,2015-09-01,-0.8660254037844386,0.5000000000000001,-1.3582007251906059,1.8519411486062731,4.107004172560336,0.33441704004264494,,0.0,0,0,0,105,WB_RTFP,5.449448194669126
Rice Long-Grain Imported,2015-10-01,2015-09-01,-0.8660254037844386,0.5000000000000001,-0.9255490470207128,1.497085149277444,3.381687724224003,1.2261790525458727,,,0,0,1,105,WB_RTFP,5.15182909402685
Yam Tuber,2015-10-01,2015-09-01,-0.8660254037844386,0.5000000000000001,-4.301104795379462,4.937374332441125,7.485348319401486,0.826770573365998,,0.0,1,0,0,105,WB_RTFP,11.55000564767954
Agric Hen Eggs (Crate of 30 Pieces),2015-11-01,2015-10-01,-0.5000000000000004,0.8660254037844384,4.925922902630142,-1.6928348323879239,0.8907973773108591,0.4308965487224148,,0.0,1,0,0,106,WB_RTFP,1.8479266353377266
Beans Brown,2015-11-01,2015-10-01,-0.5000000000000004,0.8660254037844384,-3.602041420425872,-0.20317704861544383,-2.6624646004898334,-3.6388188149291456,,0.0,1,0,0,106,WB_RTFP,11.85592770600843
Beef Boneless,2015-11-01,2015-10-01,-0.5000000000000004,0.8660254037844384,6.450493842264415,-2.6513325803772636,1.9467620344632008,0.72878964584564,,0.0,1,0,0,106,WB_RTFP,0.2106506219438531
Garri White,2015-11-01,2015-10-01,-0.5000000000000004,0.8660254037844384,0.4124867308273661,-1.5039572355437958,0.7088439880755137,-3.5304192860309835,,0.0,1,0,0,106,WB_RTFP,-0.1468490465313832
Goat Meat Bone-In,2015-11-01,2015-10-01,-0.5000000000000004,0.8660254037844384,5.498047628429958,-2.3285402977718306,0.9273943948322039,0.9852673270775325,,0.0,1,0,0,106,WB_RTFP,0.8220748863790206
Maize White Grain,2015-11-01,2015-10-01,-0.5000000000000004,0.8660254037844384,0.6886611146700528,1.4612857922165379,-1.1821243830358208,-2.115430133927787,,0.0,1,0,0,106,WB_RTFP,1.141811902110934
Onions Fresh,2015-11-01,2015-10-01,-0.5000000000000004,0.8660254037844384,5.449448194669126,-1.3582007251906059,1.8519411486062731,-1.559158369235003,,0.0,1,0,0,106,WB_RTFP,-1.5825843433653675
Rice Long-Grain Imported,2015-11-01,2015-10-01,-0.5000000000000004,0.8660254037844384,5.15182909402685,-0.9255490470207128,1.497085149277444,2.1039051803143582,,,0,0,1,106,WB_RTFP,-0.6266201446621489
Yam Tuber,2015-11-01,2015-10-01,-0.5000000000000004,0.8660254037844384,11.55000564767954,-4.301104795379462,4.937374332441125,-0.17415377285256994,,0.0,1,0,0,106,WB_RTFP,-2.610544005899118
Agric Hen Eggs (Crate of 30 Pieces),2015-12-01,2015-11-01,-2.4492935982947064e-16,1.0,1.8479266353377266,4.925922902630142,-1.6928348323879239,-0.11248222766029325,,0.0,1,0,0,107,WB_RTFP,1.4047877270172648
Beans Brown,2015-12-01,2015-11-01,-2.4492935982947064e-16,1.0,11.85592770600843,-3.602041420425872,-0.20317704861544383,1.0471696256545426,,0.0,1,0,0,107,WB_RTFP,-0.33227673689827375
Beef Boneless,2015-12-01,2015-11-01,-2.4492935982947064e-16,1.0,0.2106506219438531,6.450493842264415,-2.6513325803772636,1.1867497988889086,,0.0,1,0,0,107,WB_RTFP,0.6965683631461106
Garri White,2015-12-01,2015-11-01,-2.4492935982947064e-16,1.0,-0.1468490465313832,0.4124867308273661,-1.5039572355437958,-0.117067095014467,,0.0,1,0,0,107,WB_RTFP,2.188972402961631
Goat Meat Bone-In,2015-12-01,2015-11-01,-2.4492935982947064e-16,1.0,0.8220748863790206,5.498047628429958,-2.3285402977718306,1.363982390054863,,0.0,1,0,0,107,WB_RTFP,1.225846922389362
Maize White Grain,2015-12-01,2015-11-01,-2.4492935982947064e-16,1.0,1.141811902110934,0.6886611146700528,1.4612857922165379,-1.61598845078047,,0.0,0,0,0,107,WB_RTFP,2.8155645170349297
Onions Fresh,2015-12-01,2015-11-01,-2.4492935982947064e-16,1.0,-1.5825843433653675,5.449448194669126,-1.3582007251906059,-1.2235750888562102,,0.0,1,0,0,107,WB_RTFP,3.458453938061745
Rice Long-Grain Imported,2015-12-01,2015-11-01,-2.4492935982947064e-16,1.0,-0.6266201446621489,5.15182909402685,-0.9255490470207128,0.7992096154839645,,,0,0,1,107,WB_RTFP,3.360244187453798
Yam Tuber,2015-12-01,2015-11-01,-2.4492935982947064e-16,1.0,-2.610544005899118,11.55000564767954,-4.301104795379462,-0.27207567509739405,,0.0,0,0,0,107,WB_RTFP,0.24232301406228451
Agric Hen Eggs (Crate of 30 Pieces),2016-01-01,2015-12-01,0.49999999999999994,0.8660254037844387,1.4047877270172648,1.8479266353377266,4.925922902630142,-5.473980394022648,,0.0,0,0,0,108,WB_RTFP,4.723808250317574
Beans Brown,2016-01-01,2015-12-01,0.49999999999999994,0.8660254037844387,-0.33227673689827375,11.85592770600843,-3.602041420425872,-5.66910098492307,,0.0,0,0,0,108,WB_RTFP,3.3509178796779615
Beef Boneless,2016-01-01,2015-12-01,0.49999999999999994,0.8660254037844387,0.6965683631461106,0.2106506219438531,6.450493842264415,-4.104338314895239,,0.0,1,0,0,108,WB_RTFP,4.90756571661819
Garri White,2016-01-01,2015-12-01,0.49999999999999994,0.8660254037844387,2.188972402961631,-0.1468490465313832,0.4124867308273661,-7.029410486337895,,0.0,0,0,0,108,WB_RTFP,17.295843453679673
Goat Meat Bone-In,2016-01-01,2015-12-01,0.49999999999999994,0.8660254037844387,1.225846922389362,0.8220748863790206,5.498047628429958,-3.642987028190592,,0.0,1,0,0,108,WB_RTFP,4.156713688045244
Maize White Grain,2016-01-01,2015-12-01,0.49999999999999994,0.8660254037844387,2.8155645170349297,1.141811902110934,0.6886611146700528,-7.4828272452975515,,0.0,0,0,0,108,WB_RTFP,6.531773908958294
Onions Fresh,2016-01-01,2015-12-01,0.49999999999999994,0.8660254037844387,3.458453938061745,-1.5825843433653675,5.449448194669126,-6.216491955179071,,0.0,1,0,0,108,WB_RTFP,5.975467059333961
Rice Long-Grain Imported,2016-01-01,2015-12-01,0.49999999999999994,0.8660254037844387,3.360244187453798,-0.6266201446621489,5.15182909402685,-5.743861979327958,,,0,0,1,108,WB_RTFP,6.823579377438627
Yam Tuber,2016-01-01,2015-12-01,0.49999999999999994,0.8660254037844387,0.24232301406228451,-2.610544005899118,11.55000564767954,-6.584762834047253,,0.0,0,0,0,108,WB_RTFP,0.04939302207502827
Agric Hen Eggs (Crate of 30 Pieces),2016-02-01,2016-01-01,0.8660254037844386,0.5000000000000001,4.723808250317574,1.4047877270172648,1.8479266353377266,-1.5422751283425518,,0.0,0,0,0,109,WB_RTFP,2.9004724772731194
Beans Brown,2016-02-01,2016-01-01,0.8660254037844386,0.5000000000000001,3.3509178796779615,-0.33227673689827375,11.85592770600843,-5.513638512628072,,0.0,0,0,0,109,WB_RTFP,8.13383618400949
Beef Boneless,2016-02-01,2016-01-01,0.8660254037844386,0.5000000000000001,4.90756571661819,0.6965683631461106,0.2106506219438531,-0.9575377217898806,,0.0,0,0,0,109,WB_RTFP,1.6215791839806926
Garri White,2016-02-01,2016-01-01,0.8660254037844386,0.5000000000000001,17.295843453679673,2.188972402961631,-0.1468490465313832,-4.227886056971519,,0.0,0,0,0,109,WB_RTFP,18.94544731331238
Goat Meat Bone-In,2016-02-01,2016-01-01,0.8660254037844386,0.5000000000000001,4.156713688045244,1.225846922389362,0.8220748863790206,-1.4946853948832994,,0.0,0,0,0,109,WB_RTFP,0.6638737718939858
Maize White Grain,2016-02-01,2016-01-01,0.8660254037844386,0.5000000000000001,6.531773908958294,2.8155645170349297,1.141811902110934,-3.1598000789057834,,0.0,0,0,0,109,WB_RTFP,10.416581203593566
Onions Fresh,2016-02-01,2016-01-01,0.8660254037844386,0.5000000000000001,5.975467059333961,3.458453938061745,-1.5825843433653675,-0.4524022311935716,,0.0,1,0,0,109,WB_RTFP,7.336426568741761
Rice Long-Grain Imported,2016-02-01,2016-01-01,0.8660254037844386,0.5000000000000001,6.823579377438627,3.360244187453798,-0.6266201446621489,-2.003026742264735,,,0,0,1,109,WB_RTFP,8.00484030882358
Yam Tuber,2016-02-01,2016-01-01,0.8660254037844386,0.5000000000000001,0.04939302207502827,0.24232301406228451,-2.610544005899118,0.939413981456827,,0.0,0,0,0,109,WB_RTFP,0.5509556656259296
Agric Hen Eggs (Crate of 30 Pieces),2016-03-01,2016-02-01,1.0,6.123233995736766e-17,2.9004724772731194,4.723808250317574,1.4047877270172648,6.9973541364761305,,0.0,0,1,0,110,WB_RTFP,2.0892976464819357
Beans Brown,2016-03-01,2016-02-01,1.0,6.123233995736766e-17,8.13383618400949,3.3509178796779615,-0.33227673689827375,2.5234173342680633,,0.0,0,0,0,110,WB_RTFP,16.88866914406382
Beef Boneless,2016-03-01,2016-02-01,1.0,6.123233995736766e-17,1.6215791839806926,4.90756571661819,0.6965683631461106,9.90208097600731,,0.0,0,0,0,110,WB_RTFP,3.5957419463313878
Garri White,2016-03-01,2016-02-01,1.0,6.123233995736766e-17,18.94544731331238,17.295843453679673,2.188972402961631,2.4242363032837,,0.0,0,1,0,110,WB_RTFP,23.5046129181379
Goat Meat Bone-In,2016-03-01,2016-02-01,1.0,6.123233995736766e-17,0.6638737718939858,4.156713688045244,1.225846922389362,7.820419614680674,,0.0,0,0,0,110,WB_RTFP,3.7533272094204317
Maize White Grain,2016-03-01,2016-02-01,1.0,6.123233995736766e-17,10.416581203593566,6.531773908958294,2.8155645170349297,3.567940941037273,,0.0,0,0,0,110,WB_RTFP,9.911298936516033
Onions Fresh,2016-03-01,2016-02-01,1.0,6.123233995736766e-17,7.336426568741761,5.975467059333961,3.458453938061745,3.4793295812669323,,0.0,0,0,0,110,WB_RTFP,5.473210694455366
Rice Long-Grain Imported,2016-03-01,2016-02-01,1.0,6.123233995736766e-17,8.00484030882358,6.823579377438627,3.360244187453798,3.6745032643071607,,,0,0,1,110,WB_RTFP,6.9040551411584605
Yam Tuber,2016-03-01,2016-02-01,1.0,6.123233995736766e-17,0.5509556656259296,0.04939302207502827,0.24232301406228451,8.211083387389074,,0.0,0,1,0,110,WB_RTFP,-2.926472954248116
Agric Hen Eggs (Crate of 30 Pieces),2016-04-01,2016-03-01,0.8660254037844387,-0.4999999999999998,2.0892976464819357,2.9004724772731194,4.723808250317574,0.4553781408590085,,0.0,0,1,0,111,WB_RTFP,3.2803782203241205
Beans Brown,2016-04-01,2016-03-01,0.8660254037844387,-0.4999999999999998,16.88866914406382,8.13383618400949,3.3509178796779615,1.5355772660443412,,0.0,0,1,0,111,WB_RTFP,14.609495162670383
Beef Boneless,2016-04-01,2016-03-01,0.8660254037844387,-0.4999999999999998,3.5957419463313878,1.6215791839806926,4.90756571661819,-3.806437265582363,,0.0,0,0,0,111,WB_RTFP,2.21500808389532
Garri White,2016-04-01,2016-03-01,0.8660254037844387,-0.4999999999999998,23.5046129181379,18.94544731331238,17.295843453679673,-6.142787179984421,,0.0,0,1,0,111,WB_RTFP,13.002975470535482
Goat Meat Bone-In,2016-04-01,2016-03-01,0.8660254037844387,-0.4999999999999998,3.7533272094204317,0.6638737718939858,4.156713688045244,-2.8733945411678286,,0.0,0,0,0,111,WB_RTFP,2.040279316956295
Maize White Grain,2016-04-01,2016-03-01,0.8660254037844387,-0.4999999999999998,9.911298936516033,10.416581203593566,6.531773908958294,1.120206211243957,,0.0,0,0,0,111,WB_RTFP,6.13352375157743
Onions Fresh,2016-04-01,2016-03-01,0.8660254037844387,-0.4999999999999998,5.473210694455366,7.336426568741761,5.975467059333961,-2.2093513751230365,,0.0,0,0,0,111,WB_RTFP,3.997808339269082
Rice Long-Grain Imported,2016-04-01,2016-03-01,0.8660254037844387,-0.4999999999999998,6.9040551411584605,8.00484030882358,6.823579377438627,-2.2801416726440316,,,0,0,1,111,WB_RTFP,2.674634019186417
Yam Tuber,2016-04-01,2016-03-01,0.8660254037844387,-0.4999999999999998,-2.926472954248116,0.5509556656259296,0.04939302207502827,-1.89847186181753,,0.0,0,1,0,111,WB_RTFP,-0.8178607739462884
Agric Hen Eggs (Crate of 30 Pieces),2016-05-01,2016-04-01,0.49999999999999994,-0.8660254037844387,3.2803782203241205,2.0892976464819357,2.9004724772731194,1.7654227130076139,,0.0,0,1,0,112,WB_RTFP,6.321383892792798
Beans Brown,2016-05-01,2016-04-01,0.49999999999999994,-0.8660254037844387,14.609495162670383,16.88866914406382,8.13383618400949,1.2580100949258988,,0.0,0,1,0,112,WB_RTFP,19.470522890595056
Beef Boneless,2016-05-01,2016-04-01,0.49999999999999994,-0.8660254037844387,2.21500808389532,3.5957419463313878,1.6215791839806926,0.22665477526935263,,0.0,0,0,0,112,WB_RTFP,6.139564472121939
Garri White,2016-05-01,2016-04-01,0.49999999999999994,-0.8660254037844387,13.002975470535482,23.5046129181379,18.94544731331238,-2.2181443789966226,,0.0,0,1,0,112,WB_RTFP,17.06901533517504
Goat Meat Bone-In,2016-05-01,2016-04-01,0.49999999999999994,-0.8660254037844387,2.040279316956295,3.7533272094204317,0.6638737718939858,0.5695596528766833,,0.0,0,0,0,112,WB_RTFP,4.967637063415498
Maize White Grain,2016-05-01,2016-04-01,0.49999999999999994,-0.8660254037844387,6.13352375157743,9.911298936516033,10.416581203593566,2.98696525893547,,0.0,0,1,0,112,WB_RTFP,10.651635890732724
Onions Fresh,2016-05-01,2016-04-01,0.49999999999999994,-0.8660254037844387,3.997808339269082,5.473210694455366,7.336426568741761,1.3424050710360902,,0.0,0,0,0,112,WB_RTFP,14.98769272269007
Rice Long-Grain Imported,2016-05-01,2016-04-01,0.49999999999999994,-0.8660254037844387,2.674634019186417,6.9040551411584605,8.00484030882358,1.6129412579040325,,,0,0,1,112,WB_RTFP,16.245914322086996
Yam Tuber,2016-05-01,2016-04-01,0.49999999999999994,-0.8660254037844387,-0.8178607739462884,-2.926472954248116,0.5509556656259296,3.313677756739697,,0.0,0,1,0,112,WB_RTFP,3.4425537923318705
Agric Hen Eggs (Crate of 30 Pieces),2016-06-01,2016-05-01,1.2246467991473532e-16,-1.0,6.321383892792798,3.2803782203241205,2.0892976464819357,-0.45818729183485507,,0.0,0,0,0,113,WB_RTFP,13.916601083496683
Beans Brown,2016-06-01,2016-05-01,1.2246467991473532e-16,-1.0,19.470522890595056,14.609495162670383,16.88866914406382,2.633644256426715,,0.0,0,1,0,113,WB_RTFP,8.645508479457597
Beef Boneless,2016-06-01,2016-05-01,1.2246467991473532e-16,-1.0,6.139564472121939,2.21500808389532,3.5957419463313878,0.07625413920093749,,0.0,0,0,0,113,WB_RTFP,13.24369088506634
Garri White,2016-06-01,2016-05-01,1.2246467991473532e-16,-1.0,17.06901533517504,13.002975470535482,23.5046129181379,5.354380058735053,,0.0,0,0,0,113,WB_RTFP,7.010226272264153
Goat Meat Bone-In,2016-06-01,2016-05-01,1.2246467991473532e-16,-1.0,4.967637063415498,2.040279316956295,3.7533272094204317,0.794816763017625,,0.0,0,0,0,113,WB_RTFP,10.327363341155337
Maize White Grain,2016-06-01,2016-05-01,1.2246467991473532e-16,-1.0,10.651635890732724,6.13352375157743,9.911298936516033,-0.641565876287864,,0.0,0,1,0,113,WB_RTFP,10.85254583657138
Onions Fresh,2016-06-01,2016-05-01,1.2246467991473532e-16,-1.0,14.98769272269007,3.997808339269082,5.473210694455366,2.2269247488408084,,0.0,0,0,0,113,WB_RTFP,16.2715001786909
Rice Long-Grain Imported,2016-06-01,2016-05-01,1.2246467991473532e-16,-1.0,16.245914322086996,2.674634019186417,6.9040551411584605,0.780456985786171,,,0,0,1,113,WB_RTFP,11.093485570074414
Yam Tuber,2016-06-01,2016-05-01,1.2246467991473532e-16,-1.0,3.4425537923318705,-0.8178607739462884,-2.926472954248116,1.4375329449178187,,0.0,0,0,0,113,WB_RTFP,12.540913157036826
Agric Hen Eggs (Crate of 30 Pieces),2016-07-01,2016-06-01,-0.4999999999999997,-0.8660254037844388,13.916601083496683,6.321383892792798,3.2803782203241205,1.5614702721953977,,0.0,0,0,0,114,WB_RTFP,5.585411794503647
Beans Brown,2016-07-01,2016-06-01,-0.4999999999999997,-0.8660254037844388,8.645508479457597,19.470522890595056,14.609495162670383,-6.098012412937948,,0.0,0,0,0,114,WB_RTFP,-5.252752878927003
Beef Boneless,2016-07-01,2016-06-01,-0.4999999999999997,-0.8660254037844388,13.24369088506634,6.139564472121939,2.21500808389532,1.197139515025425,,0.0,0,1,0,114,WB_RTFP,8.895333517264369
Garri White,2016-07-01,2016-06-01,-0.4999999999999997,-0.8660254037844388,7.010226272264153,17.06901533517504,13.002975470535482,-2.5038200635345675,,0.0,0,0,0,114,WB_RTFP,-10.54025375310017
Goat Meat Bone-In,2016-07-01,2016-06-01,-0.4999999999999997,-0.8660254037844388,10.327363341155337,4.967637063415498,2.040279316956295,0.6994206035500161,,0.0,0,1,0,114,WB_RTFP,12.967139912900016
Maize White Grain,2016-07-01,2016-06-01,-0.4999999999999997,-0.8660254037844388,10.85254583657138,10.651635890732724,6.13352375157743,-0.06304254798875641,,0.0,0,1,0,114,WB_RTFP,1.500231520549078
Onions Fresh,2016-07-01,2016-06-01,-0.4999999999999997,-0.8660254037844388,16.2715001786909,14.98769272269007,3.997808339269082,4.107004172560336,,0.0,0,1,0,114,WB_RTFP,-20.322720982065455
Rice Long-Grain Imported,2016-07-01,2016-06-01,-0.4999999999999997,-0.8660254037844388,11.093485570074414,16.245914322086996,2.674634019186417,3.381687724224003,,,0,0,1,114,WB_RTFP,-0.39693872185165846
Yam Tuber,2016-07-01,2016-06-01,-0.4999999999999997,-0.8660254037844388,12.540913157036826,3.4425537923318705,-0.8178607739462884,7.485348319401486,,0.0,0,0,0,114,WB_RTFP,-2.615116303222198
Agric Hen Eggs (Crate of 30 Pieces),2016-08-01,2016-07-01,-0.8660254037844384,-0.5000000000000004,5.585411794503647,13.916601083496683,6.321383892792798,0.8907973773108591,,0.0,0,0,0,115,WB_RTFP,1.3531583049814833
Beans Brown,2016-08-01,2016-07-01,-0.8660254037844384,-0.5000000000000004,-5.252752878927003,8.645508479457597,19.470522890595056,-2.6624646004898334,,0.0,0,0,0,115,WB_RTFP,5.540332213469901
Beef Boneless,2016-08-01,2016-07-01,-0.8660254037844384,-0.5000000000000004,8.895333517264369,13.24369088506634,6.139564472121939,1.9467620344632008,,0.0,0,1,0,115,WB_RTFP,-7.1532063932445595
Garri White,2016-08-01,2016-07-01,-0.8660254037844384,-0.5000000000000004,-10.54025375310017,7.010226272264153,17.06901533517504,0.7088439880755137,,0.0,0,0,0,115,WB_RTFP,3.0778203724417086
Goat Meat Bone-In,2016-08-01,2016-07-01,-0.8660254037844384,-0.5000000000000004,12.967139912900016,10.327363341155337,4.967637063415498,0.9273943948322039,,0.0,0,1,0,115,WB_RTFP,-0.15304116376040344
Maize White Grain,2016-08-01,2016-07-01,-0.8660254037844384,-0.5000000000000004,1.500231520549078,10.85254583657138,10.651635890732724,-1.1821243830358208,,0.0,0,0,0,115,WB_RTFP,16.019232757508874
Onions Fresh,2016-08-01,2016-07-01,-0.8660254037844384,-0.5000000000000004,-20.322720982065455,16.2715001786909,14.98769272269007,1.8519411486062731,,0.0,0,1,0,115,WB_RTFP,1.6635442652333188
Rice Long-Grain Imported,2016-08-01,2016-07-01,-0.8660254037844384,-0.5000000000000004,-0.39693872185165846,11.093485570074414,16.245914322086996,1.497085149277444,,,0,0,1,115,WB_RTFP,10.469399847382
Yam Tuber,2016-08-01,2016-07-01,-0.8660254037844384,-0.5000000000000004,-2.615116303222198,12.540913157036826,3.4425537923318705,4.937374332441125,,0.0,1,0,0,115,WB_RTFP,-6.568906869453295
Agric Hen Eggs (Crate of 30 Pieces),2016-09-01,2016-08-01,-1.0,-1.8369701987210297e-16,1.3531583049814833,5.585411794503647,13.916601083496683,-1.6928348323879239,,0.0,0,0,0,116,WB_RTFP,-4.348341924328425
Beans Brown,2016-09-01,2016-08-01,-1.0,-1.8369701987210297e-16,5.540332213469901,-5.252752878927003,8.645508479457597,-0.20317704861544383,,0.0,0,0,0,116,WB_RTFP,5.366066996256724
Beef Boneless,2016-09-01,2016-08-01,-1.0,-1.8369701987210297e-16,-7.1532063932445595,8.895333517264369,13.24369088506634,-2.6513325803772636,,0.0,0,0,0,116,WB_RTFP,0.9085380343741178
Garri White,2016-09-01,2016-08-01,-1.0,-1.8369701987210297e-16,3.0778203724417086,-10.54025375310017,7.010226272264153,-1.5039572355437958,,0.0,1,0,0,116,WB_RTFP,4.589832654010539
Goat Meat Bone-In,2016-09-01,2016-08-01,-1.0,-1.8369701987210297e-16,-0.15304116376040344,12.967139912900016,10.327363341155337,-2.3285402977718306,,0.0,0,0,0,116,WB_RTFP,3.87555312281318
Maize White Grain,2016-09-01,2016-08-01,-1.0,-1.8369701987210297e-16,16.019232757508874,1.500231520549078,10.85254583657138,1.4612857922165379,,0.0,1,0,0,116,WB_RTFP,-1.603058203994201
Onions Fresh,2016-09-01,2016-08-01,-1.0,-1.8369701987210297e-16,1.6635442652333188,-20.322720982065455,16.2715001786909,-1.3582007251906059,,0.0,0,1,0,116,WB_RTFP,4.390966265547891
Rice Long-Grain Imported,2016-09-01,2016-08-01,-1.0,-1.8369701987210297e-16,10.469399847382,-0.39693872185165846,11.093485570074414,-0.9255490470207128,,,0,0,1,116,WB_RTFP,2.7971241302412686
Yam Tuber,2016-09-01,2016-08-01,-1.0,-1.8369701987210297e-16,-6.568906869453295,-2.615116303222198,12.540913157036826,-4.301104795379462,,0.0,1,0,0,116,WB_RTFP,-12.240851402786957
Agric Hen Eggs (Crate of 30 Pieces),2016-10-01,2016-09-01,-0.8660254037844386,0.5000000000000001,-4.348341924328425,1.3531583049814833,5.585411794503647,4.925922902630142,,0.0,1,0,0,117,WB_RTFP,9.50967766432409
Beans Brown,2016-10-01,2016-09-01,-0.8660254037844386,0.5000000000000001,5.366066996256724,5.540332213469901,-5.252752878927003,-3.602041420425872,,0.0,1,0,0,117,WB_RTFP,6.770006151078278
Beef Boneless,2016-10-01,2016-09-01,-0.8660254037844386,0.5000000000000001,0.9085380343741178,-7.1532063932445595,8.895333517264369,6.450493842264415,,0.0,0,0,0,117,WB_RTFP,5.689314116200106
Garri White,2016-10-01,2016-09-01,-0.8660254037844386,0.5000000000000001,4.589832654010539,3.0778203724417086,-10.54025375310017,0.4124867308273661,,0.0,1,0,0,117,WB_RTFP,5.1358906458706555
Goat Meat Bone-In,2016-10-01,2016-09-01,-0.8660254037844386,0.5000000000000001,3.87555312281318,-0.15304116376040344,12.967139912900016,5.498047628429958,,0.0,0,0,0,117,WB_RTFP,5.858854161854055
Maize White Grain,2016-10-01,2016-09-01,-0.8660254037844386,0.5000000000000001,-1.603058203994201,16.019232757508874,1.500231520549078,0.6886611146700528,,0.0,1,0,0,117,WB_RTFP,-4.468769869835942
Onions Fresh,2016-10-01,2016-09-01,-0.8660254037844386,0.5000000000000001,4.390966265547891,1.6635442652333188,-20.322720982065455,5.449448194669126,,0.0,0,0,0,117,WB_RTFP,3.109638911309487
Rice Long-Grain Imported,2016-10-01,2016-09-01,-0.8660254037844386,0.5000000000000001,2.7971241302412686,10.469399847382,-0.39693872185165846,5.15182909402685,,,0,0,1,117,WB_RTFP,0.31917895371531557
Yam Tuber,2016-10-01,2016-09-01,-0.8660254037844386,0.5000000000000001,-12.240851402786957,-6.568906869453295,-2.615116303222198,11.55000564767954,,0.0,1,0,0,117,WB_RTFP,-2.894040931752684
Agric Hen Eggs (Crate of 30 Pieces),2016-11-01,2016-10-01,-0.5000000000000004,0.8660254037844384,9.50967766432409,-4.348341924328425,1.3531583049814833,1.8479266353377266,,0.0,1,0,0,118,WB_RTFP,5.497468730054034
Beans Brown,2016-11-01,2016-10-01,-0.5000000000000004,0.8660254037844384,6.770006151078278,5.366066996256724,5.540332213469901,11.85592770600843,,0.0,1,0,0,118,WB_RTFP,-4.971491916923087
Beef Boneless,2016-11-01,2016-10-01,-0.5000000000000004,0.8660254037844384,5.689314116200106,0.9085380343741178,-7.1532063932445595,0.2106506219438531,,0.0,1,0,0,118,WB_RTFP,7.022394534647347
Garri White,2016-11-01,2016-10-01,-0.5000000000000004,0.8660254037844384,5.1358906458706555,4.589832654010539,3.0778203724417086,-0.1468490465313832,,0.0,1,0,0,118,WB_RTFP,12.916777913778565
Goat Meat Bone-In,2016-11-01,2016-10-01,-0.5000000000000004,0.8660254037844384,5.858854161854055,3.87555312281318,-0.15304116376040344,0.8220748863790206,,0.0,1,0,0,118,WB_RTFP,7.194689363581408
Maize White Grain,2016-11-01,2016-10-01,-0.5000000000000004,0.8660254037844384,-4.468769869835942,-1.603058203994201,16.019232757508874,1.141811902110934,,0.0,1,0,0,118,WB_RTFP,-3.5124138584850417
Onions Fresh,2016-11-01,2016-10-01,-0.5000000000000004,0.8660254037844384,3.109638911309487,4.390966265547891,1.6635442652333188,-1.5825843433653675,,0.0,1,0,0,118,WB_RTFP,-1.401265133970775
Rice Long-Grain Imported,2016-11-01,2016-10-01,-0.5000000000000004,0.8660254037844384,0.31917895371531557,2.7971241302412686,10.469399847382,-0.6266201446621489,,,0,0,1,118,WB_RTFP,2.335587035615072
Yam Tuber,2016-11-01,2016-10-01,-0.5000000000000004,0.8660254037844384,-2.894040931752684,-12.240851402786957,-6.568906869453295,-2.610544005899118,,0.0,1,0,0,118,WB_RTFP,4.7330303755082515
Agric Hen Eggs (Crate of 30 Pieces),2016-12-01,2016-11-01,-2.4492935982947064e-16,1.0,5.497468730054034,9.50967766432409,-4.348341924328425,1.4047877270172648,,0.0,1,0,0,119,WB_RTFP,6.883786815389614
Beans Brown,2016-12-01,2016-11-01,-2.4492935982947064e-16,1.0,-4.971491916923087,6.770006151078278,5.366066996256724,-0.33227673689827375,,0.0,1,0,0,119,WB_RTFP,-2.1857202310491375
Beef Boneless,2016-12-01,2016-11-01,-2.4492935982947064e-16,1.0,7.022394534647347,5.689314116200106,0.9085380343741178,0.6965683631461106,,0.0,1,0,0,119,WB_RTFP,3.4951875985930414
Garri White,2016-12-01,2016-11-01,-2.4492935982947064e-16,1.0,12.916777913778565,5.1358906458706555,4.589832654010539,2.188972402961631,,0.0,1,0,0,119,WB_RTFP,-1.444071922925505
Goat Meat Bone-In,2016-12-01,2016-11-01,-2.4492935982947064e-16,1.0,7.194689363581408,5.858854161854055,3.87555312281318,1.225846922389362,,0.0,1,0,0,119,WB_RTFP,5.386381195318846
Maize White Grain,2016-12-01,2016-11-01,-2.4492935982947064e-16,1.0,-3.5124138584850417,-4.468769869835942,-1.603058203994201,2.8155645170349297,,0.0,0,0,0,119,WB_RTFP,1.1600098457000607
Onions Fresh,2016-12-01,2016-11-01,-2.4492935982947064e-16,1.0,-1.401265133970775,3.109638911309487,4.390966265547891,3.458453938061745,,0.0,1,0,0,119,WB_RTFP,10.214854636664983
Rice Long-Grain Imported,2016-12-01,2016-11-01,-2.4492935982947064e-16,1.0,2.335587035615072,0.31917895371531557,2.7971241302412686,3.360244187453798,,,0,0,1,119,WB_RTFP,0.42808687422035696
Yam Tuber,2016-12-01,2016-11-01,-2.4492935982947064e-16,1.0,4.7330303755082515,-2.894040931752684,-12.240851402786957,0.24232301406228451,,0.0,0,0,0,119,WB_RTFP,15.663154663923805
Agric Hen Eggs (Crate of 30 Pieces),2017-01-01,2016-12-01,0.49999999999999994,0.8660254037844387,6.883786815389614,5.497468730054034,9.50967766432409,4.723808250317574,,0.0,0,0,0,120,WB_RTFP,0.42833943517157635
Beans Brown,2017-01-01,2016-12-01,0.49999999999999994,0.8660254037844387,-2.1857202310491375,-4.971491916923087,6.770006151078278,3.3509178796779615,,0.0,0,0,0,120,WB_RTFP,11.808451021342359
Beef Boneless,2017-01-01,2016-12-01,0.49999999999999994,0.8660254037844387,3.4951875985930414,7.022394534647347,5.689314116200106,4.90756571661819,,0.0,1,0,0,120,WB_RTFP,4.492234183741739
Garri White,2017-01-01,2016-12-01,0.49999999999999994,0.8660254037844387,-1.444071922925505,12.916777913778565,5.1358906458706555,17.295843453679673,,0.0,0,0,0,120,WB_RTFP,17.962897185196258
Goat Meat Bone-In,2017-01-01,2016-12-01,0.49999999999999994,0.8660254037844387,5.386381195318846,7.194689363581408,5.858854161854055,4.156713688045244,,0.0,1,0,0,120,WB_RTFP,4.8323817188952845
Maize White Grain,2017-01-01,2016-12-01,0.49999999999999994,0.8660254037844387,1.1600098457000607,-3.5124138584850417,-4.468769869835942,6.531773908958294,,0.0,0,0,0,120,WB_RTFP,8.322744408897709
Onions Fresh,2017-01-01,2016-12-01,0.49999999999999994,0.8660254037844387,10.214854636664983,-1.401265133970775,3.109638911309487,5.975467059333961,,0.0,1,0,0,120,WB_RTFP,-1.2763203643967658
Rice Long-Grain Imported,2017-01-01,2016-12-01,0.49999999999999994,0.8660254037844387,0.42808687422035696,2.335587035615072,0.31917895371531557,6.823579377438627,,,0,0,1,120,WB_RTFP,0.23864295406677005
Yam Tuber,2017-01-01,2016-12-01,0.49999999999999994,0.8660254037844387,15.663154663923805,4.7330303755082515,-2.894040931752684,0.04939302207502827,,0.0,0,0,0,120,WB_RTFP,-3.776210521327761
Agric Hen Eggs (Crate of 30 Pieces),2017-02-01,2017-01-01,0.8660254037844386,0.5000000000000001,0.42833943517157635,6.883786815389614,5.497468730054034,2.9004724772731194,,0.0,0,0,0,121,WB_RTFP,1.9526164396896029
Beans Brown,2017-02-01,2017-01-01,0.8660254037844386,0.5000000000000001,11.808451021342359,-2.1857202310491375,-4.971491916923087,8.13383618400949,,0.0,0,0,0,121,WB_RTFP,4.357765223165999
Beef Boneless,2017-02-01,2017-01-01,0.8660254037844386,0.5000000000000001,4.492234183741739,3.4951875985930414,7.022394534647347,1.6215791839806926,,0.0,0,0,0,121,WB_RTFP,4.410174198286598
Garri White,2017-02-01,2017-01-01,0.8660254037844386,0.5000000000000001,17.962897185196258,-1.444071922925505,12.916777913778565,18.94544731331238,,0.0,0,0,0,121,WB_RTFP,5.871041835491675
Goat Meat Bone-In,2017-02-01,2017-01-01,0.8660254037844386,0.5000000000000001,4.8323817188952845,5.386381195318846,7.194689363581408,0.6638737718939858,,0.0,0,0,0,121,WB_RTFP,3.643079414071382
Maize White Grain,2017-02-01,2017-01-01,0.8660254037844386,0.5000000000000001,8.322744408897709,1.1600098457000607,-3.5124138584850417,10.416581203593566,,0.0,0,0,0,121,WB_RTFP,1.2596563329922317
Onions Fresh,2017-02-01,2017-01-01,0.8660254037844386,0.5000000000000001,-1.2763203643967658,10.214854636664983,-1.401265133970775,7.336426568741761,,0.0,1,0,0,121,WB_RTFP,3.9118279968521907
Rice Long-Grain Imported,2017-02-01,2017-01-01,0.8660254037844386,0.5000000000000001,0.23864295406677005,0.42808687422035696,2.335587035615072,8.00484030882358,,,0,0,1,121,WB_RTFP,1.1974678252973936
Yam Tuber,2017-02-01,2017-01-01,0.8660254037844386,0.5000000000000001,-3.776210521327761,15.663154663923805,4.7330303755082515,0.5509556656259296,,0.0,0,0,0,121,WB_RTFP,1.3450691740480858
Agric Hen Eggs (Crate of 30 Pieces),2017-03-01,2017-02-01,1.0,6.123233995736766e-17,1.9526164396896029,0.42833943517157635,6.883786815389614,2.0892976464819357,,0.0,0,1,0,122,WB_RTFP,0.14758158406067423
Beans Brown,2017-03-01,2017-02-01,1.0,6.123233995736766e-17,4.357765223165999,11.808451021342359,-2.1857202310491375,16.88866914406382,,0.0,0,0,0,122,WB_RTFP,8.087786292711897
Beef Boneless,2017-03-01,2017-02-01,1.0,6.123233995736766e-17,4.410174198286598,4.492234183741739,3.4951875985930414,3.5957419463313878,,0.0,0,0,0,122,WB_RTFP,0.48931070332578486
Garri White,2017-03-01,2017-02-01,1.0,6.123233995736766e-17,5.871041835491675,17.962897185196258,-1.444071922925505,23.5046129181379,,0.0,0,1,0,122,WB_RTFP,4.165859996686838
Goat Meat Bone-In,2017-03-01,2017-02-01,1.0,6.123233995736766e-17,3.643079414071382,4.8323817188952845,5.386381195318846,3.7533272094204317,,0.0,0,0,0,122,WB_RTFP,-0.10957542358365213
Maize White Grain,2017-03-01,2017-02-01,1.0,6.123233995736766e-17,1.2596563329922317,8.322744408897709,1.1600098457000607,9.911298936516033,,0.0,0,0,0,122,WB_RTFP,0.7888226541175491
Onions Fresh,2017-03-01,2017-02-01,1.0,6.123233995736766e-17,3.9118279968521907,-1.2763203643967658,10.214854636664983,5.473210694455366,,0.0,0,0,0,122,WB_RTFP,-0.017027625294951942
Rice Long-Grain Imported,2017-03-01,2017-02-01,1.0,6.123233995736766e-17,1.1974678252973936,0.23864295406677005,0.42808687422035696,6.9040551411584605,,,0,0,1,122,WB_RTFP,-0.531518201865433
Yam Tuber,2017-03-01,2017-02-01,1.0,6.123233995736766e-17,1.3450691740480858,-3.776210521327761,15.663154663923805,-2.926472954248116,,0.0,0,1,0,122,WB_RTFP,13.720719100978007
Agric Hen Eggs (Crate of 30 Pieces),2017-04-01,2017-03-01,0.8660254037844387,-0.4999999999999998,0.14758158406067423,1.9526164396896029,0.42833943517157635,3.2803782203241205,,0.0,0,1,0,123,WB_RTFP,-4.462643312651037
Beans Brown,2017-04-01,2017-03-01,0.8660254037844387,-0.4999999999999998,8.087786292711897,4.357765223165999,11.808451021342359,14.609495162670383,,0.0,0,1,0,123,WB_RTFP,4.899870289588137
Beef Boneless,2017-04-01,2017-03-01,0.8660254037844387,-0.4999999999999998,0.48931070332578486,4.410174198286598,4.492234183741739,2.21500808389532,,0.0,0,0,0,123,WB_RTFP,-6.390662579103501
Garri White,2017-04-01,2017-03-01,0.8660254037844387,-0.4999999999999998,4.165859996686838,5.871041835491675,17.962897185196258,13.002975470535482,,0.0,0,1,0,123,WB_RTFP,8.576877036117313
Goat Meat Bone-In,2017-04-01,2017-03-01,0.8660254037844387,-0.4999999999999998,-0.10957542358365213,3.643079414071382,4.8323817188952845,2.040279316956295,,0.0,0,0,0,123,WB_RTFP,-4.319036664237119
Maize White Grain,2017-04-01,2017-03-01,0.8660254037844387,-0.4999999999999998,0.7888226541175491,1.2596563329922317,8.322744408897709,6.13352375157743,,0.0,0,0,0,123,WB_RTFP,6.804181977427204
Onions Fresh,2017-04-01,2017-03-01,0.8660254037844387,-0.4999999999999998,-0.017027625294951942,3.9118279968521907,-1.2763203643967658,3.997808339269082,,0.0,0,0,0,123,WB_RTFP,8.608038407889218
Rice Long-Grain Imported,2017-04-01,2017-03-01,0.8660254037844387,-0.4999999999999998,-0.531518201865433,1.1974678252973936,0.23864295406677005,2.674634019186417,,,0,0,1,123,WB_RTFP,-0.22028877493244226
Yam Tuber,2017-04-01,2017-03-01,0.8660254037844387,-0.4999999999999998,13.720719100978007,1.3450691740480858,-3.776210521327761,-0.8178607739462884,,0.0,0,1,0,123,WB_RTFP,6.654548108953051
Agric Hen Eggs (Crate of 30 Pieces),2017-05-01,2017-04-01,0.49999999999999994,-0.8660254037844387,-4.462643312651037,0.14758158406067423,1.9526164396896029,6.321383892792798,,0.0,0,1,0,124,WB_RTFP,-0.8671426275220662
Beans Brown,2017-05-01,2017-04-01,0.49999999999999994,-0.8660254037844387,4.899870289588137,8.087786292711897,4.357765223165999,19.470522890595056,,0.0,0,1,0,124,WB_RTFP,1.6016211582740913
Beef Boneless,2017-05-01,2017-04-01,0.49999999999999994,-0.8660254037844387,-6.390662579103501,0.48931070332578486,4.410174198286598,6.139564472121939,,0.0,0,0,0,124,WB_RTFP,0.5060493713821668
Garri White,2017-05-01,2017-04-01,0.49999999999999994,-0.8660254037844387,8.576877036117313,4.165859996686838,5.871041835491675,17.06901533517504,,0.0,0,1,0,124,WB_RTFP,2.468384167929516
Goat Meat Bone-In,2017-05-01,2017-04-01,0.49999999999999994,-0.8660254037844387,-4.319036664237119,-0.10957542358365213,3.643079414071382,4.967637063415498,,0.0,0,0,0,124,WB_RTFP,-0.9573480340333895
Maize White Grain,2017-05-01,2017-04-01,0.49999999999999994,-0.8660254037844387,6.804181977427204,0.7888226541175491,1.2596563329922317,10.651635890732724,,0.0,0,1,0,124,WB_RTFP,0.43648458184148975
Onions Fresh,2017-05-01,2017-04-01,0.49999999999999994,-0.8660254037844387,8.608038407889218,-0.017027625294951942,3.9118279968521907,14.98769272269007,,0.0,0,0,0,124,WB_RTFP,-0.6441043469950003
Rice Long-Grain Imported,2017-05-01,2017-04-01,0.49999999999999994,-0.8660254037844387,-0.22028877493244226,-0.531518201865433,1.1974678252973936,16.245914322086996,,,0,0,1,124,WB_RTFP,-1.1799479138853042
Yam Tuber,2017-05-01,2017-04-01,0.49999999999999994,-0.8660254037844387,6.654548108953051,13.720719100978007,1.3450691740480858,3.4425537923318705,,0.0,0,1,0,124,WB_RTFP,4.210534750199413
Agric Hen Eggs (Crate of 30 Pieces),2017-06-01,2017-05-01,1.2246467991473532e-16,-1.0,-0.8671426275220662,-4.462643312651037,0.14758158406067423,13.916601083496683,,0.0,0,0,0,125,WB_RTFP,-2.1664034246615005
Beans Brown,2017-06-01,2017-05-01,1.2246467991473532e-16,-1.0,1.6016211582740913,4.899870289588137,8.087786292711897,8.645508479457597,,0.0,0,1,0,125,WB_RTFP,6.778032472764006
Beef Boneless,2017-06-01,2017-05-01,1.2246467991473532e-16,-1.0,0.5060493713821668,-6.390662579103501,0.48931070332578486,13.24369088506634,,0.0,0,0,0,125,WB_RTFP,0.04683707420218841
Garri White,2017-06-01,2017-05-01,1.2246467991473532e-16,-1.0,2.468384167929516,8.576877036117313,4.165859996686838,7.010226272264153,,0.0,0,0,0,125,WB_RTFP,6.477698628485551
Goat Meat Bone-In,2017-06-01,2017-05-01,1.2246467991473532e-16,-1.0,-0.9573480340333895,-4.319036664237119,-0.10957542358365213,10.327363341155337,,0.0,0,0,0,125,WB_RTFP,1.2508432676908487
Maize White Grain,2017-06-01,2017-05-01,1.2246467991473532e-16,-1.0,0.43648458184148975,6.804181977427204,0.7888226541175491,10.85254583657138,,0.0,0,1,0,125,WB_RTFP,2.9011070291411034
Onions Fresh,2017-06-01,2017-05-01,1.2246467991473532e-16,-1.0,-0.6441043469950003,8.608038407889218,-0.017027625294951942,16.2715001786909,,0.0,0,0,0,125,WB_RTFP,-4.007521430214078
Rice Long-Grain Imported,2017-06-01,2017-05-01,1.2246467991473532e-16,-1.0,-1.1799479138853042,-0.22028877493244226,-0.531518201865433,11.093485570074414,,,0,0,1,125,WB_RTFP,1.0566710816653835
Yam Tuber,2017-06-01,2017-05-01,1.2246467991473532e-16,-1.0,4.210534750199413,6.654548108953051,13.720719100978007,12.540913157036826,,0.0,0,0,0,125,WB_RTFP,9.502829691497139
Agric Hen Eggs (Crate of 30 Pieces),2017-07-01,2017-06-01,-0.4999999999999997,-0.8660254037844388,-2.1664034246615005,-0.8671426275220662,-4.462643312651037,5.585411794503647,,0.0,0,0,0,126,WB_RTFP,0.794119558759232
Beans Brown,2017-07-01,2017-06-01,-0.4999999999999997,-0.8660254037844388,6.778032472764006,1.6016211582740913,4.899870289588137,-5.252752878927003,,0.0,0,0,0,126,WB_RTFP,16.468923849214057
Beef Boneless,2017-07-01,2017-06-01,-0.4999999999999997,-0.8660254037844388,0.04683707420218841,0.5060493713821668,-6.390662579103501,8.895333517264369,,0.0,0,1,0,126,WB_RTFP,-0.9122611921853818
Garri White,2017-07-01,2017-06-01,-0.4999999999999997,-0.8660254037844388,6.477698628485551,2.468384167929516,8.576877036117313,-10.54025375310017,,0.0,0,0,0,126,WB_RTFP,-2.5759916734969135
Goat Meat Bone-In,2017-07-01,2017-06-01,-0.4999999999999997,-0.8660254037844388,1.2508432676908487,-0.9573480340333895,-4.319036664237119,12.967139912900016,,0.0,0,1,0,126,WB_RTFP,-0.5571384510859256
Maize White Grain,2017-07-01,2017-06-01,-0.4999999999999997,-0.8660254037844388,2.9011070291411034,0.43648458184148975,6.804181977427204,1.500231520549078,,0.0,0,1,0,126,WB_RTFP,1.6293591531960194
Onions Fresh,2017-07-01,2017-06-01,-0.4999999999999997,-0.8660254037844388,-4.007521430214078,-0.6441043469950003,8.608038407889218,-20.322720982065455,,0.0,0,1,0,126,WB_RTFP,9.568816088012433
Rice Long-Grain Imported,2017-07-01,2017-06-01,-0.4999999999999997,-0.8660254037844388,1.0566710816653835,-1.1799479138853042,-0.22028877493244226,-0.39693872185165846,,,0,0,1,126,WB_RTFP,1.0831581602043006
Yam Tuber,2017-07-01,2017-06-01,-0.4999999999999997,-0.8660254037844388,9.502829691497139,4.210534750199413,6.654548108953051,-2.615116303222198,,0.0,0,0,0,126,WB_RTFP,6.238006450002831
Agric Hen Eggs (Crate of 30 Pieces),2017-08-01,2017-07-01,-0.8660254037844384,-0.5000000000000004,0.794119558759232,-2.1664034246615005,-0.8671426275220662,1.3531583049814833,,0.0,0,0,0,127,WB_RTFP,0.8248017967166676
Beans Brown,2017-08-01,2017-07-01,-0.8660254037844384,-0.5000000000000004,16.468923849214057,6.778032472764006,1.6016211582740913,5.540332213469901,,0.0,0,0,0,127,WB_RTFP,8.557188887904044
Beef Boneless,2017-08-01,2017-07-01,-0.8660254037844384,-0.5000000000000004,-0.9122611921853818,0.04683707420218841,0.5060493713821668,-7.1532063932445595,,0.0,0,1,0,127,WB_RTFP,-1.6913131998055775
Garri White,2017-08-01,2017-07-01,-0.8660254037844384,-0.5000000000000004,-2.5759916734969135,6.477698628485551,2.468384167929516,3.0778203724417086,,0.0,0,0,0,127,WB_RTFP,-7.484017546561105
Goat Meat Bone-In,2017-08-01,2017-07-01,-0.8660254037844384,-0.5000000000000004,-0.5571384510859256,1.2508432676908487,-0.9573480340333895,-0.15304116376040344,,0.0,0,1,0,127,WB_RTFP,-1.560157128872064
Maize White Grain,2017-08-01,2017-07-01,-0.8660254037844384,-0.5000000000000004,1.6293591531960194,2.9011070291411034,0.43648458184148975,16.019232757508874,,0.0,0,0,0,127,WB_RTFP,3.242160029776575
Onions Fresh,2017-08-01,2017-07-01,-0.8660254037844384,-0.5000000000000004,9.568816088012433,-4.007521430214078,-0.6441043469950003,1.6635442652333188,,0.0,0,1,0,127,WB_RTFP,2.291971241034263
Rice Long-Grain Imported,2017-08-01,2017-07-01,-0.8660254037844384,-0.5000000000000004,1.0831581602043006,1.0566710816653835,-1.1799479138853042,10.469399847382,,,0,0,1,127,WB_RTFP,1.3666412169188735
Yam Tuber,2017-08-01,2017-07-01,-0.8660254037844384,-0.5000000000000004,6.238006450002831,9.502829691497139,4.210534750199413,-6.568906869453295,,0.0,1,0,0,127,WB_RTFP,2.5189765248208706
Agric Hen Eggs (Crate of 30 Pieces),2017-09-01,2017-08-01,-1.0,-1.8369701987210297e-16,0.8248017967166676,0.794119558759232,-2.1664034246615005,-4.348341924328425,,0.0,0,0,0,128,WB_RTFP,-0.5417603868701049
Beans Brown,2017-09-01,2017-08-01,-1.0,-1.8369701987210297e-16,8.557188887904044,16.468923849214057,6.778032472764006,5.366066996256724,,0.0,0,0,0,128,WB_RTFP,-3.288812042974276
Beef Boneless,2017-09-01,2017-08-01,-1.0,-1.8369701987210297e-16,-1.6913131998055775,-0.9122611921853818,0.04683707420218841,0.9085380343741178,,0.0,0,0,0,128,WB_RTFP,-0.2947234473528848
Garri White,2017-09-01,2017-08-01,-1.0,-1.8369701987210297e-16,-7.484017546561105,-2.5759916734969135,6.477698628485551,4.589832654010539,,0.0,1,0,0,128,WB_RTFP,-0.3319360227972079
Goat Meat Bone-In,2017-09-01,2017-08-01,-1.0,-1.8369701987210297e-16,-1.560157128872064,-0.5571384510859256,1.2508432676908487,3.87555312281318,,0.0,0,0,0,128,WB_RTFP,-0.48898969137212145
Maize White Grain,2017-09-01,2017-08-01,-1.0,-1.8369701987210297e-16,3.242160029776575,1.6293591531960194,2.9011070291411034,-1.603058203994201,,0.0,1,0,0,128,WB_RTFP,-5.936124838020717
Onions Fresh,2017-09-01,2017-08-01,-1.0,-1.8369701987210297e-16,2.291971241034263,9.568816088012433,-4.007521430214078,4.390966265547891,,0.0,0,1,0,128,WB_RTFP,0.7975858672645941
Rice Long-Grain Imported,2017-09-01,2017-08-01,-1.0,-1.8369701987210297e-16,1.3666412169188735,1.0831581602043006,1.0566710816653835,2.7971241302412686,,,0,0,1,128,WB_RTFP,-1.29737417420005
Yam Tuber,2017-09-01,2017-08-01,-1.0,-1.8369701987210297e-16,2.5189765248208706,6.238006450002831,9.502829691497139,-12.240851402786957,,0.0,1,0,0,128,WB_RTFP,-16.004282952056403
Agric Hen Eggs (Crate of 30 Pieces),2017-10-01,2017-09-01,-0.8660254037844386,0.5000000000000001,-0.5417603868701049,0.8248017967166676,0.794119558759232,9.50967766432409,,0.0,1,0,0,129,WB_RTFP,3.752662485849534
Beans Brown,2017-10-01,2017-09-01,-0.8660254037844386,0.5000000000000001,-3.288812042974276,8.557188887904044,16.468923849214057,6.770006151078278,,0.0,1,0,0,129,WB_RTFP,-9.041331074862635
Beef Boneless,2017-10-01,2017-09-01,-0.8660254037844386,0.5000000000000001,-0.2947234473528848,-1.6913131998055775,-0.9122611921853818,5.689314116200106,,0.0,0,0,0,129,WB_RTFP,-0.5276937759593925
Garri White,2017-10-01,2017-09-01,-0.8660254037844386,0.5000000000000001,-0.3319360227972079,-7.484017546561105,-2.5759916734969135,5.1358906458706555,,0.0,1,0,0,129,WB_RTFP,-8.170072176247789
Goat Meat Bone-In,2017-10-01,2017-09-01,-0.8660254037844386,0.5000000000000001,-0.48898969137212145,-1.560157128872064,-0.5571384510859256,5.858854161854055,,0.0,0,0,0,129,WB_RTFP,0.46833600833824374
Maize White Grain,2017-10-01,2017-09-01,-0.8660254037844386,0.5000000000000001,-5.936124838020717,3.242160029776575,1.6293591531960194,-4.468769869835942,,0.0,1,0,0,129,WB_RTFP,-8.393615933395804
Onions Fresh,2017-10-01,2017-09-01,-0.8660254037844386,0.5000000000000001,0.7975858672645941,2.291971241034263,9.568816088012433,3.109638911309487,,0.0,0,0,0,129,WB_RTFP,14.585568279154092
Rice Long-Grain Imported,2017-10-01,2017-09-01,-0.8660254037844386,0.5000000000000001,-1.29737417420005,1.3666412169188735,1.0831581602043006,0.31917895371531557,,,0,0,1,129,WB_RTFP,-2.8232622096718174
Yam Tuber,2017-10-01,2017-09-01,-0.8660254037844386,0.5000000000000001,-16.004282952056403,2.5189765248208706,6.238006450002831,-2.894040931752684,,0.0,1,0,0,129,WB_RTFP,-3.04658317556159
Agric Hen Eggs (Crate of 30 Pieces),2017-11-01,2017-10-01,-0.5000000000000004,0.8660254037844384,3.752662485849534,-0.5417603868701049,0.8248017967166676,5.497468730054034,,0.0,1,0,0,130,WB_RTFP,2.9798935784441483
Beans Brown,2017-11-01,2017-10-01,-0.5000000000000004,0.8660254037844384,-9.041331074862635,-3.288812042974276,8.557188887904044,-4.971491916923087,,0.0,1,0,0,130,WB_RTFP,5.27690273402559
Beef Boneless,2017-11-01,2017-10-01,-0.5000000000000004,0.8660254037844384,-0.5276937759593925,-0.2947234473528848,-1.6913131998055775,7.022394534647347,,0.0,1,0,0,130,WB_RTFP,0.7693351230513956
Garri White,2017-11-01,2017-10-01,-0.5000000000000004,0.8660254037844384,-8.170072176247789,-0.3319360227972079,-7.484017546561105,12.916777913778565,,0.0,1,0,0,130,WB_RTFP,-9.285856083053313
Goat Meat Bone-In,2017-11-01,2017-10-01,-0.5000000000000004,0.8660254037844384,0.46833600833824374,-0.48898969137212145,-1.560157128872064,7.194689363581408,,0.0,1,0,0,130,WB_RTFP,1.5321675687321568
Maize White Grain,2017-11-01,2017-10-01,-0.5000000000000004,0.8660254037844384,-8.393615933395804,-5.936124838020717,3.242160029776575,-3.5124138584850417,,0.0,1,0,0,130,WB_RTFP,-6.152028228938999
Onions Fresh,2017-11-01,2017-10-01,-0.5000000000000004,0.8660254037844384,14.585568279154092,0.7975858672645941,2.291971241034263,-1.401265133970775,,0.0,1,0,0,130,WB_RTFP,8.314584724359175
Rice Long-Grain Imported,2017-11-01,2017-10-01,-0.5000000000000004,0.8660254037844384,-2.8232622096718174,-1.29737417420005,1.3666412169188735,2.335587035615072,,,0,0,1,130,WB_RTFP,-2.4107453775471077
Yam Tuber,2017-11-01,2017-10-01,-0.5000000000000004,0.8660254037844384,-3.04658317556159,-16.004282952056403,2.5189765248208706,4.7330303755082515,,0.0,1,0,0,130,WB_RTFP,-0.09859424854790078
Agric Hen Eggs (Crate of 30 Pieces),2017-12-01,2017-11-01,-2.4492935982947064e-16,1.0,2.9798935784441483,3.752662485849534,-0.5417603868701049,6.883786815389614,,0.0,1,0,0,131,WB_RTFP,0.3711498803437241
Beans Brown,2017-12-01,2017-11-01,-2.4492935982947064e-16,1.0,5.27690273402559,-9.041331074862635,-3.288812042974276,-2.1857202310491375,,0.0,1,0,0,131,WB_RTFP,-4.236681523293728
Beef Boneless,2017-12-01,2017-11-01,-2.4492935982947064e-16,1.0,0.7693351230513956,-0.5276937759593925,-0.2947234473528848,3.4951875985930414,,0.0,1,0,0,131,WB_RTFP,2.124105488139083
Garri White,2017-12-01,2017-11-01,-2.4492935982947064e-16,1.0,-9.285856083053313,-8.170072176247789,-0.3319360227972079,-1.444071922925505,,0.0,1,0,0,131,WB_RTFP,-3.245652569769897
Goat Meat Bone-In,2017-12-01,2017-11-01,-2.4492935982947064e-16,1.0,1.5321675687321568,0.46833600833824374,-0.48898969137212145,5.386381195318846,,0.0,1,0,0,131,WB_RTFP,-0.5971566142612295
Maize White Grain,2017-12-01,2017-11-01,-2.4492935982947064e-16,1.0,-6.152028228938999,-8.393615933395804,-5.936124838020717,1.1600098457000607,,0.0,0,0,0,131,WB_RTFP,-2.9725490347774275
Onions Fresh,2017-12-01,2017-11-01,-2.4492935982947064e-16,1.0,8.314584724359175,14.585568279154092,0.7975858672645941,10.214854636664983,,0.0,1,0,0,131,WB_RTFP,-8.439283636359573
Rice Long-Grain Imported,2017-12-01,2017-11-01,-2.4492935982947064e-16,1.0,-2.4107453775471077,-2.8232622096718174,-1.29737417420005,0.42808687422035696,,,0,0,1,131,WB_RTFP,-0.2631627224032651
Yam Tuber,2017-12-01,2017-11-01,-2.4492935982947064e-16,1.0,-0.09859424854790078,-3.04658317556159,-16.004282952056403,15.663154663923805,,0.0,0,0,0,131,WB_RTFP,-2.3944175382384247
Agric Hen Eggs (Crate of 30 Pieces),2018-01-01,2017-12-01,0.49999999999999994,0.8660254037844387,0.3711498803437241,2.9798935784441483,3.752662485849534,0.42833943517157635,,0.0,0,0,0,132,WB_RTFP,1.3050756660982765
Beans Brown,2018-01-01,2017-12-01,0.49999999999999994,0.8660254037844387,-4.236681523293728,5.27690273402559,-9.041331074862635,11.808451021342359,,0.0,0,0,0,132,WB_RTFP,3.8818186587553205
Beef Boneless,2018-01-01,2017-12-01,0.49999999999999994,0.8660254037844387,2.124105488139083,0.7693351230513956,-0.5276937759593925,4.492234183741739,,0.0,1,0,0,132,WB_RTFP,1.3103920200289831
Garri White,2018-01-01,2017-12-01,0.49999999999999994,0.8660254037844387,-3.245652569769897,-9.285856083053313,-8.170072176247789,17.962897185196258,,0.0,0,0,0,132,WB_RTFP,-3.729426166520722
Goat Meat Bone-In,2018-01-01,2017-12-01,0.49999999999999994,0.8660254037844387,-0.5971566142612295,1.5321675687321568,0.46833600833824374,4.8323817188952845,,0.0,1,0,0,132,WB_RTFP,-1.330559638002493
Maize White Grain,2018-01-01,2017-12-01,0.49999999999999994,0.8660254037844387,-2.9725490347774275,-6.152028228938999,-8.393615933395804,8.322744408897709,,0.0,0,0,0,132,WB_RTFP,2.219621976549946
Onions Fresh,2018-01-01,2017-12-01,0.49999999999999994,0.8660254037844387,-8.439283636359573,8.314584724359175,14.585568279154092,-1.2763203643967658,,0.0,1,0,0,132,WB_RTFP,-2.8760964805292555
Rice Long-Grain Imported,2018-01-01,2017-12-01,0.49999999999999994,0.8660254037844387,-0.2631627224032651,-2.4107453775471077,-2.8232622096718174,0.23864295406677005,,,0,0,1,132,WB_RTFP,-1.420125342940315
Yam Tuber,2018-01-01,2017-12-01,0.49999999999999994,0.8660254037844387,-2.3944175382384247,-0.09859424854790078,-3.04658317556159,-3.776210521327761,,0.0,0,0,0,132,WB_RTFP,6.430342578591475
Agric Hen Eggs (Crate of 30 Pieces),2018-02-01,2018-01-01,0.8660254037844386,0.5000000000000001,1.3050756660982765,0.3711498803437241,2.9798935784441483,1.9526164396896029,,0.0,0,0,0,133,WB_RTFP,-1.0536804641936293
Beans Brown,2018-02-01,2018-01-01,0.8660254037844386,0.5000000000000001,3.8818186587553205,-4.236681523293728,5.27690273402559,4.357765223165999,,0.0,0,0,0,133,WB_RTFP,7.011849931320091
Beef Boneless,2018-02-01,2018-01-01,0.8660254037844386,0.5000000000000001,1.3103920200289831,2.124105488139083,0.7693351230513956,4.410174198286598,,0.0,0,0,0,133,WB_RTFP,-0.04188314896390599
Garri White,2018-02-01,2018-01-01,0.8660254037844386,0.5000000000000001,-3.729426166520722,-3.245652569769897,-9.285856083053313,5.871041835491675,,0.0,0,0,0,133,WB_RTFP,-1.9563255143736802
Goat Meat Bone-In,2018-02-01,2018-01-01,0.8660254037844386,0.5000000000000001,-1.330559638002493,-0.5971566142612295,1.5321675687321568,3.643079414071382,,0.0,0,0,0,133,WB_RTFP,2.1213589281446454
Maize White Grain,2018-02-01,2018-01-01,0.8660254037844386,0.5000000000000001,2.219621976549946,-2.9725490347774275,-6.152028228938999,1.2596563329922317,,0.0,0,0,0,133,WB_RTFP,1.055875911910542
Onions Fresh,2018-02-01,2018-01-01,0.8660254037844386,0.5000000000000001,-2.8760964805292555,-8.439283636359573,8.314584724359175,3.9118279968521907,,0.0,1,0,0,133,WB_RTFP,-9.384853983662245
Rice Long-Grain Imported,2018-02-01,2018-01-01,0.8660254037844386,0.5000000000000001,-1.420125342940315,-0.2631627224032651,-2.4107453775471077,1.1974678252973936,,,0,0,1,133,WB_RTFP,-0.021146313096376268
Yam Tuber,2018-02-01,2018-01-01,0.8660254037844386,0.5000000000000001,6.430342578591475,-2.3944175382384247,-0.09859424854790078,1.3450691740480858,,0.0,0,0,0,133,WB_RTFP,-3.7577100996186497
Agric Hen Eggs (Crate of 30 Pieces),2018-03-01,2018-02-01,1.0,6.123233995736766e-17,-1.0536804641936293,1.3050756660982765,0.3711498803437241,0.14758158406067423,,0.0,0,1,0,134,WB_RTFP,-2.515706487877889
Beans Brown,2018-03-01,2018-02-01,1.0,6.123233995736766e-17,7.011849931320091,3.8818186587553205,-4.236681523293728,8.087786292711897,,0.0,0,0,0,134,WB_RTFP,1.8025499080246865
Beef Boneless,2018-03-01,2018-02-01,1.0,6.123233995736766e-17,-0.04188314896390599,1.3103920200289831,2.124105488139083,0.48931070332578486,,0.0,0,0,0,134,WB_RTFP,0.15702547714533388
Garri White,2018-03-01,2018-02-01,1.0,6.123233995736766e-17,-1.9563255143736802,-3.729426166520722,-3.245652569769897,4.165859996686838,,0.0,0,1,0,134,WB_RTFP,-4.134380990698883
Goat Meat Bone-In,2018-03-01,2018-02-01,1.0,6.123233995736766e-17,2.1213589281446454,-1.330559638002493,-0.5971566142612295,-0.10957542358365213,,0.0,0,0,0,134,WB_RTFP,1.1651541772111251
Maize White Grain,2018-03-01,2018-02-01,1.0,6.123233995736766e-17,1.055875911910542,2.219621976549946,-2.9725490347774275,0.7888226541175491,,0.0,0,0,0,134,WB_RTFP,0.23175865452620403
Onions Fresh,2018-03-01,2018-02-01,1.0,6.123233995736766e-17,-9.384853983662245,-2.8760964805292555,-8.439283636359573,-0.017027625294951942,,0.0,0,0,0,134,WB_RTFP,-0.7277066223935535
Rice Long-Grain Imported,2018-03-01,2018-02-01,1.0,6.123233995736766e-17,-0.021146313096376268,-1.420125342940315,-0.2631627224032651,-0.531518201865433,,,0,0,1,134,WB_RTFP,-0.4166485226103078
Yam Tuber,2018-03-01,2018-02-01,1.0,6.123233995736766e-17,-3.7577100996186497,6.430342578591475,-2.3944175382384247,13.720719100978007,,0.0,0,1,0,134,WB_RTFP,0.3382460807939802
Agric Hen Eggs (Crate of 30 Pieces),2018-04-01,2018-03-01,0.8660254037844387,-0.4999999999999998,-2.515706487877889,-1.0536804641936293,1.3050756660982765,-4.462643312651037,,0.0,0,1,0,135,WB_RTFP,-0.980166108917413
Beans Brown,2018-04-01,2018-03-01,0.8660254037844387,-0.4999999999999998,1.8025499080246865,7.011849931320091,3.8818186587553205,4.899870289588137,,0.0,0,1,0,135,WB_RTFP,-0.01802049928373295
Beef Boneless,2018-04-01,2018-03-01,0.8660254037844387,-0.4999999999999998,0.15702547714533388,-0.04188314896390599,1.3103920200289831,-6.390662579103501,,0.0,0,0,0,135,WB_RTFP,-1.8403550309938232
Garri White,2018-04-01,2018-03-01,0.8660254037844387,-0.4999999999999998,-4.134380990698883,-1.9563255143736802,-3.729426166520722,8.576877036117313,,0.0,0,1,0,135,WB_RTFP,-0.9709031479209429
Goat Meat Bone-In,2018-04-01,2018-03-01,0.8660254037844387,-0.4999999999999998,1.1651541772111251,2.1213589281446454,-1.330559638002493,-4.319036664237119,,0.0,0,0,0,135,WB_RTFP,-3.2757160599950597
Maize White Grain,2018-04-01,2018-03-01,0.8660254037844387,-0.4999999999999998,0.23175865452620403,1.055875911910542,2.219621976549946,6.804181977427204,,0.0,0,0,0,135,WB_RTFP,3.4706519384882117
Onions Fresh,2018-04-01,2018-03-01,0.8660254037844387,-0.4999999999999998,-0.7277066223935535,-9.384853983662245,-2.8760964805292555,8.608038407889218,,0.0,0,0,0,135,WB_RTFP,5.532219043989439
Rice Long-Grain Imported,2018-04-01,2018-03-01,0.8660254037844387,-0.4999999999999998,-0.4166485226103078,-0.021146313096376268,-1.420125342940315,-0.22028877493244226,,,0,0,1,135,WB_RTFP,-0.8885588267392719
Yam Tuber,2018-04-01,2018-03-01,0.8660254037844387,-0.4999999999999998,0.3382460807939802,-3.7577100996186497,6.430342578591475,6.654548108953051,,0.0,0,1,0,135,WB_RTFP,11.97723005119784
Agric Hen Eggs (Crate of 30 Pieces),2018-05-01,2018-04-01,0.49999999999999994,-0.8660254037844387,-0.980166108917413,-2.515706487877889,-1.0536804641936293,-0.8671426275220662,,0.0,0,1,0,136,WB_RTFP,-0.36730321242126607
Beans Brown,2018-05-01,2018-04-01,0.49999999999999994,-0.8660254037844387,-0.01802049928373295,1.8025499080246865,7.011849931320091,1.6016211582740913,,0.0,0,1,0,136,WB_RTFP,-5.668275318307792
Beef Boneless,2018-05-01,2018-04-01,0.49999999999999994,-0.8660254037844387,-1.8403550309938232,0.15702547714533388,-0.04188314896390599,0.5060493713821668,,0.0,0,0,0,136,WB_RTFP,1.5874439596473833
Garri White,2018-05-01,2018-04-01,0.49999999999999994,-0.8660254037844387,-0.9709031479209429,-4.134380990698883,-1.9563255143736802,2.468384167929516,,0.0,0,1,0,136,WB_RTFP,5.49549925740711
Goat Meat Bone-In,2018-05-01,2018-04-01,0.49999999999999994,-0.8660254037844387,-3.2757160599950597,1.1651541772111251,2.1213589281446454,-0.9573480340333895,,0.0,0,0,0,136,WB_RTFP,-2.6341528301591532
Maize White Grain,2018-05-01,2018-04-01,0.49999999999999994,-0.8660254037844387,3.4706519384882117,0.23175865452620403,1.055875911910542,0.43648458184148975,,0.0,0,1,0,136,WB_RTFP,0.5101039279770125
Onions Fresh,2018-05-01,2018-04-01,0.49999999999999994,-0.8660254037844387,5.532219043989439,-0.7277066223935535,-9.384853983662245,-0.6441043469950003,,0.0,0,0,0,136,WB_RTFP,1.0044182231863985
Rice Long-Grain Imported,2018-05-01,2018-04-01,0.49999999999999994,-0.8660254037844387,-0.8885588267392719,-0.4166485226103078,-0.021146313096376268,-1.1799479138853042,,,0,0,1,136,WB_RTFP,0.8572248471743649
Yam Tuber,2018-05-01,2018-04-01,0.49999999999999994,-0.8660254037844387,11.97723005119784,0.3382460807939802,-3.7577100996186497,4.210534750199413,,0.0,0,1,0,136,WB_RTFP,1.328264320749284
Agric Hen Eggs (Crate of 30 Pieces),2018-06-01,2018-05-01,1.2246467991473532e-16,-1.0,-0.36730321242126607,-0.980166108917413,-2.515706487877889,-2.1664034246615005,,0.0,0,0,0,137,WB_RTFP,2.2187834683261576
Beans Brown,2018-06-01,2018-05-01,1.2246467991473532e-16,-1.0,-5.668275318307792,-0.01802049928373295,1.8025499080246865,6.778032472764006,,0.0,0,1,0,137,WB_RTFP,-11.076590686930599
Beef Boneless,2018-06-01,2018-05-01,1.2246467991473532e-16,-1.0,1.5874439596473833,-1.8403550309938232,0.15702547714533388,0.04683707420218841,,0.0,0,0,0,137,WB_RTFP,-1.6882367051743064
Garri White,2018-06-01,2018-05-01,1.2246467991473532e-16,-1.0,5.49549925740711,-0.9709031479209429,-4.134380990698883,6.477698628485551,,0.0,0,0,0,137,WB_RTFP,-1.546887821684917
Goat Meat Bone-In,2018-06-01,2018-05-01,1.2246467991473532e-16,-1.0,-2.6341528301591532,-3.2757160599950597,1.1651541772111251,1.2508432676908487,,0.0,0,0,0,137,WB_RTFP,0.45123778985900476
Maize White Grain,2018-06-01,2018-05-01,1.2246467991473532e-16,-1.0,0.5101039279770125,3.4706519384882117,0.23175865452620403,2.9011070291411034,,0.0,0,1,0,137,WB_RTFP,-2.5809867433323364
Onions Fresh,2018-06-01,2018-05-01,1.2246467991473532e-16,-1.0,1.0044182231863985,5.532219043989439,-0.7277066223935535,-4.007521430214078,,0.0,0,0,0,137,WB_RTFP,0.5367014470508247
Rice Long-Grain Imported,2018-06-01,2018-05-01,1.2246467991473532e-16,-1.0,0.8572248471743649,-0.8885588267392719,-0.4166485226103078,1.0566710816653835,,,0,0,1,137,WB_RTFP,0.6121722022428999
Yam Tuber,2018-06-01,2018-05-01,1.2246467991473532e-16,-1.0,1.328264320749284,11.97723005119784,0.3382460807939802,9.502829691497139,,0.0,0,0,0,137,WB_RTFP,-0.2100775737983951
Agric Hen Eggs (Crate of 30 Pieces),2018-07-01,2018-06-01,-0.4999999999999997,-0.8660254037844388,2.2187834683261576,-0.36730321242126607,-0.980166108917413,0.794119558759232,,0.0,0,0,0,138,WB_RTFP,-0.18133125140530337
Beans Brown,2018-07-01,2018-06-01,-0.4999999999999997,-0.8660254037844388,-11.076590686930599,-5.668275318307792,-0.01802049928373295,16.468923849214057,,0.0,0,0,0,138,WB_RTFP,-11.05009493604433
Beef Boneless,2018-07-01,2018-06-01,-0.4999999999999997,-0.8660254037844388,-1.6882367051743064,1.5874439596473833,-1.8403550309938232,-0.9122611921853818,,0.0,0,1,0,138,WB_RTFP,-1.9002440913774232
Garri White,2018-07-01,2018-06-01,-0.4999999999999997,-0.8660254037844388,-1.546887821684917,5.49549925740711,-0.9709031479209429,-2.5759916734969135,,0.0,0,0,0,138,WB_RTFP,-2.2977428810594835
Goat Meat Bone-In,2018-07-01,2018-06-01,-0.4999999999999997,-0.8660254037844388,0.45123778985900476,-2.6341528301591532,-3.2757160599950597,-0.5571384510859256,,0.0,0,1,0,138,WB_RTFP,-3.088116220052428
Maize White Grain,2018-07-01,2018-06-01,-0.4999999999999997,-0.8660254037844388,-2.5809867433323364,0.5101039279770125,3.4706519384882117,1.6293591531960194,,0.0,0,1,0,138,WB_RTFP,-2.673310035934251
Onions Fresh,2018-07-01,2018-06-01,-0.4999999999999997,-0.8660254037844388,0.5367014470508247,1.0044182231863985,5.532219043989439,9.568816088012433,,0.0,0,1,0,138,WB_RTFP,-1.8500594671276294
Rice Long-Grain Imported,2018-07-01,2018-06-01,-0.4999999999999997,-0.8660254037844388,0.6121722022428999,0.8572248471743649,-0.8885588267392719,1.0831581602043006,,,0,0,1,138,WB_RTFP,-0.06119915263838038
Yam Tuber,2018-07-01,2018-06-01,-0.4999999999999997,-0.8660254037844388,-0.2100775737983951,1.328264320749284,11.97723005119784,6.238006450002831,,0.0,0,0,0,138,WB_RTFP,1.1717251114516714
Agric Hen Eggs (Crate of 30 Pieces),2018-08-01,2018-07-01,-0.8660254037844384,-0.5000000000000004,-0.18133125140530337,2.2187834683261576,-0.36730321242126607,0.8248017967166676,,0.0,0,0,0,139,WB_RTFP,-1.9656991083286113
Beans Brown,2018-08-01,2018-07-01,-0.8660254037844384,-0.5000000000000004,-11.05009493604433,-11.076590686930599,-5.668275318307792,8.557188887904044,,0.0,0,0,0,139,WB_RTFP,-4.726358990417701
Beef Boneless,2018-08-01,2018-07-01,-0.8660254037844384,-0.5000000000000004,-1.9002440913774232,-1.6882367051743064,1.5874439596473833,-1.6913131998055775,,0.0,0,1,0,139,WB_RTFP,-2.9006836705538497
Garri White,2018-08-01,2018-07-01,-0.8660254037844384,-0.5000000000000004,-2.2977428810594835,-1.546887821684917,5.49549925740711,-7.484017546561105,,0.0,0,0,0,139,WB_RTFP,-2.669613865016407
Goat Meat Bone-In,2018-08-01,2018-07-01,-0.8660254037844384,-0.5000000000000004,-3.088116220052428,0.45123778985900476,-2.6341528301591532,-1.560157128872064,,0.0,0,1,0,139,WB_RTFP,-1.43470721697323
Maize White Grain,2018-08-01,2018-07-01,-0.8660254037844384,-0.5000000000000004,-2.673310035934251,-2.5809867433323364,0.5101039279770125,3.242160029776575,,0.0,0,0,0,139,WB_RTFP,-2.872478137184653
Onions Fresh,2018-08-01,2018-07-01,-0.8660254037844384,-0.5000000000000004,-1.8500594671276294,0.5367014470508247,1.0044182231863985,2.291971241034263,,0.0,0,1,0,139,WB_RTFP,8.59368052781273
Rice Long-Grain Imported,2018-08-01,2018-07-01,-0.8660254037844384,-0.5000000000000004,-0.06119915263838038,0.6121722022428999,0.8572248471743649,1.3666412169188735,,,0,0,1,139,WB_RTFP,-1.050199046463396
Yam Tuber,2018-08-01,2018-07-01,-0.8660254037844384,-0.5000000000000004,1.1717251114516714,-0.2100775737983951,1.328264320749284,2.5189765248208706,,0.0,1,0,0,139,WB_RTFP,-0.24661213597196863
Agric Hen Eggs (Crate of 30 Pieces),2018-09-01,2018-08-01,-1.0,-1.8369701987210297e-16,-1.9656991083286113,-0.18133125140530337,2.2187834683261576,-0.5417603868701049,,0.0,0,0,0,140,WB_RTFP,-0.6385818134809762
Beans Brown,2018-09-01,2018-08-01,-1.0,-1.8369701987210297e-16,-4.726358990417701,-11.05009493604433,-11.076590686930599,-3.288812042974276,,0.0,0,0,0,140,WB_RTFP,-8.171735144268977
Beef Boneless,2018-09-01,2018-08-01,-1.0,-1.8369701987210297e-16,-2.9006836705538497,-1.9002440913774232,-1.6882367051743064,-0.2947234473528848,,0.0,0,0,0,140,WB_RTFP,-0.7755409905927491
Garri White,2018-09-01,2018-08-01,-1.0,-1.8369701987210297e-16,-2.669613865016407,-2.2977428810594835,-1.546887821684917,-0.3319360227972079,,0.0,1,0,0,140,WB_RTFP,-6.688011832811092
Goat Meat Bone-In,2018-09-01,2018-08-01,-1.0,-1.8369701987210297e-16,-1.43470721697323,-3.088116220052428,0.45123778985900476,-0.48898969137212145,,0.0,0,0,0,140,WB_RTFP,-0.338317249672504
Maize White Grain,2018-09-01,2018-08-01,-1.0,-1.8369701987210297e-16,-2.872478137184653,-2.673310035934251,-2.5809867433323364,-5.936124838020717,,0.0,1,0,0,140,WB_RTFP,-1.2217087237340163
Onions Fresh,2018-09-01,2018-08-01,-1.0,-1.8369701987210297e-16,8.59368052781273,-1.8500594671276294,0.5367014470508247,0.7975858672645941,,0.0,0,1,0,140,WB_RTFP,-3.340633929684489
Rice Long-Grain Imported,2018-09-01,2018-08-01,-1.0,-1.8369701987210297e-16,-1.050199046463396,-0.06119915263838038,0.6121722022428999,-1.29737417420005,,,0,0,1,140,WB_RTFP,1.1773964416150973
Yam Tuber,2018-09-01,2018-08-01,-1.0,-1.8369701987210297e-16,-0.24661213597196863,1.1717251114516714,-0.2100775737983951,-16.004282952056403,,0.0,1,0,0,140,WB_RTFP,-3.558692210136527
Agric Hen Eggs (Crate of 30 Pieces),2018-10-01,2018-09-01,-0.8660254037844386,0.5000000000000001,-0.6385818134809762,-1.9656991083286113,-0.18133125140530337,3.752662485849534,,0.0,1,0,0,141,WB_RTFP,-0.9414815262053566
Beans Brown,2018-10-01,2018-09-01,-0.8660254037844386,0.5000000000000001,-8.171735144268977,-4.726358990417701,-11.05009493604433,-9.041331074862635,,0.0,1,0,0,141,WB_RTFP,-7.028458986438579
Beef Boneless,2018-10-01,2018-09-01,-0.8660254037844386,0.5000000000000001,-0.7755409905927491,-2.9006836705538497,-1.9002440913774232,-0.5276937759593925,,0.0,0,0,0,141,WB_RTFP,2.852061464273792
Garri White,2018-10-01,2018-09-01,-0.8660254037844386,0.5000000000000001,-6.688011832811092,-2.669613865016407,-2.2977428810594835,-8.170072176247789,,0.0,1,0,0,141,WB_RTFP,-3.3791871286579678
Goat Meat Bone-In,2018-10-01,2018-09-01,-0.8660254037844386,0.5000000000000001,-0.338317249672504,-1.43470721697323,-3.088116220052428,0.46833600833824374,,0.0,0,0,0,141,WB_RTFP,-2.3968159663444566
Maize White Grain,2018-10-01,2018-09-01,-0.8660254037844386,0.5000000000000001,-1.2217087237340163,-2.872478137184653,-2.673310035934251,-8.393615933395804,,0.0,1,0,0,141,WB_RTFP,-4.233675870988229
Onions Fresh,2018-10-01,2018-09-01,-0.8660254037844386,0.5000000000000001,-3.340633929684489,8.59368052781273,-1.8500594671276294,14.585568279154092,,0.0,0,0,0,141,WB_RTFP,-2.00653714603628
Rice Long-Grain Imported,2018-10-01,2018-09-01,-0.8660254037844386,0.5000000000000001,1.1773964416150973,-1.050199046463396,-0.06119915263838038,-2.8232622096718174,,,0,0,1,141,WB_RTFP,1.6925744367579654
Yam Tuber,2018-10-01,2018-09-01,-0.8660254037844386,0.5000000000000001,-3.558692210136527,-0.24661213597196863,1.1717251114516714,-3.04658317556159,,0.0,1,0,0,141,WB_RTFP,13.086761337554066
Agric Hen Eggs (Crate of 30 Pieces),2018-11-01,2018-10-01,-0.5000000000000004,0.8660254037844384,-0.9414815262053566,-0.6385818134809762,-1.9656991083286113,2.9798935784441483,,0.0,1,0,0,142,WB_RTFP,0.757771976580135
Beans Brown,2018-11-01,2018-10-01,-0.5000000000000004,0.8660254037844384,-7.028458986438579,-8.171735144268977,-4.726358990417701,5.27690273402559,,0.0,1,0,0,142,WB_RTFP,-3.0013847186605602
Beef Boneless,2018-11-01,2018-10-01,-0.5000000000000004,0.8660254037844384,2.852061464273792,-0.7755409905927491,-2.9006836705538497,0.7693351230513956,,0.0,1,0,0,142,WB_RTFP,0.0876296952186939
Garri White,2018-11-01,2018-10-01,-0.5000000000000004,0.8660254037844384,-3.3791871286579678,-6.688011832811092,-2.669613865016407,-9.285856083053313,,0.0,1,0,0,142,WB_RTFP,1.8983222143523104
Goat Meat Bone-In,2018-11-01,2018-10-01,-0.5000000000000004,0.8660254037844384,-2.3968159663444566,-0.338317249672504,-1.43470721697323,1.5321675687321568,,0.0,1,0,0,142,WB_RTFP,4.077076524573164
Maize White Grain,2018-11-01,2018-10-01,-0.5000000000000004,0.8660254037844384,-4.233675870988229,-1.2217087237340163,-2.872478137184653,-6.152028228938999,,0.0,1,0,0,142,WB_RTFP,-4.502229173484517
Onions Fresh,2018-11-01,2018-10-01,-0.5000000000000004,0.8660254037844384,-2.00653714603628,-3.340633929684489,8.59368052781273,8.314584724359175,,0.0,1,0,0,142,WB_RTFP,7.337199159737584
Rice Long-Grain Imported,2018-11-01,2018-10-01,-0.5000000000000004,0.8660254037844384,1.6925744367579654,1.1773964416150973,-1.050199046463396,-2.4107453775471077,,,0,0,1,142,WB_RTFP,-1.1213445073977035
Yam Tuber,2018-11-01,2018-10-01,-0.5000000000000004,0.8660254037844384,13.086761337554066,-3.558692210136527,-0.24661213597196863,-0.09859424854790078,,0.0,1,0,0,142,WB_RTFP,0.24152190758202075
Agric Hen Eggs (Crate of 30 Pieces),2018-12-01,2018-11-01,-2.4492935982947064e-16,1.0,0.757771976580135,-0.9414815262053566,-0.6385818134809762,0.3711498803437241,,0.0,1,0,0,143,WB_RTFP,1.2005640254631134
Beans Brown,2018-12-01,2018-11-01,-2.4492935982947064e-16,1.0,-3.0013847186605602,-7.028458986438579,-8.171735144268977,-4.236681523293728,,0.0,1,0,0,143,WB_RTFP,-2.1363096189529696
Beef Boneless,2018-12-01,2018-11-01,-2.4492935982947064e-16,1.0,0.0876296952186939,2.852061464273792,-0.7755409905927491,2.124105488139083,,0.0,1,0,0,143,WB_RTFP,1.3736906999378906
Garri White,2018-12-01,2018-11-01,-2.4492935982947064e-16,1.0,1.8983222143523104,-3.3791871286579678,-6.688011832811092,-3.245652569769897,,0.0,1,0,0,143,WB_RTFP,-4.98217267401645
Goat Meat Bone-In,2018-12-01,2018-11-01,-2.4492935982947064e-16,1.0,4.077076524573164,-2.3968159663444566,-0.338317249672504,-0.5971566142612295,,0.0,1,0,0,143,WB_RTFP,3.40669194802683
Maize White Grain,2018-12-01,2018-11-01,-2.4492935982947064e-16,1.0,-4.502229173484517,-4.233675870988229,-1.2217087237340163,-2.9725490347774275,,0.0,0,0,0,143,WB_RTFP,-1.7387956826063755
Onions Fresh,2018-12-01,2018-11-01,-2.4492935982947064e-16,1.0,7.337199159737584,-2.00653714603628,-3.340633929684489,-8.439283636359573,,0.0,1,0,0,143,WB_RTFP,0.6255867881455712
Rice Long-Grain Imported,2018-12-01,2018-11-01,-2.4492935982947064e-16,1.0,-1.1213445073977035,1.6925744367579654,1.1773964416150973,-0.2631627224032651,,,0,0,1,143,WB_RTFP,-1.0808936084443554
Yam Tuber,2018-12-01,2018-11-01,-2.4492935982947064e-16,1.0,0.24152190758202075,13.086761337554066,-3.558692210136527,-2.3944175382384247,,0.0,0,0,0,143,WB_RTFP,-4.488992507280232
Agric Hen Eggs (Crate of 30 Pieces),2019-01-01,2018-12-01,0.49999999999999994,0.8660254037844387,1.2005640254631134,0.757771976580135,-0.9414815262053566,1.3050756660982765,,0.0,0,0,0,144,WB_RTFP,0.8624567161573449
Beans Brown,2019-01-01,2018-12-01,0.49999999999999994,0.8660254037844387,-2.1363096189529696,-3.0013847186605602,-7.028458986438579,3.8818186587553205,,0.0,0,0,0,144,WB_RTFP,-6.003076447228162
Beef Boneless,2019-01-01,2018-12-01,0.49999999999999994,0.8660254037844387,1.3736906999378906,0.0876296952186939,2.852061464273792,1.3103920200289831,,0.0,1,0,0,144,WB_RTFP,0.27525972956836675
Garri White,2019-01-01,2018-12-01,0.49999999999999994,0.8660254037844387,-4.98217267401645,1.8983222143523104,-3.3791871286579678,-3.729426166520722,,0.0,0,0,0,144,WB_RTFP,-0.4331435800126737
Goat Meat Bone-In,2019-01-01,2018-12-01,0.49999999999999994,0.8660254037844387,3.40669194802683,4.077076524573164,-2.3968159663444566,-1.330559638002493,,0.0,1,0,0,144,WB_RTFP,-1.3418836330303163
Maize White Grain,2019-01-01,2018-12-01,0.49999999999999994,0.8660254037844387,-1.7387956826063755,-4.502229173484517,-4.233675870988229,2.219621976549946,,0.0,0,0,0,144,WB_RTFP,-1.6463701162310107
Onions Fresh,2019-01-01,2018-12-01,0.49999999999999994,0.8660254037844387,0.6255867881455712,7.337199159737584,-2.00653714603628,-2.8760964805292555,,0.0,1,0,0,144,WB_RTFP,-4.756033894700861
Rice Long-Grain Imported,2019-01-01,2018-12-01,0.49999999999999994,0.8660254037844387,-1.0808936084443554,-1.1213445073977035,1.6925744367579654,-1.420125342940315,,,0,0,1,144,WB_RTFP,-1.4755899128861327
Yam Tuber,2019-01-01,2018-12-01,0.49999999999999994,0.8660254037844387,-4.488992507280232,0.24152190758202075,13.086761337554066,6.430342578591475,,0.0,0,0,0,144,WB_RTFP,7.162121269380806
Agric Hen Eggs (Crate of 30 Pieces),2019-02-01,2019-01-01,0.8660254037844386,0.5000000000000001,0.8624567161573449,1.2005640254631134,0.757771976580135,-1.0536804641936293,,0.0,0,0,0,145,WB_RTFP,-0.44551133564824097
Beans Brown,2019-02-01,2019-01-01,0.8660254037844386,0.5000000000000001,-6.003076447228162,-2.1363096189529696,-3.0013847186605602,7.011849931320091,,0.0,0,0,0,145,WB_RTFP,-2.110024030677682
Beef Boneless,2019-02-01,2019-01-01,0.8660254037844386,0.5000000000000001,0.27525972956836675,1.3736906999378906,0.0876296952186939,-0.04188314896390599,,0.0,0,0,0,145,WB_RTFP,-0.7055488890582162
Garri White,2019-02-01,2019-01-01,0.8660254037844386,0.5000000000000001,-0.4331435800126737,-4.98217267401645,1.8983222143523104,-1.9563255143736802,,0.0,0,0,0,145,WB_RTFP,-0.1851336919360791
Goat Meat Bone-In,2019-02-01,2019-01-01,0.8660254037844386,0.5000000000000001,-1.3418836330303163,3.40669194802683,4.077076524573164,2.1213589281446454,,0.0,0,0,0,145,WB_RTFP,-0.3273606892531755
Maize White Grain,2019-02-01,2019-01-01,0.8660254037844386,0.5000000000000001,-1.6463701162310107,-1.7387956826063755,-4.502229173484517,1.055875911910542,,0.0,0,0,0,145,WB_RTFP,0.054109127749368824
Onions Fresh,2019-02-01,2019-01-01,0.8660254037844386,0.5000000000000001,-4.756033894700861,0.6255867881455712,7.337199159737584,-9.384853983662245,,0.0,1,0,0,145,WB_RTFP,-2.04565181398102
Rice Long-Grain Imported,2019-02-01,2019-01-01,0.8660254037844386,0.5000000000000001,-1.4755899128861327,-1.0808936084443554,-1.1213445073977035,-0.021146313096376268,,,0,0,1,145,WB_RTFP,-0.9492100163958961
Yam Tuber,2019-02-01,2019-01-01,0.8660254037844386,0.5000000000000001,7.162121269380806,-4.488992507280232,0.24152190758202075,-3.7577100996186497,,0.0,0,0,0,145,WB_RTFP,-1.0533081686404988
Agric Hen Eggs (Crate of 30 Pieces),2019-03-01,2019-02-01,1.0,6.123233995736766e-17,-0.44551133564824097,0.8624567161573449,1.2005640254631134,-2.515706487877889,,0.0,0,1,0,146,WB_RTFP,-1.843160986206016
Beans Brown,2019-03-01,2019-02-01,1.0,6.123233995736766e-17,-2.110024030677682,-6.003076447228162,-2.1363096189529696,1.8025499080246865,,0.0,0,0,0,146,WB_RTFP,-1.338653388823452
Beef Boneless,2019-03-01,2019-02-01,1.0,6.123233995736766e-17,-0.7055488890582162,0.27525972956836675,1.3736906999378906,0.15702547714533388,,0.0,0,0,0,146,WB_RTFP,-0.9167645401742086
Garri White,2019-03-01,2019-02-01,1.0,6.123233995736766e-17,-0.1851336919360791,-0.4331435800126737,-4.98217267401645,-4.134380990698883,,0.0,0,1,0,146,WB_RTFP,-1.6563466253719517
Goat Meat Bone-In,2019-03-01,2019-02-01,1.0,6.123233995736766e-17,-0.3273606892531755,-1.3418836330303163,3.40669194802683,1.1651541772111251,,0.0,0,0,0,146,WB_RTFP,0.007771729530947624
Maize White Grain,2019-03-01,2019-02-01,1.0,6.123233995736766e-17,0.054109127749368824,-1.6463701162310107,-1.7387956826063755,0.23175865452620403,,0.0,0,0,0,146,WB_RTFP,0.2144784457216442
Onions Fresh,2019-03-01,2019-02-01,1.0,6.123233995736766e-17,-2.04565181398102,-4.756033894700861,0.6255867881455712,-0.7277066223935535,,0.0,0,0,0,146,WB_RTFP,-2.340119573387578
Rice Long-Grain Imported,2019-03-01,2019-02-01,1.0,6.123233995736766e-17,-0.9492100163958961,-1.4755899128861327,-1.0808936084443554,-0.4166485226103078,,,0,0,1,146,WB_RTFP,0.27963298969537753
Yam Tuber,2019-03-01,2019-02-01,1.0,6.123233995736766e-17,-1.0533081686404988,7.162121269380806,-4.488992507280232,0.3382460807939802,,0.0,0,1,0,146,WB_RTFP,2.3848243276535896
Agric Hen Eggs (Crate of 30 Pieces),2019-04-01,2019-03-01,0.8660254037844387,-0.4999999999999998,-1.843160986206016,-0.44551133564824097,0.8624567161573449,-0.980166108917413,,0.0,0,1,0,147,WB_RTFP,-0.27868878543698683
Beans Brown,2019-04-01,2019-03-01,0.8660254037844387,-0.4999999999999998,-1.338653388823452,-2.110024030677682,-6.003076447228162,-0.01802049928373295,,0.0,0,1,0,147,WB_RTFP,-9.331011240349651
Beef Boneless,2019-04-01,2019-03-01,0.8660254037844387,-0.4999999999999998,-0.9167645401742086,-0.7055488890582162,0.27525972956836675,-1.8403550309938232,,0.0,0,0,0,147,WB_RTFP,-0.3943283802638087
Garri White,2019-04-01,2019-03-01,0.8660254037844387,-0.4999999999999998,-1.6563466253719517,-0.1851336919360791,-0.4331435800126737,-0.9709031479209429,,0.0,0,1,0,147,WB_RTFP,-1.4888381515331117
Goat Meat Bone-In,2019-04-01,2019-03-01,0.8660254037844387,-0.4999999999999998,0.007771729530947624,-0.3273606892531755,-1.3418836330303163,-3.2757160599950597,,0.0,0,0,0,147,WB_RTFP,-0.1310708439784758
Maize White Grain,2019-04-01,2019-03-01,0.8660254037844387,-0.4999999999999998,0.2144784457216442,0.054109127749368824,-1.6463701162310107,3.4706519384882117,,0.0,0,0,0,147,WB_RTFP,-0.18726699267120894
Onions Fresh,2019-04-01,2019-03-01,0.8660254037844387,-0.4999999999999998,-2.340119573387578,-2.04565181398102,-4.756033894700861,5.532219043989439,,0.0,0,0,0,147,WB_RTFP,0.23916042104821233
Rice Long-Grain Imported,2019-04-01,2019-03-01,0.8660254037844387,-0.4999999999999998,0.27963298969537753,-0.9492100163958961,-1.4755899128861327,-0.8885588267392719,,,0,0,1,147,WB_RTFP,1.782139587928988
Yam Tuber,2019-04-01,2019-03-01,0.8660254037844387,-0.4999999999999998,2.3848243276535896,-1.0533081686404988,7.162121269380806,11.97723005119784,,0.0,0,1,0,147,WB_RTFP,1.912511030834474
Agric Hen Eggs (Crate of 30 Pieces),2019-05-01,2019-04-01,0.49999999999999994,-0.8660254037844387,-0.27868878543698683,-1.843160986206016,-0.44551133564824097,-0.36730321242126607,,0.0,0,1,0,148,WB_RTFP,0.43336577745698435
Beans Brown,2019-05-01,2019-04-01,0.49999999999999994,-0.8660254037844387,-9.331011240349651,-1.338653388823452,-2.110024030677682,-5.668275318307792,,0.0,0,1,0,148,WB_RTFP,-7.36046162462517
Beef Boneless,2019-05-01,2019-04-01,0.49999999999999994,-0.8660254037844387,-0.3943283802638087,-0.9167645401742086,-0.7055488890582162,1.5874439596473833,,0.0,0,0,0,148,WB_RTFP,-1.189838888232353
Garri White,2019-05-01,2019-04-01,0.49999999999999994,-0.8660254037844387,-1.4888381515331117,-1.6563466253719517,-0.1851336919360791,5.49549925740711,,0.0,0,1,0,148,WB_RTFP,0.4568554977697703
Goat Meat Bone-In,2019-05-01,2019-04-01,0.49999999999999994,-0.8660254037844387,-0.1310708439784758,0.007771729530947624,-0.3273606892531755,-2.6341528301591532,,0.0,0,0,0,148,WB_RTFP,-0.8560100175444285
Maize White Grain,2019-05-01,2019-04-01,0.49999999999999994,-0.8660254037844387,-0.18726699267120894,0.2144784457216442,0.054109127749368824,0.5101039279770125,,0.0,0,1,0,148,WB_RTFP,0.741500808679918
Onions Fresh,2019-05-01,2019-04-01,0.49999999999999994,-0.8660254037844387,0.23916042104821233,-2.340119573387578,-2.04565181398102,1.0044182231863985,,0.0,0,0,0,148,WB_RTFP,-8.815003950335655
Rice Long-Grain Imported,2019-05-01,2019-04-01,0.49999999999999994,-0.8660254037844387,1.782139587928988,0.27963298969537753,-0.9492100163958961,0.8572248471743649,,,0,0,1,148,WB_RTFP,1.7171360498683397
Yam Tuber,2019-05-01,2019-04-01,0.49999999999999994,-0.8660254037844387,1.912511030834474,2.3848243276535896,-1.0533081686404988,1.328264320749284,,0.0,0,1,0,148,WB_RTFP,0.9166438741935456
Agric Hen Eggs (Crate of 30 Pieces),2019-06-01,2019-05-01,1.2246467991473532e-16,-1.0,0.43336577745698435,-0.27868878543698683,-1.843160986206016,2.2187834683261576,,0.0,0,0,0,149,WB_RTFP,0.2630906925172649
Beans Brown,2019-06-01,2019-05-01,1.2246467991473532e-16,-1.0,-7.36046162462517,-9.331011240349651,-1.338653388823452,-11.076590686930599,,0.0,0,1,0,149,WB_RTFP,-5.1919904967083985
Beef Boneless,2019-06-01,2019-05-01,1.2246467991473532e-16,-1.0,-1.189838888232353,-0.3943283802638087,-0.9167645401742086,-1.6882367051743064,,0.0,0,0,0,149,WB_RTFP,-0.4842831846102902
Garri White,2019-06-01,2019-05-01,1.2246467991473532e-16,-1.0,0.4568554977697703,-1.4888381515331117,-1.6563466253719517,-1.546887821684917,,0.0,0,0,0,149,WB_RTFP,-5.142090976490565
Goat Meat Bone-In,2019-06-01,2019-05-01,1.2246467991473532e-16,-1.0,-0.8560100175444285,-0.1310708439784758,0.007771729530947624,0.45123778985900476,,0.0,0,0,0,149,WB_RTFP,-1.209232483961098
Maize White Grain,2019-06-01,2019-05-01,1.2246467991473532e-16,-1.0,0.741500808679918,-0.18726699267120894,0.2144784457216442,-2.5809867433323364,,0.0,0,1,0,149,WB_RTFP,-4.756532581837125
Onions Fresh,2019-06-01,2019-05-01,1.2246467991473532e-16,-1.0,-8.815003950335655,0.23916042104821233,-2.340119573387578,0.5367014470508247,,0.0,0,0,0,149,WB_RTFP,-4.603343556610073
Rice Long-Grain Imported,2019-06-01,2019-05-01,1.2246467991473532e-16,-1.0,1.7171360498683397,1.782139587928988,0.27963298969537753,0.6121722022428999,,,0,0,1,149,WB_RTFP,-0.13983652280665781
Yam Tuber,2019-06-01,2019-05-01,1.2246467991473532e-16,-1.0,0.9166438741935456,1.912511030834474,2.3848243276535896,-0.2100775737983951,,0.0,0,0,0,149,WB_RTFP,0.4729972783818148
Agric Hen Eggs (Crate of 30 Pieces),2019-07-01,2019-06-01,-0.4999999999999997,-0.8660254037844388,0.2630906925172649,0.43336577745698435,-0.27868878543698683,-0.18133125140530337,,0.0,0,0,0,150,WB_RTFP,0.07327935096470561
Beans Brown,2019-07-01,2019-06-01,-0.4999999999999997,-0.8660254037844388,-5.1919904967083985,-7.36046162462517,-9.331011240349651,-11.05009493604433,,0.0,0,0,0,150,WB_RTFP,-2.2510536423035132
Beef Boneless,2019-07-01,2019-06-01,-0.4999999999999997,-0.8660254037844388,-0.4842831846102902,-1.189838888232353,-0.3943283802638087,-1.9002440913774232,,0.0,0,1,0,150,WB_RTFP,-0.23894181593355768
Garri White,2019-07-01,2019-06-01,-0.4999999999999997,-0.8660254037844388,-5.142090976490565,0.4568554977697703,-1.4888381515331117,-2.2977428810594835,,0.0,0,0,0,150,WB_RTFP,1.5444204050695909
Goat Meat Bone-In,2019-07-01,2019-06-01,-0.4999999999999997,-0.8660254037844388,-1.209232483961098,-0.8560100175444285,-0.1310708439784758,-3.088116220052428,,0.0,0,1,0,150,WB_RTFP,-1.4268066444240168
Maize White Grain,2019-07-01,2019-06-01,-0.4999999999999997,-0.8660254037844388,-4.756532581837125,0.741500808679918,-0.18726699267120894,-2.673310035934251,,0.0,0,1,0,150,WB_RTFP,-5.133987445270871
Onions Fresh,2019-07-01,2019-06-01,-0.4999999999999997,-0.8660254037844388,-4.603343556610073,-8.815003950335655,0.23916042104821233,-1.8500594671276294,,0.0,0,1,0,150,WB_RTFP,2.999043626280451
Rice Long-Grain Imported,2019-07-01,2019-06-01,-0.4999999999999997,-0.8660254037844388,-0.13983652280665781,1.7171360498683397,1.782139587928988,-0.06119915263838038,,,0,0,1,150,WB_RTFP,-1.478558614002834
Yam Tuber,2019-07-01,2019-06-01,-0.4999999999999997,-0.8660254037844388,0.4729972783818148,0.9166438741935456,1.912511030834474,1.1717251114516714,,0.0,0,0,0,150,WB_RTFP,2.761747317320973
Agric Hen Eggs (Crate of 30 Pieces),2019-08-01,2019-07-01,-0.8660254037844384,-0.5000000000000004,0.07327935096470561,0.2630906925172649,0.43336577745698435,-1.9656991083286113,,0.0,0,0,0,151,WB_RTFP,-0.6236124172706692
Beans Brown,2019-08-01,2019-07-01,-0.8660254037844384,-0.5000000000000004,-2.2510536423035132,-5.1919904967083985,-7.36046162462517,-4.726358990417701,,0.0,0,0,0,151,WB_RTFP,-1.7257949752777946
Beef Boneless,2019-08-01,2019-07-01,-0.8660254037844384,-0.5000000000000004,-0.23894181593355768,-0.4842831846102902,-1.189838888232353,-2.9006836705538497,,0.0,0,1,0,151,WB_RTFP,-0.41398912205711236
Garri White,2019-08-01,2019-07-01,-0.8660254037844384,-0.5000000000000004,1.5444204050695909,-5.142090976490565,0.4568554977697703,-2.669613865016407,,0.0,0,0,0,151,WB_RTFP,0.04577845091928712
Goat Meat Bone-In,2019-08-01,2019-07-01,-0.8660254037844384,-0.5000000000000004,-1.4268066444240168,-1.209232483961098,-0.8560100175444285,-1.43470721697323,,0.0,0,1,0,151,WB_RTFP,0.03776675266873308
Maize White Grain,2019-08-01,2019-07-01,-0.8660254037844384,-0.5000000000000004,-5.133987445270871,-4.756532581837125,0.741500808679918,-2.872478137184653,,0.0,0,0,0,151,WB_RTFP,2.1367775201097228
Onions Fresh,2019-08-01,2019-07-01,-0.8660254037844384,-0.5000000000000004,2.999043626280451,-4.603343556610073,-8.815003950335655,8.59368052781273,,0.0,0,1,0,151,WB_RTFP,-2.806019656737091
Rice Long-Grain Imported,2019-08-01,2019-07-01,-0.8660254037844384,-0.5000000000000004,-1.478558614002834,-0.13983652280665781,1.7171360498683397,-1.050199046463396,,,0,0,1,151,WB_RTFP,0.6975572421240805
Yam Tuber,2019-08-01,2019-07-01,-0.8660254037844384,-0.5000000000000004,2.761747317320973,0.4729972783818148,0.9166438741935456,-0.24661213597196863,,0.0,1,0,0,151,WB_RTFP,-2.9875210873284486
Agric Hen Eggs (Crate of 30 Pieces),2019-09-01,2019-08-01,-1.0,-1.8369701987210297e-16,-0.6236124172706692,0.07327935096470561,0.2630906925172649,-0.6385818134809762,,0.0,0,0,0,152,WB_RTFP,-1.9592140262563174
Beans Brown,2019-09-01,2019-08-01,-1.0,-1.8369701987210297e-16,-1.7257949752777946,-2.2510536423035132,-5.1919904967083985,-8.171735144268977,,0.0,0,0,0,152,WB_RTFP,2.551112287684254
Beef Boneless,2019-09-01,2019-08-01,-1.0,-1.8369701987210297e-16,-0.41398912205711236,-0.23894181593355768,-0.4842831846102902,-0.7755409905927491,,0.0,0,0,0,152,WB_RTFP,0.5787762980534072
Garri White,2019-09-01,2019-08-01,-1.0,-1.8369701987210297e-16,0.04577845091928712,1.5444204050695909,-5.142090976490565,-6.688011832811092,,0.0,1,0,0,152,WB_RTFP,-1.743283341321511
Goat Meat Bone-In,2019-09-01,2019-08-01,-1.0,-1.8369701987210297e-16,0.03776675266873308,-1.4268066444240168,-1.209232483961098,-0.338317249672504,,0.0,0,0,0,152,WB_RTFP,0.5132430580408576
Maize White Grain,2019-09-01,2019-08-01,-1.0,-1.8369701987210297e-16,2.1367775201097228,-5.133987445270871,-4.756532581837125,-1.2217087237340163,,0.0,1,0,0,152,WB_RTFP,3.341033639242119
Onions Fresh,2019-09-01,2019-08-01,-1.0,-1.8369701987210297e-16,-2.806019656737091,2.999043626280451,-4.603343556610073,-3.340633929684489,,0.0,0,1,0,152,WB_RTFP,-4.75428698463054
Rice Long-Grain Imported,2019-09-01,2019-08-01,-1.0,-1.8369701987210297e-16,0.6975572421240805,-1.478558614002834,-0.13983652280665781,1.1773964416150973,,,0,0,1,152,WB_RTFP,3.378950506312206
Yam Tuber,2019-09-01,2019-08-01,-1.0,-1.8369701987210297e-16,-2.9875210873284486,2.761747317320973,0.4729972783818148,-3.558692210136527,,0.0,1,0,0,152,WB_RTFP,-3.659316264614465
Agric Hen Eggs (Crate of 30 Pieces),2019-10-01,2019-09-01,-0.8660254037844386,0.5000000000000001,-1.9592140262563174,-0.6236124172706692,0.07327935096470561,-0.9414815262053566,,0.0,1,0,0,153,WB_RTFP,1.8695911298459045
Beans Brown,2019-10-01,2019-09-01,-0.8660254037844386,0.5000000000000001,2.551112287684254,-1.7257949752777946,-2.2510536423035132,-7.028458986438579,,0.0,1,0,0,153,WB_RTFP,-2.3939479215022375
Beef Boneless,2019-10-01,2019-09-01,-0.8660254037844386,0.5000000000000001,0.5787762980534072,-0.41398912205711236,-0.23894181593355768,2.852061464273792,,0.0,0,0,0,153,WB_RTFP,0.5280502496729733
Garri White,2019-10-01,2019-09-01,-0.8660254037844386,0.5000000000000001,-1.743283341321511,0.04577845091928712,1.5444204050695909,-3.3791871286579678,,0.0,1,0,0,153,WB_RTFP,0.7170888953436982
Goat Meat Bone-In,2019-10-01,2019-09-01,-0.8660254037844386,0.5000000000000001,0.5132430580408576,0.03776675266873308,-1.4268066444240168,-2.3968159663444566,,0.0,0,0,0,153,WB_RTFP,0.26815124357240094
Maize White Grain,2019-10-01,2019-09-01,-0.8660254037844386,0.5000000000000001,3.341033639242119,2.1367775201097228,-5.133987445270871,-4.233675870988229,,0.0,1,0,0,153,WB_RTFP,-0.16271649135829458
Onions Fresh,2019-10-01,2019-09-01,-0.8660254037844386,0.5000000000000001,-4.75428698463054,-2.806019656737091,2.999043626280451,-2.00653714603628,,0.0,0,0,0,153,WB_RTFP,2.956859096177955
Rice Long-Grain Imported,2019-10-01,2019-09-01,-0.8660254037844386,0.5000000000000001,3.378950506312206,0.6975572421240805,-1.478558614002834,1.6925744367579654,,,0,0,1,153,WB_RTFP,4.5005864423030895
Yam Tuber,2019-10-01,2019-09-01,-0.8660254037844386,0.5000000000000001,-3.659316264614465,-2.9875210873284486,2.761747317320973,13.086761337554066,,0.0,1,0,0,153,WB_RTFP,-0.5275684333527209
Agric Hen Eggs (Crate of 30 Pieces),2019-11-01,2019-10-01,-0.5000000000000004,0.8660254037844384,1.8695911298459045,-1.9592140262563174,-0.6236124172706692,0.757771976580135,,0.0,1,0,0,154,WB_RTFP,1.1685538423716668
Beans Brown,2019-11-01,2019-10-01,-0.5000000000000004,0.8660254037844384,-2.3939479215022375,2.551112287684254,-1.7257949752777946,-3.0013847186605602,,0.0,1,0,0,154,WB_RTFP,-1.1691092278158122
Beef Boneless,2019-11-01,2019-10-01,-0.5000000000000004,0.8660254037844384,0.5280502496729733,0.5787762980534072,-0.41398912205711236,0.0876296952186939,,0.0,1,0,0,154,WB_RTFP,0.8019983857891377
Garri White,2019-11-01,2019-10-01,-0.5000000000000004,0.8660254037844384,0.7170888953436982,-1.743283341321511,0.04577845091928712,1.8983222143523104,,0.0,1,0,0,154,WB_RTFP,0.6428617890256838
Goat Meat Bone-In,2019-11-01,2019-10-01,-0.5000000000000004,0.8660254037844384,0.26815124357240094,0.5132430580408576,0.03776675266873308,4.077076524573164,,0.0,1,0,0,154,WB_RTFP,0.40352954013944675
Maize White Grain,2019-11-01,2019-10-01,-0.5000000000000004,0.8660254037844384,-0.16271649135829458,3.341033639242119,2.1367775201097228,-4.502229173484517,,0.0,1,0,0,154,WB_RTFP,2.722597729049814
Onions Fresh,2019-11-01,2019-10-01,-0.5000000000000004,0.8660254037844384,2.956859096177955,-4.75428698463054,-2.806019656737091,7.337199159737584,,0.0,1,0,0,154,WB_RTFP,0.5453147354457677
Rice Long-Grain Imported,2019-11-01,2019-10-01,-0.5000000000000004,0.8660254037844384,4.5005864423030895,3.378950506312206,0.6975572421240805,-1.1213445073977035,,,0,0,1,154,WB_RTFP,4.16370979100531
Yam Tuber,2019-11-01,2019-10-01,-0.5000000000000004,0.8660254037844384,-0.5275684333527209,-3.659316264614465,-2.9875210873284486,0.24152190758202075,,0.0,1,0,0,154,WB_RTFP,-1.011340875385236
Agric Hen Eggs (Crate of 30 Pieces),2019-12-01,2019-11-01,-2.4492935982947064e-16,1.0,1.1685538423716668,1.8695911298459045,-1.9592140262563174,1.2005640254631134,,0.0,1,0,0,155,WB_RTFP,1.2377155212528024
Beans Brown,2019-12-01,2019-11-01,-2.4492935982947064e-16,1.0,-1.1691092278158122,-2.3939479215022375,2.551112287684254,-2.1363096189529696,,0.0,1,0,0,155,WB_RTFP,-5.002403262234667
Beef Boneless,2019-12-01,2019-11-01,-2.4492935982947064e-16,1.0,0.8019983857891377,0.5280502496729733,0.5787762980534072,1.3736906999378906,,0.0,1,0,0,155,WB_RTFP,-0.3723030664818161
Garri White,2019-12-01,2019-11-01,-2.4492935982947064e-16,1.0,0.6428617890256838,0.7170888953436982,-1.743283341321511,-4.98217267401645,,0.0,1,0,0,155,WB_RTFP,-0.33125268646396755
Goat Meat Bone-In,2019-12-01,2019-11-01,-2.4492935982947064e-16,1.0,0.40352954013944675,0.26815124357240094,0.5132430580408576,3.40669194802683,,0.0,1,0,0,155,WB_RTFP,0.2131269019689963
Maize White Grain,2019-12-01,2019-11-01,-2.4492935982947064e-16,1.0,2.722597729049814,-0.16271649135829458,3.341033639242119,-1.7387956826063755,,0.0,0,0,0,155,WB_RTFP,-2.1505175485500683
Onions Fresh,2019-12-01,2019-11-01,-2.4492935982947064e-16,1.0,0.5453147354457677,2.956859096177955,-4.75428698463054,0.6255867881455712,,0.0,1,0,0,155,WB_RTFP,3.293144056770747
Rice Long-Grain Imported,2019-12-01,2019-11-01,-2.4492935982947064e-16,1.0,4.16370979100531,4.5005864423030895,3.378950506312206,-1.0808936084443554,,,0,0,1,155,WB_RTFP,1.7366228231269876
Yam Tuber,2019-12-01,2019-11-01,-2.4492935982947064e-16,1.0,-1.011340875385236,-0.5275684333527209,-3.659316264614465,-4.488992507280232,,0.0,0,0,0,155,WB_RTFP,-0.9494675560882793
Agric Hen Eggs (Crate of 30 Pieces),2020-01-01,2019-12-01,0.49999999999999994,0.8660254037844387,1.2377155212528024,1.1685538423716668,1.8695911298459045,0.8624567161573449,,0.0,0,0,0,156,WB_RTFP,0.6025140095263781
Beans Brown,2020-01-01,2019-12-01,0.49999999999999994,0.8660254037844387,-5.002403262234667,-1.1691092278158122,-2.3939479215022375,-6.003076447228162,,0.0,0,0,0,156,WB_RTFP,-3.9833534025843553
Beef Boneless,2020-01-01,2019-12-01,0.49999999999999994,0.8660254037844387,-0.3723030664818161,0.8019983857891377,0.5280502496729733,0.27525972956836675,,0.0,1,0,0,156,WB_RTFP,0.5525227854486836
Garri White,2020-01-01,2019-12-01,0.49999999999999994,0.8660254037844387,-0.33125268646396755,0.6428617890256838,0.7170888953436982,-0.4331435800126737,,0.0,0,0,0,156,WB_RTFP,0.3871208676507587
Goat Meat Bone-In,2020-01-01,2019-12-01,0.49999999999999994,0.8660254037844387,0.2131269019689963,0.40352954013944675,0.26815124357240094,-1.3418836330303163,,0.0,1,0,0,156,WB_RTFP,0.6590431437265121
Maize White Grain,2020-01-01,2019-12-01,0.49999999999999994,0.8660254037844387,-2.1505175485500683,2.722597729049814,-0.16271649135829458,-1.6463701162310107,,0.0,0,0,0,156,WB_RTFP,1.9093970061494936
Onions Fresh,2020-01-01,2019-12-01,0.49999999999999994,0.8660254037844387,3.293144056770747,0.5453147354457677,2.956859096177955,-4.756033894700861,,0.0,1,0,0,156,WB_RTFP,7.974661140691164
Rice Long-Grain Imported,2020-01-01,2019-12-01,0.49999999999999994,0.8660254037844387,1.7366228231269876,4.16370979100531,4.5005864423030895,-1.4755899128861327,,,0,0,1,156,WB_RTFP,4.208022175264081
Yam Tuber,2020-01-01,2019-12-01,0.49999999999999994,0.8660254037844387,-0.9494675560882793,-1.011340875385236,-0.5275684333527209,7.162121269380806,,0.0,0,0,0,156,WB_RTFP,2.2080999540875723
Agric Hen Eggs (Crate of 30 Pieces),2020-02-01,2020-01-01,0.8660254037844386,0.5000000000000001,0.6025140095263781,1.2377155212528024,1.1685538423716668,-0.44551133564824097,,0.0,0,0,0,157,WB_RTFP,-0.5255763661330071
Beans Brown,2020-02-01,2020-01-01,0.8660254037844386,0.5000000000000001,-3.9833534025843553,-5.002403262234667,-1.1691092278158122,-2.110024030677682,,0.0,0,0,0,157,WB_RTFP,0.942440284151802
Beef Boneless,2020-02-01,2020-01-01,0.8660254037844386,0.5000000000000001,0.5525227854486836,-0.3723030664818161,0.8019983857891377,-0.7055488890582162,,0.0,0,0,0,157,WB_RTFP,-0.3151965683351521
Garri White,2020-02-01,2020-01-01,0.8660254037844386,0.5000000000000001,0.3871208676507587,-0.33125268646396755,0.6428617890256838,-0.1851336919360791,,0.0,0,0,0,157,WB_RTFP,1.2653735610938188
Goat Meat Bone-In,2020-02-01,2020-01-01,0.8660254037844386,0.5000000000000001,0.6590431437265121,0.2131269019689963,0.40352954013944675,-0.3273606892531755,,0.0,0,0,0,157,WB_RTFP,0.4805630860406085
Maize White Grain,2020-02-01,2020-01-01,0.8660254037844386,0.5000000000000001,1.9093970061494936,-2.1505175485500683,2.722597729049814,0.054109127749368824,,0.0,0,0,0,157,WB_RTFP,0.6321118436380946
Onions Fresh,2020-02-01,2020-01-01,0.8660254037844386,0.5000000000000001,7.974661140691164,3.293144056770747,0.5453147354457677,-2.04565181398102,,0.0,1,0,0,157,WB_RTFP,1.0184693182019977
Rice Long-Grain Imported,2020-02-01,2020-01-01,0.8660254037844386,0.5000000000000001,4.208022175264081,1.7366228231269876,4.16370979100531,-0.9492100163958961,,,0,0,1,157,WB_RTFP,-0.45642067103985884
Yam Tuber,2020-02-01,2020-01-01,0.8660254037844386,0.5000000000000001,2.2080999540875723,-0.9494675560882793,-1.011340875385236,-1.0533081686404988,,0.0,0,0,0,157,WB_RTFP,-1.9698244145116894
Agric Hen Eggs (Crate of 30 Pieces),2020-03-01,2020-02-01,1.0,6.123233995736766e-17,-0.5255763661330071,0.6025140095263781,1.2377155212528024,-1.843160986206016,,0.0,0,1,0,158,WB_RTFP,-0.5872576445878352
Beans Brown,2020-03-01,2020-02-01,1.0,6.123233995736766e-17,0.942440284151802,-3.9833534025843553,-5.002403262234667,-1.338653388823452,,0.0,0,0,0,158,WB_RTFP,-1.4263296880398957
Beef Boneless,2020-03-01,2020-02-01,1.0,6.123233995736766e-17,-0.3151965683351521,0.5525227854486836,-0.3723030664818161,-0.9167645401742086,,0.0,0,0,0,158,WB_RTFP,-0.9873556303330311
Garri White,2020-03-01,2020-02-01,1.0,6.123233995736766e-17,1.2653735610938188,0.3871208676507587,-0.33125268646396755,-1.6563466253719517,,0.0,0,1,0,158,WB_RTFP,3.515973242666637
Goat Meat Bone-In,2020-03-01,2020-02-01,1.0,6.123233995736766e-17,0.4805630860406085,0.6590431437265121,0.2131269019689963,0.007771729530947624,,0.0,0,0,0,158,WB_RTFP,-0.6272741053134245
Maize White Grain,2020-03-01,2020-02-01,1.0,6.123233995736766e-17,0.6321118436380946,1.9093970061494936,-2.1505175485500683,0.2144784457216442,,0.0,0,0,0,158,WB_RTFP,5.005119136262093
Onions Fresh,2020-03-01,2020-02-01,1.0,6.123233995736766e-17,1.0184693182019977,7.974661140691164,3.293144056770747,-2.340119573387578,,0.0,0,0,0,158,WB_RTFP,0.51613513897244
Rice Long-Grain Imported,2020-03-01,2020-02-01,1.0,6.123233995736766e-17,-0.45642067103985884,4.208022175264081,1.7366228231269876,0.27963298969537753,,,0,0,1,158,WB_RTFP,0.6576943369110966
Yam Tuber,2020-03-01,2020-02-01,1.0,6.123233995736766e-17,-1.9698244145116894,2.2080999540875723,-0.9494675560882793,2.3848243276535896,,0.0,0,1,0,158,WB_RTFP,7.0241185857758515
Agric Hen Eggs (Crate of 30 Pieces),2020-04-01,2020-03-01,0.8660254037844387,-0.4999999999999998,-0.5872576445878352,-0.5255763661330071,0.6025140095263781,-0.27868878543698683,,0.0,0,1,0,159,WB_RTFP,2.1773214578822753
Beans Brown,2020-04-01,2020-03-01,0.8660254037844387,-0.4999999999999998,-1.4263296880398957,0.942440284151802,-3.9833534025843553,-9.331011240349651,,0.0,0,1,0,159,WB_RTFP,4.759923744540395
Beef Boneless,2020-04-01,2020-03-01,0.8660254037844387,-0.4999999999999998,-0.9873556303330311,-0.3151965683351521,0.5525227854486836,-0.3943283802638087,,0.0,0,0,0,159,WB_RTFP,1.754096942788963
Garri White,2020-04-01,2020-03-01,0.8660254037844387,-0.4999999999999998,3.515973242666637,1.2653735610938188,0.3871208676507587,-1.4888381515331117,,0.0,0,1,0,159,WB_RTFP,20.5913469569575
Goat Meat Bone-In,2020-04-01,2020-03-01,0.8660254037844387,-0.4999999999999998,-0.6272741053134245,0.4805630860406085,0.6590431437265121,-0.1310708439784758,,0.0,0,0,0,159,WB_RTFP,1.0496280865938346
Maize White Grain,2020-04-01,2020-03-01,0.8660254037844387,-0.4999999999999998,5.005119136262093,0.6321118436380946,1.9093970061494936,-0.18726699267120894,,0.0,0,0,0,159,WB_RTFP,11.376891882908225
Onions Fresh,2020-04-01,2020-03-01,0.8660254037844387,-0.4999999999999998,0.51613513897244,1.0184693182019977,7.974661140691164,0.23916042104821233,,0.0,0,0,0,159,WB_RTFP,-1.658299163787802
Rice Long-Grain Imported,2020-04-01,2020-03-01,0.8660254037844387,-0.4999999999999998,0.6576943369110966,-0.45642067103985884,4.208022175264081,1.782139587928988,,,0,0,1,159,WB_RTFP,6.814556610144407
Yam Tuber,2020-04-01,2020-03-01,0.8660254037844387,-0.4999999999999998,7.0241185857758515,-1.9698244145116894,2.2080999540875723,1.912511030834474,,0.0,0,1,0,159,WB_RTFP,10.375943494031414
Agric Hen Eggs (Crate of 30 Pieces),2020-05-01,2020-04-01,0.49999999999999994,-0.8660254037844387,2.1773214578822753,-0.5872576445878352,-0.5255763661330071,0.43336577745698435,,0.0,0,1,0,160,WB_RTFP,-1.6875422959457764
Beans Brown,2020-05-01,2020-04-01,0.49999999999999994,-0.8660254037844387,4.759923744540395,-1.4263296880398957,0.942440284151802,-7.36046162462517,,0.0,0,1,0,160,WB_RTFP,6.7453984145136925
Beef Boneless,2020-05-01,2020-04-01,0.49999999999999994,-0.8660254037844387,1.754096942788963,-0.9873556303330311,-0.3151965683351521,-1.189838888232353,,0.0,0,0,0,160,WB_RTFP,0.7921207679710829
Garri White,2020-05-01,2020-04-01,0.49999999999999994,-0.8660254037844387,20.5913469569575,3.515973242666637,1.2653735610938188,0.4568554977697703,,0.0,0,1,0,160,WB_RTFP,7.745855843376281
Goat Meat Bone-In,2020-05-01,2020-04-01,0.49999999999999994,-0.8660254037844387,1.0496280865938346,-0.6272741053134245,0.4805630860406085,-0.8560100175444285,,0.0,0,0,0,160,WB_RTFP,0.8441407732395323
Maize White Grain,2020-05-01,2020-04-01,0.49999999999999994,-0.8660254037844387,11.376891882908225,5.005119136262093,0.6321118436380946,0.741500808679918,,0.0,0,1,0,160,WB_RTFP,6.946034752556907
Onions Fresh,2020-05-01,2020-04-01,0.49999999999999994,-0.8660254037844387,-1.658299163787802,0.51613513897244,1.0184693182019977,-8.815003950335655,,0.0,0,0,0,160,WB_RTFP,-3.6860572483841225
Rice Long-Grain Imported,2020-05-01,2020-04-01,0.49999999999999994,-0.8660254037844387,6.814556610144407,0.6576943369110966,-0.45642067103985884,1.7171360498683397,,,0,0,1,160,WB_RTFP,1.1673910820281908
Yam Tuber,2020-05-01,2020-04-01,0.49999999999999994,-0.8660254037844387,10.375943494031414,7.0241185857758515,-1.9698244145116894,0.9166438741935456,,0.0,0,1,0,160,WB_RTFP,7.649772079095962
Agric Hen Eggs (Crate of 30 Pieces),2020-06-01,2020-05-01,1.2246467991473532e-16,-1.0,-1.6875422959457764,2.1773214578822753,-0.5872576445878352,0.2630906925172649,,0.0,0,0,0,161,WB_RTFP,0.14933442760927118
Beans Brown,2020-06-01,2020-05-01,1.2246467991473532e-16,-1.0,6.7453984145136925,4.759923744540395,-1.4263296880398957,-5.1919904967083985,,0.0,0,1,0,161,WB_RTFP,13.580049230772717
Beef Boneless,2020-06-01,2020-05-01,1.2246467991473532e-16,-1.0,0.7921207679710829,1.754096942788963,-0.9873556303330311,-0.4842831846102902,,0.0,0,0,0,161,WB_RTFP,3.538838928799115
Garri White,2020-06-01,2020-05-01,1.2246467991473532e-16,-1.0,7.745855843376281,20.5913469569575,3.515973242666637,-5.142090976490565,,0.0,0,0,0,161,WB_RTFP,7.164778476980316
Goat Meat Bone-In,2020-06-01,2020-05-01,1.2246467991473532e-16,-1.0,0.8441407732395323,1.0496280865938346,-0.6272741053134245,-1.209232483961098,,0.0,0,0,0,161,WB_RTFP,1.4718872169999342
Maize White Grain,2020-06-01,2020-05-01,1.2246467991473532e-16,-1.0,6.946034752556907,11.376891882908225,5.005119136262093,-4.756532581837125,,0.0,0,1,0,161,WB_RTFP,10.1816297751534
Onions Fresh,2020-06-01,2020-05-01,1.2246467991473532e-16,-1.0,-3.6860572483841225,-1.658299163787802,0.51613513897244,-4.603343556610073,,0.0,0,0,0,161,WB_RTFP,-0.6230834892107073
Rice Long-Grain Imported,2020-06-01,2020-05-01,1.2246467991473532e-16,-1.0,1.1673910820281908,6.814556610144407,0.6576943369110966,-0.13983652280665781,,,0,0,1,161,WB_RTFP,1.480201822793159
Yam Tuber,2020-06-01,2020-05-01,1.2246467991473532e-16,-1.0,7.649772079095962,10.375943494031414,7.0241185857758515,0.4729972783818148,,0.0,0,0,0,161,WB_RTFP,5.249650061787725
Agric Hen Eggs (Crate of 30 Pieces),2020-07-01,2020-06-01,-0.4999999999999997,-0.8660254037844388,0.14933442760927118,-1.6875422959457764,2.1773214578822753,0.07327935096470561,,0.0,0,0,0,162,WB_RTFP,2.9778340258247216
Beans Brown,2020-07-01,2020-06-01,-0.4999999999999997,-0.8660254037844388,13.580049230772717,6.7453984145136925,4.759923744540395,-2.2510536423035132,,0.0,0,0,0,162,WB_RTFP,11.626115931878168
Beef Boneless,2020-07-01,2020-06-01,-0.4999999999999997,-0.8660254037844388,3.538838928799115,0.7921207679710829,1.754096942788963,-0.23894181593355768,,0.0,0,1,0,162,WB_RTFP,-1.1983890978464307
Garri White,2020-07-01,2020-06-01,-0.4999999999999997,-0.8660254037844388,7.164778476980316,7.745855843376281,20.5913469569575,1.5444204050695909,,0.0,0,0,0,162,WB_RTFP,2.698297341639111
Goat Meat Bone-In,2020-07-01,2020-06-01,-0.4999999999999997,-0.8660254037844388,1.4718872169999342,0.8441407732395323,1.0496280865938346,-1.4268066444240168,,0.0,0,1,0,162,WB_RTFP,0.4342681614847299
Maize White Grain,2020-07-01,2020-06-01,-0.4999999999999997,-0.8660254037844388,10.1816297751534,6.946034752556907,11.376891882908225,-5.133987445270871,,0.0,0,1,0,162,WB_RTFP,10.512190365394346
Onions Fresh,2020-07-01,2020-06-01,-0.4999999999999997,-0.8660254037844388,-0.6230834892107073,-3.6860572483841225,-1.658299163787802,2.999043626280451,,0.0,0,1,0,162,WB_RTFP,10.221211618826565
Rice Long-Grain Imported,2020-07-01,2020-06-01,-0.4999999999999997,-0.8660254037844388,1.480201822793159,1.1673910820281908,6.814556610144407,-1.478558614002834,,,0,0,1,162,WB_RTFP,6.598699512931194
Yam Tuber,2020-07-01,2020-06-01,-0.4999999999999997,-0.8660254037844388,5.249650061787725,7.649772079095962,10.375943494031414,2.761747317320973,,0.0,0,0,0,162,WB_RTFP,-0.6647134579370162
Agric Hen Eggs (Crate of 30 Pieces),2020-08-01,2020-07-01,-0.8660254037844384,-0.5000000000000004,2.9778340258247216,0.14933442760927118,-1.6875422959457764,-0.6236124172706692,,0.0,0,0,0,163,WB_RTFP,2.034915482422961
Beans Brown,2020-08-01,2020-07-01,-0.8660254037844384,-0.5000000000000004,11.626115931878168,13.580049230772717,6.7453984145136925,-1.7257949752777946,,0.0,0,0,0,163,WB_RTFP,8.093610902602922
Beef Boneless,2020-08-01,2020-07-01,-0.8660254037844384,-0.5000000000000004,-1.1983890978464307,3.538838928799115,0.7921207679710829,-0.41398912205711236,,0.0,0,1,0,163,WB_RTFP,-0.3725112899877647
Garri White,2020-08-01,2020-07-01,-0.8660254037844384,-0.5000000000000004,2.698297341639111,7.164778476980316,7.745855843376281,0.04577845091928712,,0.0,0,0,0,163,WB_RTFP,8.685182637318722
Goat Meat Bone-In,2020-08-01,2020-07-01,-0.8660254037844384,-0.5000000000000004,0.4342681614847299,1.4718872169999342,0.8441407732395323,0.03776675266873308,,0.0,0,1,0,163,WB_RTFP,-0.032605941263808
Maize White Grain,2020-08-01,2020-07-01,-0.8660254037844384,-0.5000000000000004,10.512190365394346,10.1816297751534,6.946034752556907,2.1367775201097228,,0.0,0,0,0,163,WB_RTFP,8.464589486164442
Onions Fresh,2020-08-01,2020-07-01,-0.8660254037844384,-0.5000000000000004,10.221211618826565,-0.6230834892107073,-3.6860572483841225,-2.806019656737091,,0.0,0,1,0,163,WB_RTFP,0.8644867992982253
Rice Long-Grain Imported,2020-08-01,2020-07-01,-0.8660254037844384,-0.5000000000000004,6.598699512931194,1.480201822793159,1.1673910820281908,0.6975572421240805,,,0,0,1,163,WB_RTFP,8.21256430646391
Yam Tuber,2020-08-01,2020-07-01,-0.8660254037844384,-0.5000000000000004,-0.6647134579370162,5.249650061787725,7.649772079095962,-2.9875210873284486,,0.0,1,0,0,163,WB_RTFP,-2.891048682053221
Agric Hen Eggs (Crate of 30 Pieces),2020-09-01,2020-08-01,-1.0,-1.8369701987210297e-16,2.034915482422961,2.9778340258247216,0.14933442760927118,-1.9592140262563174,,0.0,0,0,0,164,WB_RTFP,2.3125875113257033
Beans Brown,2020-09-01,2020-08-01,-1.0,-1.8369701987210297e-16,8.093610902602922,11.626115931878168,13.580049230772717,2.551112287684254,,0.0,0,0,0,164,WB_RTFP,5.823698112397402
Beef Boneless,2020-09-01,2020-08-01,-1.0,-1.8369701987210297e-16,-0.3725112899877647,-1.1983890978464307,3.538838928799115,0.5787762980534072,,0.0,0,0,0,164,WB_RTFP,1.1436037988399539
Garri White,2020-09-01,2020-08-01,-1.0,-1.8369701987210297e-16,8.685182637318722,2.698297341639111,7.164778476980316,-1.743283341321511,,0.0,1,0,0,164,WB_RTFP,2.3742111400331334
Goat Meat Bone-In,2020-09-01,2020-08-01,-1.0,-1.8369701987210297e-16,-0.032605941263808,0.4342681614847299,1.4718872169999342,0.5132430580408576,,0.0,0,0,0,164,WB_RTFP,2.425981085112605
Maize White Grain,2020-09-01,2020-08-01,-1.0,-1.8369701987210297e-16,8.464589486164442,10.512190365394346,10.1816297751534,3.341033639242119,,0.0,1,0,0,164,WB_RTFP,-0.24207276832782787
Onions Fresh,2020-09-01,2020-08-01,-1.0,-1.8369701987210297e-16,0.8644867992982253,10.221211618826565,-0.6230834892107073,-4.75428698463054,,0.0,0,1,0,164,WB_RTFP,-3.1355897340964445
Rice Long-Grain Imported,2020-09-01,2020-08-01,-1.0,-1.8369701987210297e-16,8.21256430646391,6.598699512931194,1.480201822793159,3.378950506312206,,,0,0,1,164,WB_RTFP,2.785665372319035
Yam Tuber,2020-09-01,2020-08-01,-1.0,-1.8369701987210297e-16,-2.891048682053221,-0.6647134579370162,5.249650061787725,-3.659316264614465,,0.0,1,0,0,164,WB_RTFP,-7.267649271934307
Agric Hen Eggs (Crate of 30 Pieces),2020-10-01,2020-09-01,-0.8660254037844386,0.5000000000000001,2.3125875113257033,2.034915482422961,2.9778340258247216,1.8695911298459045,,0.0,1,0,0,165,WB_RTFP,-2.7953404624081246
Beans Brown,2020-10-01,2020-09-01,-0.8660254037844386,0.5000000000000001,5.823698112397402,8.093610902602922,11.626115931878168,-2.3939479215022375,,0.0,1,0,0,165,WB_RTFP,-12.968276045029569
Beef Boneless,2020-10-01,2020-09-01,-0.8660254037844386,0.5000000000000001,1.1436037988399539,-0.3725112899877647,-1.1983890978464307,0.5280502496729733,,0.0,0,0,0,165,WB_RTFP,-1.9805603605377087
Garri White,2020-10-01,2020-09-01,-0.8660254037844386,0.5000000000000001,2.3742111400331334,8.685182637318722,2.698297341639111,0.7170888953436982,,0.0,1,0,0,165,WB_RTFP,0.7235881235797104
Goat Meat Bone-In,2020-10-01,2020-09-01,-0.8660254037844386,0.5000000000000001,2.425981085112605,-0.032605941263808,0.4342681614847299,0.26815124357240094,,0.0,0,0,0,165,WB_RTFP,-3.288107620996872
Maize White Grain,2020-10-01,2020-09-01,-0.8660254037844386,0.5000000000000001,-0.24207276832782787,8.464589486164442,10.512190365394346,-0.16271649135829458,,0.0,1,0,0,165,WB_RTFP,-9.54945833898152
Onions Fresh,2020-10-01,2020-09-01,-0.8660254037844386,0.5000000000000001,-3.1355897340964445,0.8644867992982253,10.221211618826565,2.956859096177955,,0.0,0,0,0,165,WB_RTFP,-8.626581816492685
Rice Long-Grain Imported,2020-10-01,2020-09-01,-0.8660254037844386,0.5000000000000001,2.785665372319035,8.21256430646391,6.598699512931194,4.5005864423030895,,,0,0,1,165,WB_RTFP,1.8237391075972331
Yam Tuber,2020-10-01,2020-09-01,-0.8660254037844386,0.5000000000000001,-7.267649271934307,-2.891048682053221,-0.6647134579370162,-0.5275684333527209,,0.0,1,0,0,165,WB_RTFP,-3.857879039668355
Agric Hen Eggs (Crate of 30 Pieces),2020-11-01,2020-10-01,-0.5000000000000004,0.8660254037844384,-2.7953404624081246,2.3125875113257033,2.034915482422961,1.1685538423716668,,0.0,1,0,0,166,WB_RTFP,9.651851391584888
Beans Brown,2020-11-01,2020-10-01,-0.5000000000000004,0.8660254037844384,-12.968276045029569,5.823698112397402,8.093610902602922,-1.1691092278158122,,0.0,1,0,0,166,WB_RTFP,18.852999695400975
Beef Boneless,2020-11-01,2020-10-01,-0.5000000000000004,0.8660254037844384,-1.9805603605377087,1.1436037988399539,-0.3725112899877647,0.8019983857891377,,0.0,1,0,0,166,WB_RTFP,4.2373878915576535
Garri White,2020-11-01,2020-10-01,-0.5000000000000004,0.8660254037844384,0.7235881235797104,2.3742111400331334,8.685182637318722,0.6428617890256838,,0.0,1,0,0,166,WB_RTFP,-0.24789479365342482
Goat Meat Bone-In,2020-11-01,2020-10-01,-0.5000000000000004,0.8660254037844384,-3.288107620996872,2.425981085112605,-0.032605941263808,0.40352954013944675,,0.0,1,0,0,166,WB_RTFP,4.7510174195007915
Maize White Grain,2020-11-01,2020-10-01,-0.5000000000000004,0.8660254037844384,-9.54945833898152,-0.24207276832782787,8.464589486164442,2.722597729049814,,0.0,1,0,0,166,WB_RTFP,2.0794191364322145
Onions Fresh,2020-11-01,2020-10-01,-0.5000000000000004,0.8660254037844384,-8.626581816492685,-3.1355897340964445,0.8644867992982253,0.5453147354457677,,0.0,1,0,0,166,WB_RTFP,14.220062891711493
Rice Long-Grain Imported,2020-11-01,2020-10-01,-0.5000000000000004,0.8660254037844384,1.8237391075972331,2.785665372319035,8.21256430646391,4.16370979100531,,,0,0,1,166,WB_RTFP,-1.3810013340149752
Yam Tuber,2020-11-01,2020-10-01,-0.5000000000000004,0.8660254037844384,-3.857879039668355,-7.267649271934307,-2.891048682053221,-1.011340875385236,,0.0,1,0,0,166,WB_RTFP,-0.2575215339124193
Agric Hen Eggs (Crate of 30 Pieces),2020-12-01,2020-11-01,-2.4492935982947064e-16,1.0,9.651851391584888,-2.7953404624081246,2.3125875113257033,1.2377155212528024,,0.0,1,0,0,167,WB_RTFP,3.326867322307714
Beans Brown,2020-12-01,2020-11-01,-2.4492935982947064e-16,1.0,18.852999695400975,-12.968276045029569,5.823698112397402,-5.002403262234667,,0.0,1,0,0,167,WB_RTFP,-1.9206264524306182
Beef Boneless,2020-12-01,2020-11-01,-2.4492935982947064e-16,1.0,4.2373878915576535,-1.9805603605377087,1.1436037988399539,-0.3723030664818161,,0.0,1,0,0,167,WB_RTFP,-0.022349879570815467
Garri White,2020-12-01,2020-11-01,-2.4492935982947064e-16,1.0,-0.24789479365342482,0.7235881235797104,2.3742111400331334,-0.33125268646396755,,0.0,1,0,0,167,WB_RTFP,-0.362340042336462
Goat Meat Bone-In,2020-12-01,2020-11-01,-2.4492935982947064e-16,1.0,4.7510174195007915,-3.288107620996872,2.425981085112605,0.2131269019689963,,0.0,1,0,0,167,WB_RTFP,0.9250792629808657
Maize White Grain,2020-12-01,2020-11-01,-2.4492935982947064e-16,1.0,2.0794191364322145,-9.54945833898152,-0.24207276832782787,-2.1505175485500683,,0.0,0,0,0,167,WB_RTFP,-0.7424105364334799
Onions Fresh,2020-12-01,2020-11-01,-2.4492935982947064e-16,1.0,14.220062891711493,-8.626581816492685,-3.1355897340964445,3.293144056770747,,0.0,1,0,0,167,WB_RTFP,4.0913645681266875
Rice Long-Grain Imported,2020-12-01,2020-11-01,-2.4492935982947064e-16,1.0,-1.3810013340149752,1.8237391075972331,2.785665372319035,1.7366228231269876,,,0,0,1,167,WB_RTFP,-0.7837526526030314
Yam Tuber,2020-12-01,2020-11-01,-2.4492935982947064e-16,1.0,-0.2575215339124193,-3.857879039668355,-7.267649271934307,-0.9494675560882793,,0.0,0,0,0,167,WB_RTFP,4.393071366386692
Agric Hen Eggs (Crate of 30 Pieces),2021-01-01,2020-12-01,0.49999999999999994,0.8660254037844387,3.326867322307714,9.651851391584888,-2.7953404624081246,0.6025140095263781,,0.0,0,0,0,168,WB_RTFP,0.5553708928331957
Beans Brown,2021-01-01,2020-12-01,0.49999999999999994,0.8660254037844387,-1.9206264524306182,18.852999695400975,-12.968276045029569,-3.9833534025843553,,0.0,0,0,0,168,WB_RTFP,12.002665690938663
Beef Boneless,2021-01-01,2020-12-01,0.49999999999999994,0.8660254037844387,-0.022349879570815467,4.2373878915576535,-1.9805603605377087,0.5525227854486836,,0.0,1,0,0,168,WB_RTFP,0.5107859191426645
Garri White,2021-01-01,2020-12-01,0.49999999999999994,0.8660254037844387,-0.362340042336462,-0.24789479365342482,0.7235881235797104,0.3871208676507587,,0.0,0,0,0,168,WB_RTFP,0.4400528753290667
Goat Meat Bone-In,2021-01-01,2020-12-01,0.49999999999999994,0.8660254037844387,0.9250792629808657,4.7510174195007915,-3.288107620996872,0.6590431437265121,,0.0,1,0,0,168,WB_RTFP,0.3483955219022894
Maize White Grain,2021-01-01,2020-12-01,0.49999999999999994,0.8660254037844387,-0.7424105364334799,2.0794191364322145,-9.54945833898152,1.9093970061494936,,0.0,0,0,0,168,WB_RTFP,8.345235729066047
Onions Fresh,2021-01-01,2020-12-01,0.49999999999999994,0.8660254037844387,4.0913645681266875,14.220062891711493,-8.626581816492685,7.974661140691164,,0.0,1,0,0,168,WB_RTFP,-0.5242119717260185
Rice Long-Grain Imported,2021-01-01,2020-12-01,0.49999999999999994,0.8660254037844387,-0.7837526526030314,-1.3810013340149752,1.8237391075972331,4.208022175264081,,,0,0,1,168,WB_RTFP,-2.9453239707558088
Yam Tuber,2021-01-01,2020-12-01,0.49999999999999994,0.8660254037844387,4.393071366386692,-0.2575215339124193,-3.857879039668355,2.2080999540875723,,0.0,0,0,0,168,WB_RTFP,6.289011488182417
Agric Hen Eggs (Crate of 30 Pieces),2021-02-01,2021-01-01,0.8660254037844386,0.5000000000000001,0.5553708928331957,3.326867322307714,9.651851391584888,-0.5255763661330071,,0.0,0,0,0,169,WB_RTFP,0.5131831736265857
Beans Brown,2021-02-01,2021-01-01,0.8660254037844386,0.5000000000000001,12.002665690938663,-1.9206264524306182,18.852999695400975,0.942440284151802,,0.0,0,0,0,169,WB_RTFP,11.102340712256332
Beef Boneless,2021-02-01,2021-01-01,0.8660254037844386,0.5000000000000001,0.5107859191426645,-0.022349879570815467,4.2373878915576535,-0.3151965683351521,,0.0,0,0,0,169,WB_RTFP,0.8848967934738994
Garri White,2021-02-01,2021-01-01,0.8660254037844386,0.5000000000000001,0.4400528753290667,-0.362340042336462,-0.24789479365342482,1.2653735610938188,,0.0,0,0,0,169,WB_RTFP,7.455780292500935
Goat Meat Bone-In,2021-02-01,2021-01-01,0.8660254037844386,0.5000000000000001,0.3483955219022894,0.9250792629808657,4.7510174195007915,0.4805630860406085,,0.0,0,0,0,169,WB_RTFP,0.3372760379226847
Maize White Grain,2021-02-01,2021-01-01,0.8660254037844386,0.5000000000000001,8.345235729066047,-0.7424105364334799,2.0794191364322145,0.6321118436380946,,0.0,0,0,0,169,WB_RTFP,8.85867586661966
Onions Fresh,2021-02-01,2021-01-01,0.8660254037844386,0.5000000000000001,-0.5242119717260185,4.0913645681266875,14.220062891711493,1.0184693182019977,,0.0,1,0,0,169,WB_RTFP,-1.311357029784932
Rice Long-Grain Imported,2021-02-01,2021-01-01,0.8660254037844386,0.5000000000000001,-2.9453239707558088,-0.7837526526030314,-1.3810013340149752,-0.45642067103985884,,,0,0,1,169,WB_RTFP,-1.4650639988960323
Yam Tuber,2021-02-01,2021-01-01,0.8660254037844386,0.5000000000000001,6.289011488182417,4.393071366386692,-0.2575215339124193,-1.9698244145116894,,0.0,0,0,0,169,WB_RTFP,4.936828405910587
Agric Hen Eggs (Crate of 30 Pieces),2021-03-01,2021-02-01,1.0,6.123233995736766e-17,0.5131831736265857,0.5553708928331957,3.326867322307714,-0.5872576445878352,,0.0,0,1,0,170,WB_RTFP,6.265595977410432
Beans Brown,2021-03-01,2021-02-01,1.0,6.123233995736766e-17,11.102340712256332,12.002665690938663,-1.9206264524306182,-1.4263296880398957,,0.0,0,0,0,170,WB_RTFP,20.756818963521862
Beef Boneless,2021-03-01,2021-02-01,1.0,6.123233995736766e-17,0.8848967934738994,0.5107859191426645,-0.022349879570815467,-0.9873556303330311,,0.0,0,0,0,170,WB_RTFP,2.924487780185947
Garri White,2021-03-01,2021-02-01,1.0,6.123233995736766e-17,7.455780292500935,0.4400528753290667,-0.362340042336462,3.515973242666637,,0.0,0,1,0,170,WB_RTFP,3.5440312291759035
Goat Meat Bone-In,2021-03-01,2021-02-01,1.0,6.123233995736766e-17,0.3372760379226847,0.3483955219022894,0.9250792629808657,-0.6272741053134245,,0.0,0,0,0,170,WB_RTFP,2.922635846659216
Maize White Grain,2021-03-01,2021-02-01,1.0,6.123233995736766e-17,8.85867586661966,8.345235729066047,-0.7424105364334799,5.005119136262093,,0.0,0,0,0,170,WB_RTFP,3.3671441196469365
Onions Fresh,2021-03-01,2021-02-01,1.0,6.123233995736766e-17,-1.311357029784932,-0.5242119717260185,4.0913645681266875,0.51613513897244,,0.0,0,0,0,170,WB_RTFP,1.63826713274009
Rice Long-Grain Imported,2021-03-01,2021-02-01,1.0,6.123233995736766e-17,-1.4650639988960323,-2.9453239707558088,-0.7837526526030314,0.6576943369110966,,,0,0,1,170,WB_RTFP,0.8760093669549773
Yam Tuber,2021-03-01,2021-02-01,1.0,6.123233995736766e-17,4.936828405910587,6.289011488182417,4.393071366386692,7.0241185857758515,,0.0,0,1,0,170,WB_RTFP,4.462605118106211
Agric Hen Eggs (Crate of 30 Pieces),2021-04-01,2021-03-01,0.8660254037844387,-0.4999999999999998,6.265595977410432,0.5131831736265857,0.5553708928331957,2.1773214578822753,,0.0,0,1,0,171,WB_RTFP,-0.40560267790862303
Beans Brown,2021-04-01,2021-03-01,0.8660254037844387,-0.4999999999999998,20.756818963521862,11.102340712256332,12.002665690938663,4.759923744540395,,0.0,0,1,0,171,WB_RTFP,5.117453936759908
Beef Boneless,2021-04-01,2021-03-01,0.8660254037844387,-0.4999999999999998,2.924487780185947,0.8848967934738994,0.5107859191426645,1.754096942788963,,0.0,0,0,0,171,WB_RTFP,0.9476285105362914
Garri White,2021-04-01,2021-03-01,0.8660254037844387,-0.4999999999999998,3.5440312291759035,7.455780292500935,0.4400528753290667,20.5913469569575,,0.0,0,1,0,171,WB_RTFP,3.2337472211679374
Goat Meat Bone-In,2021-04-01,2021-03-01,0.8660254037844387,-0.4999999999999998,2.922635846659216,0.3372760379226847,0.3483955219022894,1.0496280865938346,,0.0,0,0,0,171,WB_RTFP,0.4812271916701416
Maize White Grain,2021-04-01,2021-03-01,0.8660254037844387,-0.4999999999999998,3.3671441196469365,8.85867586661966,8.345235729066047,11.376891882908225,,0.0,0,0,0,171,WB_RTFP,0.7692788910858228
Onions Fresh,2021-04-01,2021-03-01,0.8660254037844387,-0.4999999999999998,1.63826713274009,-1.311357029784932,-0.5242119717260185,-1.658299163787802,,0.0,0,0,0,171,WB_RTFP,-1.9121943096976124
Rice Long-Grain Imported,2021-04-01,2021-03-01,0.8660254037844387,-0.4999999999999998,0.8760093669549773,-1.4650639988960323,-2.9453239707558088,6.814556610144407,,,0,0,1,171,WB_RTFP,-2.7272384485652945
Yam Tuber,2021-04-01,2021-03-01,0.8660254037844387,-0.4999999999999998,4.462605118106211,4.936828405910587,6.289011488182417,10.375943494031414,,0.0,0,1,0,171,WB_RTFP,-0.1497358188115916
Agric Hen Eggs (Crate of 30 Pieces),2021-05-01,2021-04-01,0.49999999999999994,-0.8660254037844387,-0.40560267790862303,6.265595977410432,0.5131831736265857,-1.6875422959457764,,0.0,0,1,0,172,WB_RTFP,3.374183013119336
Beans Brown,2021-05-01,2021-04-01,0.49999999999999994,-0.8660254037844387,5.117453936759908,20.756818963521862,11.102340712256332,6.7453984145136925,,0.0,0,1,0,172,WB_RTFP,5.127145800302535
Beef Boneless,2021-05-01,2021-04-01,0.49999999999999994,-0.8660254037844387,0.9476285105362914,2.924487780185947,0.8848967934738994,0.7921207679710829,,0.0,0,0,0,172,WB_RTFP,4.570866065445545
Garri White,2021-05-01,2021-04-01,0.49999999999999994,-0.8660254037844387,3.2337472211679374,3.5440312291759035,7.455780292500935,7.745855843376281,,0.0,0,1,0,172,WB_RTFP,2.0927049252521313
Goat Meat Bone-In,2021-05-01,2021-04-01,0.49999999999999994,-0.8660254037844387,0.4812271916701416,2.922635846659216,0.3372760379226847,0.8441407732395323,,0.0,0,0,0,172,WB_RTFP,3.4625681255383345
Maize White Grain,2021-05-01,2021-04-01,0.49999999999999994,-0.8660254037844387,0.7692788910858228,3.3671441196469365,8.85867586661966,6.946034752556907,,0.0,0,1,0,172,WB_RTFP,1.4553880209068115
Onions Fresh,2021-05-01,2021-04-01,0.49999999999999994,-0.8660254037844387,-1.9121943096976124,1.63826713274009,-1.311357029784932,-3.6860572483841225,,0.0,0,0,0,172,WB_RTFP,4.709663729185931
Rice Long-Grain Imported,2021-05-01,2021-04-01,0.49999999999999994,-0.8660254037844387,-2.7272384485652945,0.8760093669549773,-1.4650639988960323,1.1673910820281908,,,0,0,1,172,WB_RTFP,0.8291668585976186
Yam Tuber,2021-05-01,2021-04-01,0.49999999999999994,-0.8660254037844387,-0.1497358188115916,4.462605118106211,4.936828405910587,7.649772079095962,,0.0,0,1,0,172,WB_RTFP,9.851011062794534
Agric Hen Eggs (Crate of 30 Pieces),2021-06-01,2021-05-01,1.2246467991473532e-16,-1.0,3.374183013119336,-0.40560267790862303,6.265595977410432,0.14933442760927118,,0.0,0,0,0,173,WB_RTFP,4.19248653235611
Beans Brown,2021-06-01,2021-05-01,1.2246467991473532e-16,-1.0,5.127145800302535,5.117453936759908,20.756818963521862,13.580049230772717,,0.0,0,1,0,173,WB_RTFP,11.150332795723749
Beef Boneless,2021-06-01,2021-05-01,1.2246467991473532e-16,-1.0,4.570866065445545,0.9476285105362914,2.924487780185947,3.538838928799115,,0.0,0,0,0,173,WB_RTFP,-1.2815430033105257
Garri White,2021-06-01,2021-05-01,1.2246467991473532e-16,-1.0,2.0927049252521313,3.2337472211679374,3.5440312291759035,7.164778476980316,,0.0,0,0,0,173,WB_RTFP,6.793055099906264
Goat Meat Bone-In,2021-06-01,2021-05-01,1.2246467991473532e-16,-1.0,3.4625681255383345,0.4812271916701416,2.922635846659216,1.4718872169999342,,0.0,0,0,0,173,WB_RTFP,-0.1505891941656179
Maize White Grain,2021-06-01,2021-05-01,1.2246467991473532e-16,-1.0,1.4553880209068115,0.7692788910858228,3.3671441196469365,10.1816297751534,,0.0,0,1,0,173,WB_RTFP,9.85466381194433
Onions Fresh,2021-06-01,2021-05-01,1.2246467991473532e-16,-1.0,4.709663729185931,-1.9121943096976124,1.63826713274009,-0.6230834892107073,,0.0,0,0,0,173,WB_RTFP,4.905760242039592
Rice Long-Grain Imported,2021-06-01,2021-05-01,1.2246467991473532e-16,-1.0,0.8291668585976186,-2.7272384485652945,0.8760093669549773,1.480201822793159,,,0,0,1,173,WB_RTFP,1.548234476464172
Yam Tuber,2021-06-01,2021-05-01,1.2246467991473532e-16,-1.0,9.851011062794534,-0.1497358188115916,4.462605118106211,5.249650061787725,,0.0,0,0,0,173,WB_RTFP,7.972682447564283
Agric Hen Eggs (Crate of 30 Pieces),2021-07-01,2021-06-01,-0.4999999999999997,-0.8660254037844388,4.19248653235611,3.374183013119336,-0.40560267790862303,2.9778340258247216,,0.0,0,0,0,174,WB_RTFP,3.5346846029201906
Beans Brown,2021-07-01,2021-06-01,-0.4999999999999997,-0.8660254037844388,11.150332795723749,5.127145800302535,5.117453936759908,11.626115931878168,,0.0,0,0,0,174,WB_RTFP,9.225663283525876
Beef Boneless,2021-07-01,2021-06-01,-0.4999999999999997,-0.8660254037844388,-1.2815430033105257,4.570866065445545,0.9476285105362914,-1.1983890978464307,,0.0,0,1,0,174,WB_RTFP,3.4203286574055802
Garri White,2021-07-01,2021-06-01,-0.4999999999999997,-0.8660254037844388,6.793055099906264,2.0927049252521313,3.2337472211679374,2.698297341639111,,0.0,0,0,0,174,WB_RTFP,0.6978500496929163
Goat Meat Bone-In,2021-07-01,2021-06-01,-0.4999999999999997,-0.8660254037844388,-0.1505891941656179,3.4625681255383345,0.4812271916701416,0.4342681614847299,,0.0,0,1,0,174,WB_RTFP,2.9218052823690943
Maize White Grain,2021-07-01,2021-06-01,-0.4999999999999997,-0.8660254037844388,9.85466381194433,1.4553880209068115,0.7692788910858228,10.512190365394346,,0.0,0,1,0,174,WB_RTFP,5.194607906296067
Onions Fresh,2021-07-01,2021-06-01,-0.4999999999999997,-0.8660254037844388,4.905760242039592,4.709663729185931,-1.9121943096976124,10.221211618826565,,0.0,0,1,0,174,WB_RTFP,4.909979727825586
Rice Long-Grain Imported,2021-07-01,2021-06-01,-0.4999999999999997,-0.8660254037844388,1.548234476464172,0.8291668585976186,-2.7272384485652945,6.598699512931194,,,0,0,1,174,WB_RTFP,0.8659103748467789
Yam Tuber,2021-07-01,2021-06-01,-0.4999999999999997,-0.8660254037844388,7.972682447564283,9.851011062794534,-0.1497358188115916,-0.6647134579370162,,0.0,0,0,0,174,WB_RTFP,3.842209267952823
Agric Hen Eggs (Crate of 30 Pieces),2021-08-01,2021-07-01,-0.8660254037844384,-0.5000000000000004,3.5346846029201906,4.19248653235611,3.374183013119336,2.034915482422961,,0.0,0,0,0,175,WB_RTFP,-1.6081943974505242
Beans Brown,2021-08-01,2021-07-01,-0.8660254037844384,-0.5000000000000004,9.225663283525876,11.150332795723749,5.127145800302535,8.093610902602922,,0.0,0,0,0,175,WB_RTFP,-0.8558918962946027
Beef Boneless,2021-08-01,2021-07-01,-0.8660254037844384,-0.5000000000000004,3.4203286574055802,-1.2815430033105257,4.570866065445545,-0.3725112899877647,,0.0,0,1,0,175,WB_RTFP,1.7846967526327528
Garri White,2021-08-01,2021-07-01,-0.8660254037844384,-0.5000000000000004,0.6978500496929163,6.793055099906264,2.0927049252521313,8.685182637318722,,0.0,0,0,0,175,WB_RTFP,-6.22991190863641
Goat Meat Bone-In,2021-08-01,2021-07-01,-0.8660254037844384,-0.5000000000000004,2.9218052823690943,-0.1505891941656179,3.4625681255383345,-0.032605941263808,,0.0,0,1,0,175,WB_RTFP,1.142899423457755
Maize White Grain,2021-08-01,2021-07-01,-0.8660254037844384,-0.5000000000000004,5.194607906296067,9.85466381194433,1.4553880209068115,8.464589486164442,,0.0,0,0,0,175,WB_RTFP,-1.2698504387674836
Onions Fresh,2021-08-01,2021-07-01,-0.8660254037844384,-0.5000000000000004,4.909979727825586,4.905760242039592,4.709663729185931,0.8644867992982253,,0.0,0,1,0,175,WB_RTFP,-0.8431241084319918
Rice Long-Grain Imported,2021-08-01,2021-07-01,-0.8660254037844384,-0.5000000000000004,0.8659103748467789,1.548234476464172,0.8291668585976186,8.21256430646391,,,0,0,1,175,WB_RTFP,-0.7389046701592461
Yam Tuber,2021-08-01,2021-07-01,-0.8660254037844384,-0.5000000000000004,3.842209267952823,7.972682447564283,9.851011062794534,-2.891048682053221,,0.0,1,0,0,175,WB_RTFP,0.7643020594965577
Agric Hen Eggs (Crate of 30 Pieces),2021-09-01,2021-08-01,-1.0,-1.8369701987210297e-16,-1.6081943974505242,3.5346846029201906,4.19248653235611,2.3125875113257033,,0.0,0,0,0,176,WB_RTFP,-0.42731527619983556
Beans Brown,2021-09-01,2021-08-01,-1.0,-1.8369701987210297e-16,-0.8558918962946027,9.225663283525876,11.150332795723749,5.823698112397402,,0.0,0,0,0,176,WB_RTFP,3.3494115425451554
Beef Boneless,2021-09-01,2021-08-01,-1.0,-1.8369701987210297e-16,1.7846967526327528,3.4203286574055802,-1.2815430033105257,1.1436037988399539,,0.0,0,0,0,176,WB_RTFP,0.2426538831920455
Garri White,2021-09-01,2021-08-01,-1.0,-1.8369701987210297e-16,-6.22991190863641,0.6978500496929163,6.793055099906264,2.3742111400331334,,0.0,1,0,0,176,WB_RTFP,-3.0424855402858664
Goat Meat Bone-In,2021-09-01,2021-08-01,-1.0,-1.8369701987210297e-16,1.142899423457755,2.9218052823690943,-0.1505891941656179,2.425981085112605,,0.0,0,0,0,176,WB_RTFP,1.7368580193624528
Maize White Grain,2021-09-01,2021-08-01,-1.0,-1.8369701987210297e-16,-1.2698504387674836,5.194607906296067,9.85466381194433,-0.24207276832782787,,0.0,1,0,0,176,WB_RTFP,-2.1507351049093626
Onions Fresh,2021-09-01,2021-08-01,-1.0,-1.8369701987210297e-16,-0.8431241084319918,4.909979727825586,4.905760242039592,-3.1355897340964445,,0.0,0,1,0,176,WB_RTFP,3.4462870132579537
Rice Long-Grain Imported,2021-09-01,2021-08-01,-1.0,-1.8369701987210297e-16,-0.7389046701592461,0.8659103748467789,1.548234476464172,2.785665372319035,,,0,0,1,176,WB_RTFP,0.04282226207614759
Yam Tuber,2021-09-01,2021-08-01,-1.0,-1.8369701987210297e-16,0.7643020594965577,3.842209267952823,7.972682447564283,-7.267649271934307,,0.0,1,0,0,176,WB_RTFP,-6.194047024269123
Agric Hen Eggs (Crate of 30 Pieces),2021-10-01,2021-09-01,-0.8660254037844386,0.5000000000000001,-0.42731527619983556,-1.6081943974505242,3.5346846029201906,-2.7953404624081246,,0.0,1,0,0,177,WB_RTFP,1.6974382708651037
Beans Brown,2021-10-01,2021-09-01,-0.8660254037844386,0.5000000000000001,3.3494115425451554,-0.8558918962946027,9.225663283525876,-12.968276045029569,,0.0,1,0,0,177,WB_RTFP,-7.493441559698755
Beef Boneless,2021-10-01,2021-09-01,-0.8660254037844386,0.5000000000000001,0.2426538831920455,1.7846967526327528,3.4203286574055802,-1.9805603605377087,,0.0,0,0,0,177,WB_RTFP,1.750429996190217
Garri White,2021-10-01,2021-09-01,-0.8660254037844386,0.5000000000000001,-3.0424855402858664,-6.22991190863641,0.6978500496929163,0.7235881235797104,,0.0,1,0,0,177,WB_RTFP,0.12300715457211897
Goat Meat Bone-In,2021-10-01,2021-09-01,-0.8660254037844386,0.5000000000000001,1.7368580193624528,1.142899423457755,2.9218052823690943,-3.288107620996872,,0.0,0,0,0,177,WB_RTFP,0.18743922487731712
Maize White Grain,2021-10-01,2021-09-01,-0.8660254037844386,0.5000000000000001,-2.1507351049093626,-1.2698504387674836,5.194607906296067,-9.54945833898152,,0.0,1,0,0,177,WB_RTFP,-7.077519645935759
Onions Fresh,2021-10-01,2021-09-01,-0.8660254037844386,0.5000000000000001,3.4462870132579537,-0.8431241084319918,4.909979727825586,-8.626581816492685,,0.0,0,0,0,177,WB_RTFP,-3.838445276547575
Rice Long-Grain Imported,2021-10-01,2021-09-01,-0.8660254037844386,0.5000000000000001,0.04282226207614759,-0.7389046701592461,0.8659103748467789,1.8237391075972331,,,0,0,1,177,WB_RTFP,2.2851753095922023
Yam Tuber,2021-10-01,2021-09-01,-0.8660254037844386,0.5000000000000001,-6.194047024269123,0.7643020594965577,3.842209267952823,-3.857879039668355,,0.0,1,0,0,177,WB_RTFP,-3.25212633939731
Agric Hen Eggs (Crate of 30 Pieces),2021-11-01,2021-10-01,-0.5000000000000004,0.8660254037844384,1.6974382708651037,-0.42731527619983556,-1.6081943974505242,9.651851391584888,,0.0,1,0,0,178,WB_RTFP,5.779790464679735
Beans Brown,2021-11-01,2021-10-01,-0.5000000000000004,0.8660254037844384,-7.493441559698755,3.3494115425451554,-0.8558918962946027,18.852999695400975,,0.0,1,0,0,178,WB_RTFP,-8.901038672690065
Beef Boneless,2021-11-01,2021-10-01,-0.5000000000000004,0.8660254037844384,1.750429996190217,0.2426538831920455,1.7846967526327528,4.2373878915576535,,0.0,1,0,0,178,WB_RTFP,3.4332473855205548
Garri White,2021-11-01,2021-10-01,-0.5000000000000004,0.8660254037844384,0.12300715457211897,-3.0424855402858664,-6.22991190863641,-0.24789479365342482,,0.0,1,0,0,178,WB_RTFP,-2.7994924052818115
Goat Meat Bone-In,2021-11-01,2021-10-01,-0.5000000000000004,0.8660254037844384,0.18743922487731712,1.7368580193624528,1.142899423457755,4.7510174195007915,,0.0,1,0,0,178,WB_RTFP,3.007630682311224
Maize White Grain,2021-11-01,2021-10-01,-0.5000000000000004,0.8660254037844384,-7.077519645935759,-2.1507351049093626,-1.2698504387674836,2.0794191364322145,,0.0,1,0,0,178,WB_RTFP,-1.35040127741467
Onions Fresh,2021-11-01,2021-10-01,-0.5000000000000004,0.8660254037844384,-3.838445276547575,3.4462870132579537,-0.8431241084319918,14.220062891711493,,0.0,1,0,0,178,WB_RTFP,2.7767040612838523
Rice Long-Grain Imported,2021-11-01,2021-10-01,-0.5000000000000004,0.8660254037844384,2.2851753095922023,0.04282226207614759,-0.7389046701592461,-1.3810013340149752,,,0,0,1,178,WB_RTFP,3.9004688423440736
Yam Tuber,2021-11-01,2021-10-01,-0.5000000000000004,0.8660254037844384,-3.25212633939731,-6.194047024269123,0.7643020594965577,-0.2575215339124193,,0.0,1,0,0,178,WB_RTFP,-0.3483373692713232
Agric Hen Eggs (Crate of 30 Pieces),2021-12-01,2021-11-01,-2.4492935982947064e-16,1.0,5.779790464679735,1.6974382708651037,-0.42731527619983556,3.326867322307714,,0.0,1,0,0,179,WB_RTFP,2.982170840601994
Beans Brown,2021-12-01,2021-11-01,-2.4492935982947064e-16,1.0,-8.901038672690065,-7.493441559698755,3.3494115425451554,-1.9206264524306182,,0.0,1,0,0,179,WB_RTFP,-5.910529792107999
Beef Boneless,2021-12-01,2021-11-01,-2.4492935982947064e-16,1.0,3.4332473855205548,1.750429996190217,0.2426538831920455,-0.022349879570815467,,0.0,1,0,0,179,WB_RTFP,2.903138390947557
Garri White,2021-12-01,2021-11-01,-2.4492935982947064e-16,1.0,-2.7994924052818115,0.12300715457211897,-3.0424855402858664,-0.362340042336462,,0.0,1,0,0,179,WB_RTFP,0.6860402149745148
Goat Meat Bone-In,2021-12-01,2021-11-01,-2.4492935982947064e-16,1.0,3.007630682311224,0.18743922487731712,1.7368580193624528,0.9250792629808657,,0.0,1,0,0,179,WB_RTFP,2.4114006183100445
Maize White Grain,2021-12-01,2021-11-01,-2.4492935982947064e-16,1.0,-1.35040127741467,-7.077519645935759,-2.1507351049093626,-0.7424105364334799,,0.0,0,0,0,179,WB_RTFP,6.8218454151504515
Onions Fresh,2021-12-01,2021-11-01,-2.4492935982947064e-16,1.0,2.7767040612838523,-3.838445276547575,3.4462870132579537,4.0913645681266875,,0.0,1,0,0,179,WB_RTFP,-3.147657847668761
Rice Long-Grain Imported,2021-12-01,2021-11-01,-2.4492935982947064e-16,1.0,3.9004688423440736,2.2851753095922023,0.04282226207614759,-0.7837526526030314,,,0,0,1,179,WB_RTFP,-0.1281278211272885
Yam Tuber,2021-12-01,2021-11-01,-2.4492935982947064e-16,1.0,-0.3483373692713232,-3.25212633939731,-6.194047024269123,4.393071366386692,,0.0,0,0,0,179,WB_RTFP,3.8152569767451627
Agric Hen Eggs (Crate of 30 Pieces),2022-01-01,2021-12-01,0.49999999999999994,0.8660254037844387,2.982170840601994,5.779790464679735,1.6974382708651037,0.5553708928331957,,0.0,0,0,0,180,WB_RTFP,1.9809986707957528
Beans Brown,2022-01-01,2021-12-01,0.49999999999999994,0.8660254037844387,-5.910529792107999,-8.901038672690065,-7.493441559698755,12.002665690938663,,0.0,0,0,0,180,WB_RTFP,10.04592764834098
Beef Boneless,2022-01-01,2021-12-01,0.49999999999999994,0.8660254037844387,2.903138390947557,3.4332473855205548,1.750429996190217,0.5107859191426645,,0.0,1,0,0,180,WB_RTFP,0.633566088226889
Garri White,2022-01-01,2021-12-01,0.49999999999999994,0.8660254037844387,0.6860402149745148,-2.7994924052818115,0.12300715457211897,0.4400528753290667,,0.0,0,0,0,180,WB_RTFP,3.634515317408238
Goat Meat Bone-In,2022-01-01,2021-12-01,0.49999999999999994,0.8660254037844387,2.4114006183100445,3.007630682311224,0.18743922487731712,0.3483955219022894,,0.0,1,0,0,180,WB_RTFP,1.1429020561557701
Maize White Grain,2022-01-01,2021-12-01,0.49999999999999994,0.8660254037844387,6.8218454151504515,-1.35040127741467,-7.077519645935759,8.345235729066047,,0.0,0,0,0,180,WB_RTFP,4.503085924160222
Onions Fresh,2022-01-01,2021-12-01,0.49999999999999994,0.8660254037844387,-3.147657847668761,2.7767040612838523,-3.838445276547575,-0.5242119717260185,,0.0,1,0,0,180,WB_RTFP,3.1581711113611854
Rice Long-Grain Imported,2022-01-01,2021-12-01,0.49999999999999994,0.8660254037844387,-0.1281278211272885,3.9004688423440736,2.2851753095922023,-2.9453239707558088,,,0,0,1,180,WB_RTFP,-1.1160820098864543
Yam Tuber,2022-01-01,2021-12-01,0.49999999999999994,0.8660254037844387,3.8152569767451627,-0.3483373692713232,-3.25212633939731,6.289011488182417,,0.0,0,0,0,180,WB_RTFP,1.4600009062319286
Agric Hen Eggs (Crate of 30 Pieces),2022-02-01,2022-01-01,0.8660254037844386,0.5000000000000001,1.9809986707957528,2.982170840601994,5.779790464679735,0.5131831736265857,,0.0,0,0,0,181,WB_RTFP,1.839402205911722
Beans Brown,2022-02-01,2022-01-01,0.8660254037844386,0.5000000000000001,10.04592764834098,-5.910529792107999,-8.901038672690065,11.102340712256332,,0.0,0,0,0,181,WB_RTFP,1.247526505724661
Beef Boneless,2022-02-01,2022-01-01,0.8660254037844386,0.5000000000000001,0.633566088226889,2.903138390947557,3.4332473855205548,0.8848967934738994,,0.0,0,0,0,181,WB_RTFP,1.946682820941792
Garri White,2022-02-01,2022-01-01,0.8660254037844386,0.5000000000000001,3.634515317408238,0.6860402149745148,-2.7994924052818115,7.455780292500935,,0.0,0,0,0,181,WB_RTFP,0.5005460647465432
Goat Meat Bone-In,2022-02-01,2022-01-01,0.8660254037844386,0.5000000000000001,1.1429020561557701,2.4114006183100445,3.007630682311224,0.3372760379226847,,0.0,0,0,0,181,WB_RTFP,2.527083827758858
Maize White Grain,2022-02-01,2022-01-01,0.8660254037844386,0.5000000000000001,4.503085924160222,6.8218454151504515,-1.35040127741467,8.85867586661966,,0.0,0,0,0,181,WB_RTFP,1.9858563528737605
Onions Fresh,2022-02-01,2022-01-01,0.8660254037844386,0.5000000000000001,3.1581711113611854,-3.147657847668761,2.7767040612838523,-1.311357029784932,,0.0,1,0,0,181,WB_RTFP,2.9351878190828185
Rice Long-Grain Imported,2022-02-01,2022-01-01,0.8660254037844386,0.5000000000000001,-1.1160820098864543,-0.1281278211272885,3.9004688423440736,-1.4650639988960323,,,0,0,1,181,WB_RTFP,1.571965826036803
Yam Tuber,2022-02-01,2022-01-01,0.8660254037844386,0.5000000000000001,1.4600009062319286,3.8152569767451627,-0.3483373692713232,4.936828405910587,,0.0,0,0,0,181,WB_RTFP,1.540516636483047
Agric Hen Eggs (Crate of 30 Pieces),2022-03-01,2022-02-01,1.0,6.123233995736766e-17,1.839402205911722,1.9809986707957528,2.982170840601994,6.265595977410432,,0.0,0,1,0,182,WB_RTFP,1.8017480927762453
Beans Brown,2022-03-01,2022-02-01,1.0,6.123233995736766e-17,1.247526505724661,10.04592764834098,-5.910529792107999,20.756818963521862,,0.0,0,0,0,182,WB_RTFP,2.374175274339607
Beef Boneless,2022-03-01,2022-02-01,1.0,6.123233995736766e-17,1.946682820941792,0.633566088226889,2.903138390947557,2.924487780185947,,0.0,0,0,0,182,WB_RTFP,2.2091794375840745
Garri White,2022-03-01,2022-02-01,1.0,6.123233995736766e-17,0.5005460647465432,3.634515317408238,0.6860402149745148,3.5440312291759035,,0.0,0,1,0,182,WB_RTFP,-0.07329209198950748
Goat Meat Bone-In,2022-03-01,2022-02-01,1.0,6.123233995736766e-17,2.527083827758858,1.1429020561557701,2.4114006183100445,2.922635846659216,,0.0,0,0,0,182,WB_RTFP,3.2497650363501718
Maize White Grain,2022-03-01,2022-02-01,1.0,6.123233995736766e-17,1.9858563528737605,4.503085924160222,6.8218454151504515,3.3671441196469365,,0.0,0,0,0,182,WB_RTFP,1.5687847276377287
Onions Fresh,2022-03-01,2022-02-01,1.0,6.123233995736766e-17,2.9351878190828185,3.1581711113611854,-3.147657847668761,1.63826713274009,,0.0,0,0,0,182,WB_RTFP,-0.2551558414168875
Rice Long-Grain Imported,2022-03-01,2022-02-01,1.0,6.123233995736766e-17,1.571965826036803,-1.1160820098864543,-0.1281278211272885,0.8760093669549773,,,0,0,1,182,WB_RTFP,0.3991058739129638
Yam Tuber,2022-03-01,2022-02-01,1.0,6.123233995736766e-17,1.540516636483047,1.4600009062319286,3.8152569767451627,4.462605118106211,,0.0,0,1,0,182,WB_RTFP,5.177559780716012
Agric Hen Eggs (Crate of 30 Pieces),2022-04-01,2022-03-01,0.8660254037844387,-0.4999999999999998,1.8017480927762453,1.839402205911722,1.9809986707957528,-0.40560267790862303,,0.0,0,1,0,183,WB_RTFP,0.5535199704671978
Beans Brown,2022-04-01,2022-03-01,0.8660254037844387,-0.4999999999999998,2.374175274339607,1.247526505724661,10.04592764834098,5.117453936759908,,0.0,0,1,0,183,WB_RTFP,-0.773968142819148
Beef Boneless,2022-04-01,2022-03-01,0.8660254037844387,-0.4999999999999998,2.2091794375840745,1.946682820941792,0.633566088226889,0.9476285105362914,,0.0,0,0,0,183,WB_RTFP,2.557357877680433
Garri White,2022-04-01,2022-03-01,0.8660254037844387,-0.4999999999999998,-0.07329209198950748,0.5005460647465432,3.634515317408238,3.2337472211679374,,0.0,0,1,0,183,WB_RTFP,-1.433498573169234
Goat Meat Bone-In,2022-04-01,2022-03-01,0.8660254037844387,-0.4999999999999998,3.2497650363501718,2.527083827758858,1.1429020561557701,0.4812271916701416,,0.0,0,0,0,183,WB_RTFP,1.2975000588437924
Maize White Grain,2022-04-01,2022-03-01,0.8660254037844387,-0.4999999999999998,1.5687847276377287,1.9858563528737605,4.503085924160222,0.7692788910858228,,0.0,0,0,0,183,WB_RTFP,0.42019264618473606
Onions Fresh,2022-04-01,2022-03-01,0.8660254037844387,-0.4999999999999998,-0.2551558414168875,2.9351878190828185,3.1581711113611854,-1.9121943096976124,,0.0,0,0,0,183,WB_RTFP,-8.312007274295318
Rice Long-Grain Imported,2022-04-01,2022-03-01,0.8660254037844387,-0.4999999999999998,0.3991058739129638,1.571965826036803,-1.1160820098864543,-2.7272384485652945,,,0,0,1,183,WB_RTFP,0.559233020408656
Yam Tuber,2022-04-01,2022-03-01,0.8660254037844387,-0.4999999999999998,5.177559780716012,1.540516636483047,1.4600009062319286,-0.1497358188115916,,0.0,0,1,0,183,WB_RTFP,0.21783490144302586
Agric Hen Eggs (Crate of 30 Pieces),2022-05-01,2022-04-01,0.49999999999999994,-0.8660254037844387,0.5535199704671978,1.8017480927762453,1.839402205911722,3.374183013119336,,0.0,0,1,0,184,WB_RTFP,1.4166526808337077
Beans Brown,2022-05-01,2022-04-01,0.49999999999999994,-0.8660254037844387,-0.773968142819148,2.374175274339607,1.247526505724661,5.127145800302535,,0.0,0,1,0,184,WB_RTFP,-1.2337738779595209
Beef Boneless,2022-05-01,2022-04-01,0.49999999999999994,-0.8660254037844387,2.557357877680433,2.2091794375840745,1.946682820941792,4.570866065445545,,0.0,0,0,0,184,WB_RTFP,0.8525814895281147
Garri White,2022-05-01,2022-04-01,0.49999999999999994,-0.8660254037844387,-1.433498573169234,-0.07329209198950748,0.5005460647465432,2.0927049252521313,,0.0,0,1,0,184,WB_RTFP,3.274595200551489
Goat Meat Bone-In,2022-05-01,2022-04-01,0.49999999999999994,-0.8660254037844387,1.2975000588437924,3.2497650363501718,2.527083827758858,3.4625681255383345,,0.0,0,0,0,184,WB_RTFP,0.21466874732698482
Maize White Grain,2022-05-01,2022-04-01,0.49999999999999994,-0.8660254037844387,0.42019264618473606,1.5687847276377287,1.9858563528737605,1.4553880209068115,,0.0,0,1,0,184,WB_RTFP,1.2803208916059905
Onions Fresh,2022-05-01,2022-04-01,0.49999999999999994,-0.8660254037844387,-8.312007274295318,-0.2551558414168875,2.9351878190828185,4.709663729185931,,0.0,0,0,0,184,WB_RTFP,9.210828249781322
Rice Long-Grain Imported,2022-05-01,2022-04-01,0.49999999999999994,-0.8660254037844387,0.559233020408656,0.3991058739129638,1.571965826036803,0.8291668585976186,,,0,0,1,184,WB_RTFP,1.8514629156698437
Yam Tuber,2022-05-01,2022-04-01,0.49999999999999994,-0.8660254037844387,0.21783490144302586,5.177559780716012,1.540516636483047,9.851011062794534,,0.0,0,1,0,184,WB_RTFP,5.6977853726075
Agric Hen Eggs (Crate of 30 Pieces),2022-06-01,2022-05-01,1.2246467991473532e-16,-1.0,1.4166526808337077,0.5535199704671978,1.8017480927762453,4.19248653235611,,0.0,0,0,0,185,WB_RTFP,2.25474183121126
Beans Brown,2022-06-01,2022-05-01,1.2246467991473532e-16,-1.0,-1.2337738779595209,-0.773968142819148,2.374175274339607,11.150332795723749,,0.0,0,1,0,185,WB_RTFP,-9.751787368071984
Beef Boneless,2022-06-01,2022-05-01,1.2246467991473532e-16,-1.0,0.8525814895281147,2.557357877680433,2.2091794375840745,-1.2815430033105257,,0.0,0,0,0,185,WB_RTFP,4.026075412735053
Garri White,2022-06-01,2022-05-01,1.2246467991473532e-16,-1.0,3.274595200551489,-1.433498573169234,-0.07329209198950748,6.793055099906264,,0.0,0,0,0,185,WB_RTFP,3.048025655271913
Goat Meat Bone-In,2022-06-01,2022-05-01,1.2246467991473532e-16,-1.0,0.21466874732698482,1.2975000588437924,3.2497650363501718,-0.1505891941656179,,0.0,0,0,0,185,WB_RTFP,4.472331215501857
Maize White Grain,2022-06-01,2022-05-01,1.2246467991473532e-16,-1.0,1.2803208916059905,0.42019264618473606,1.5687847276377287,9.85466381194433,,0.0,0,1,0,185,WB_RTFP,1.7520525004634635
Onions Fresh,2022-06-01,2022-05-01,1.2246467991473532e-16,-1.0,9.210828249781322,-8.312007274295318,-0.2551558414168875,4.905760242039592,,0.0,0,0,0,185,WB_RTFP,-0.5740753839304613
Rice Long-Grain Imported,2022-06-01,2022-05-01,1.2246467991473532e-16,-1.0,1.8514629156698437,0.559233020408656,0.3991058739129638,1.548234476464172,,,0,0,1,185,WB_RTFP,3.614030272003843
Yam Tuber,2022-06-01,2022-05-01,1.2246467991473532e-16,-1.0,5.6977853726075,0.21783490144302586,5.177559780716012,7.972682447564283,,0.0,0,0,0,185,WB_RTFP,4.9214413135606705
Agric Hen Eggs (Crate of 30 Pieces),2022-07-01,2022-06-01,-0.4999999999999997,-0.8660254037844388,2.25474183121126,1.4166526808337077,0.5535199704671978,3.5346846029201906,,0.0,0,0,0,186,WB_RTFP,2.8669391067749794
Beans Brown,2022-07-01,2022-06-01,-0.4999999999999997,-0.8660254037844388,-9.751787368071984,-1.2337738779595209,-0.773968142819148,9.225663283525876,,0.0,0,0,0,186,WB_RTFP,3.987337537475688
Beef Boneless,2022-07-01,2022-06-01,-0.4999999999999997,-0.8660254037844388,4.026075412735053,0.8525814895281147,2.557357877680433,3.4203286574055802,,0.0,0,1,0,186,WB_RTFP,4.343979275616028
Garri White,2022-07-01,2022-06-01,-0.4999999999999997,-0.8660254037844388,3.048025655271913,3.274595200551489,-1.433498573169234,0.6978500496929163,,0.0,0,0,0,186,WB_RTFP,-0.07219205811689333
Goat Meat Bone-In,2022-07-01,2022-06-01,-0.4999999999999997,-0.8660254037844388,4.472331215501857,0.21466874732698482,1.2975000588437924,2.9218052823690943,,0.0,0,1,0,186,WB_RTFP,3.4790176650016047
Maize White Grain,2022-07-01,2022-06-01,-0.4999999999999997,-0.8660254037844388,1.7520525004634635,1.2803208916059905,0.42019264618473606,5.194607906296067,,0.0,0,1,0,186,WB_RTFP,-0.11451637649794177
Onions Fresh,2022-07-01,2022-06-01,-0.4999999999999997,-0.8660254037844388,-0.5740753839304613,9.210828249781322,-8.312007274295318,4.909979727825586,,0.0,0,1,0,186,WB_RTFP,2.2681311875361487
Rice Long-Grain Imported,2022-07-01,2022-06-01,-0.4999999999999997,-0.8660254037844388,3.614030272003843,1.8514629156698437,0.559233020408656,0.8659103748467789,,,0,0,1,186,WB_RTFP,2.607769112969116
Yam Tuber,2022-07-01,2022-06-01,-0.4999999999999997,-0.8660254037844388,4.9214413135606705,5.6977853726075,0.21783490144302586,3.842209267952823,,0.0,0,0,0,186,WB_RTFP,0.8810684759531728
Agric Hen Eggs (Crate of 30 Pieces),2022-08-01,2022-07-01,-0.8660254037844384,-0.5000000000000004,2.8669391067749794,2.25474183121126,1.4166526808337077,-1.6081943974505242,,0.0,0,0,0,187,WB_RTFP,1.7287536441303653
Beans Brown,2022-08-01,2022-07-01,-0.8660254037844384,-0.5000000000000004,3.987337537475688,-9.751787368071984,-1.2337738779595209,-0.8558918962946027,,0.0,0,0,0,187,WB_RTFP,-7.343161634778783
Beef Boneless,2022-08-01,2022-07-01,-0.8660254037844384,-0.5000000000000004,4.343979275616028,4.026075412735053,0.8525814895281147,1.7846967526327528,,0.0,0,1,0,187,WB_RTFP,-0.06818877504671805
Garri White,2022-08-01,2022-07-01,-0.8660254037844384,-0.5000000000000004,-0.07219205811689333,3.048025655271913,3.274595200551489,-6.22991190863641,,0.0,0,0,0,187,WB_RTFP,-3.3740849255710303
Goat Meat Bone-In,2022-08-01,2022-07-01,-0.8660254037844384,-0.5000000000000004,3.4790176650016047,4.472331215501857,0.21466874732698482,1.142899423457755,,0.0,0,1,0,187,WB_RTFP,-0.8596775680010382
Maize White Grain,2022-08-01,2022-07-01,-0.8660254037844384,-0.5000000000000004,-0.11451637649794177,1.7520525004634635,1.2803208916059905,-1.2698504387674836,,0.0,0,0,0,187,WB_RTFP,-3.3504504809492297
Onions Fresh,2022-08-01,2022-07-01,-0.8660254037844384,-0.5000000000000004,2.2681311875361487,-0.5740753839304613,9.210828249781322,-0.8431241084319918,,0.0,0,1,0,187,WB_RTFP,-0.8893817395423054
Rice Long-Grain Imported,2022-08-01,2022-07-01,-0.8660254037844384,-0.5000000000000004,2.607769112969116,3.614030272003843,1.8514629156698437,-0.7389046701592461,,,0,0,1,187,WB_RTFP,2.8854563439289382
Yam Tuber,2022-08-01,2022-07-01,-0.8660254037844384,-0.5000000000000004,0.8810684759531728,4.9214413135606705,5.6977853726075,0.7643020594965577,,0.0,1,0,0,187,WB_RTFP,-5.6946731412908065
Agric Hen Eggs (Crate of 30 Pieces),2022-09-01,2022-08-01,-1.0,-1.8369701987210297e-16,1.7287536441303653,2.8669391067749794,2.25474183121126,-0.42731527619983556,,0.0,0,0,0,188,WB_RTFP,-0.6046600502173871
Beans Brown,2022-09-01,2022-08-01,-1.0,-1.8369701987210297e-16,-7.343161634778783,3.987337537475688,-9.751787368071984,3.3494115425451554,,0.0,0,0,0,188,WB_RTFP,-2.167047125808541
Beef Boneless,2022-09-01,2022-08-01,-1.0,-1.8369701987210297e-16,-0.06818877504671805,4.343979275616028,4.026075412735053,0.2426538831920455,,0.0,0,0,0,188,WB_RTFP,0.9425754082573068
Garri White,2022-09-01,2022-08-01,-1.0,-1.8369701987210297e-16,-3.3740849255710303,-0.07219205811689333,3.048025655271913,-3.0424855402858664,,0.0,1,0,0,188,WB_RTFP,-1.2311069539105879
Goat Meat Bone-In,2022-09-01,2022-08-01,-1.0,-1.8369701987210297e-16,-0.8596775680010382,3.4790176650016047,4.472331215501857,1.7368580193624528,,0.0,0,0,0,188,WB_RTFP,0.7852603748878861
Maize White Grain,2022-09-01,2022-08-01,-1.0,-1.8369701987210297e-16,-3.3504504809492297,-0.11451637649794177,1.7520525004634635,-2.1507351049093626,,0.0,1,0,0,188,WB_RTFP,0.3486515565156223
Onions Fresh,2022-09-01,2022-08-01,-1.0,-1.8369701987210297e-16,-0.8893817395423054,2.2681311875361487,-0.5740753839304613,3.4462870132579537,,0.0,0,1,0,188,WB_RTFP,2.7350261498556794
Rice Long-Grain Imported,2022-09-01,2022-08-01,-1.0,-1.8369701987210297e-16,2.8854563439289382,2.607769112969116,3.614030272003843,0.04282226207614759,,,0,0,1,188,WB_RTFP,3.8502838203952727
Yam Tuber,2022-09-01,2022-08-01,-1.0,-1.8369701987210297e-16,-5.6946731412908065,0.8810684759531728,4.9214413135606705,-6.194047024269123,,0.0,1,0,0,188,WB_RTFP,-1.7719315924823231
Agric Hen Eggs (Crate of 30 Pieces),2022-10-01,2022-09-01,-0.8660254037844386,0.5000000000000001,-0.6046600502173871,1.7287536441303653,2.8669391067749794,1.6974382708651037,,0.0,1,0,0,189,WB_RTFP,2.110729553994739
Beans Brown,2022-10-01,2022-09-01,-0.8660254037844386,0.5000000000000001,-2.167047125808541,-7.343161634778783,3.987337537475688,-7.493441559698755,,0.0,1,0,0,189,WB_RTFP,-3.3549329723202237
Beef Boneless,2022-10-01,2022-09-01,-0.8660254037844386,0.5000000000000001,0.9425754082573068,-0.06818877504671805,4.343979275616028,1.750429996190217,,0.0,0,0,0,189,WB_RTFP,0.49280906257378465
Garri White,2022-10-01,2022-09-01,-0.8660254037844386,0.5000000000000001,-1.2311069539105879,-3.3740849255710303,-0.07219205811689333,0.12300715457211897,,0.0,1,0,0,189,WB_RTFP,-4.736732269687849
Goat Meat Bone-In,2022-10-01,2022-09-01,-0.8660254037844386,0.5000000000000001,0.7852603748878861,-0.8596775680010382,3.4790176650016047,0.18743922487731712,,0.0,0,0,0,189,WB_RTFP,1.8281332319923127
Maize White Grain,2022-10-01,2022-09-01,-0.8660254037844386,0.5000000000000001,0.3486515565156223,-3.3504504809492297,-0.11451637649794177,-7.077519645935759,,0.0,1,0,0,189,WB_RTFP,-2.1567445546081365
Onions Fresh,2022-10-01,2022-09-01,-0.8660254037844386,0.5000000000000001,2.7350261498556794,-0.8893817395423054,2.2681311875361487,-3.838445276547575,,0.0,0,0,0,189,WB_RTFP,3.255982647083333
Rice Long-Grain Imported,2022-10-01,2022-09-01,-0.8660254037844386,0.5000000000000001,3.8502838203952727,2.8854563439289382,2.607769112969116,2.2851753095922023,,,0,0,1,189,WB_RTFP,6.106407121270574
Yam Tuber,2022-10-01,2022-09-01,-0.8660254037844386,0.5000000000000001,-1.7719315924823231,-5.6946731412908065,0.8810684759531728,-3.25212633939731,,0.0,1,0,0,189,WB_RTFP,-1.152754186137983
Agric Hen Eggs (Crate of 30 Pieces),2022-11-01,2022-10-01,-0.5000000000000004,0.8660254037844384,2.110729553994739,-0.6046600502173871,1.7287536441303653,5.779790464679735,,0.0,1,0,0,190,WB_RTFP,5.059185099104524
Beans Brown,2022-11-01,2022-10-01,-0.5000000000000004,0.8660254037844384,-3.3549329723202237,-2.167047125808541,-7.343161634778783,-8.901038672690065,,0.0,1,0,0,190,WB_RTFP,-0.22406074138277
Beef Boneless,2022-11-01,2022-10-01,-0.5000000000000004,0.8660254037844384,0.49280906257378465,0.9425754082573068,-0.06818877504671805,3.4332473855205548,,0.0,1,0,0,190,WB_RTFP,3.32131608494064
Garri White,2022-11-01,2022-10-01,-0.5000000000000004,0.8660254037844384,-4.736732269687849,-1.2311069539105879,-3.3740849255710303,-2.7994924052818115,,0.0,1,0,0,190,WB_RTFP,0.7086264599412528
Goat Meat Bone-In,2022-11-01,2022-10-01,-0.5000000000000004,0.8660254037844384,1.8281332319923127,0.7852603748878861,-0.8596775680010382,3.007630682311224,,0.0,1,0,0,190,WB_RTFP,3.03237789025943
Maize White Grain,2022-11-01,2022-10-01,-0.5000000000000004,0.8660254037844384,-2.1567445546081365,0.3486515565156223,-3.3504504809492297,-1.35040127741467,,0.0,1,0,0,190,WB_RTFP,3.270593359455898
Onions Fresh,2022-11-01,2022-10-01,-0.5000000000000004,0.8660254037844384,3.255982647083333,2.7350261498556794,-0.8893817395423054,2.7767040612838523,,0.0,1,0,0,190,WB_RTFP,-2.7791913363723553
Rice Long-Grain Imported,2022-11-01,2022-10-01,-0.5000000000000004,0.8660254037844384,6.106407121270574,3.8502838203952727,2.8854563439289382,3.9004688423440736,,,0,0,1,190,WB_RTFP,3.3966805011625523
Yam Tuber,2022-11-01,2022-10-01,-0.5000000000000004,0.8660254037844384,-1.152754186137983,-1.7719315924823231,-5.6946731412908065,-0.3483373692713232,,0.0,1,0,0,190,WB_RTFP,0.2596671812949314
Agric Hen Eggs (Crate of 30 Pieces),2022-12-01,2022-11-01,-2.4492935982947064e-16,1.0,5.059185099104524,2.110729553994739,-0.6046600502173871,2.982170840601994,,0.0,1,0,0,191,WB_RTFP,4.711107160412054
Beans Brown,2022-12-01,2022-11-01,-2.4492935982947064e-16,1.0,-0.22406074138277,-3.3549329723202237,-2.167047125808541,-5.910529792107999,,0.0,1,0,0,191,WB_RTFP,0.23582922031826214
Beef Boneless,2022-12-01,2022-11-01,-2.4492935982947064e-16,1.0,3.32131608494064,0.49280906257378465,0.9425754082573068,2.903138390947557,,0.0,1,0,0,191,WB_RTFP,5.14806494505804
Garri White,2022-12-01,2022-11-01,-2.4492935982947064e-16,1.0,0.7086264599412528,-4.736732269687849,-1.2311069539105879,0.6860402149745148,,0.0,1,0,0,191,WB_RTFP,0.08134354559434787
Goat Meat Bone-In,2022-12-01,2022-11-01,-2.4492935982947064e-16,1.0,3.03237789025943,1.8281332319923127,0.7852603748878861,2.4114006183100445,,0.0,1,0,0,191,WB_RTFP,4.539568463851684
Maize White Grain,2022-12-01,2022-11-01,-2.4492935982947064e-16,1.0,3.270593359455898,-2.1567445546081365,0.3486515565156223,6.8218454151504515,,0.0,0,0,0,191,WB_RTFP,1.5550455711879296
Onions Fresh,2022-12-01,2022-11-01,-2.4492935982947064e-16,1.0,-2.7791913363723553,3.255982647083333,2.7350261498556794,-3.147657847668761,,0.0,1,0,0,191,WB_RTFP,-4.393593959859155
Rice Long-Grain Imported,2022-12-01,2022-11-01,-2.4492935982947064e-16,1.0,3.3966805011625523,6.106407121270574,3.8502838203952727,-0.1281278211272885,,,0,0,1,191,WB_RTFP,2.7307384132253976
Yam Tuber,2022-12-01,2022-11-01,-2.4492935982947064e-16,1.0,0.2596671812949314,-1.152754186137983,-1.7719315924823231,3.8152569767451627,,0.0,0,0,0,191,WB_RTFP,-0.28360160740350526
Agric Hen Eggs (Crate of 30 Pieces),2023-01-01,2022-12-01,0.49999999999999994,0.8660254037844387,4.711107160412054,5.059185099104524,2.110729553994739,1.9809986707957528,,0.0,0,0,0,192,WB_RTFP,1.0129082095866382
Beans Brown,2023-01-01,2022-12-01,0.49999999999999994,0.8660254037844387,0.23582922031826214,-0.22406074138277,-3.3549329723202237,10.04592764834098,,0.0,0,0,0,192,WB_RTFP,0.7174450801895826
Beef Boneless,2023-01-01,2022-12-01,0.49999999999999994,0.8660254037844387,5.14806494505804,3.32131608494064,0.49280906257378465,0.633566088226889,,0.0,1,0,0,192,WB_RTFP,1.626480373764494
Garri White,2023-01-01,2022-12-01,0.49999999999999994,0.8660254037844387,0.08134354559434787,0.7086264599412528,-4.736732269687849,3.634515317408238,,0.0,0,0,0,192,WB_RTFP,0.16379447842369554
Goat Meat Bone-In,2023-01-01,2022-12-01,0.49999999999999994,0.8660254037844387,4.539568463851684,3.03237789025943,1.8281332319923127,1.1429020561557701,,0.0,1,0,0,192,WB_RTFP,1.8636073421978816
Maize White Grain,2023-01-01,2022-12-01,0.49999999999999994,0.8660254037844387,1.5550455711879296,3.270593359455898,-2.1567445546081365,4.503085924160222,,0.0,0,0,0,192,WB_RTFP,2.1688084144770636
Onions Fresh,2023-01-01,2022-12-01,0.49999999999999994,0.8660254037844387,-4.393593959859155,-2.7791913363723553,3.255982647083333,3.1581711113611854,,0.0,1,0,0,192,WB_RTFP,0.4151653647823217
Rice Long-Grain Imported,2023-01-01,2022-12-01,0.49999999999999994,0.8660254037844387,2.7307384132253976,3.3966805011625523,6.106407121270574,-1.1160820098864543,,,0,0,1,192,WB_RTFP,1.5604746898532085
Yam Tuber,2023-01-01,2022-12-01,0.49999999999999994,0.8660254037844387,-0.28360160740350526,0.2596671812949314,-1.152754186137983,1.4600009062319286,,0.0,0,0,0,192,WB_RTFP,-0.84952739030979
Agric Hen Eggs (Crate of 30 Pieces),2023-02-01,2023-01-01,0.8660254037844386,0.5000000000000001,1.0129082095866382,4.711107160412054,5.059185099104524,1.839402205911722,,0.0,0,0,0,193,WB_RTFP,2.891985440970668
Beans Brown,2023-02-01,2023-01-01,0.8660254037844386,0.5000000000000001,0.7174450801895826,0.23582922031826214,-0.22406074138277,1.247526505724661,,0.0,0,0,0,193,WB_RTFP,-4.666579510011381
Beef Boneless,2023-02-01,2023-01-01,0.8660254037844386,0.5000000000000001,1.626480373764494,5.14806494505804,3.32131608494064,1.946682820941792,,0.0,0,0,0,193,WB_RTFP,0.38186369703732126
Garri White,2023-02-01,2023-01-01,0.8660254037844386,0.5000000000000001,0.16379447842369554,0.08134354559434787,0.7086264599412528,0.5005460647465432,,0.0,0,0,0,193,WB_RTFP,0.9016653809502229
Goat Meat Bone-In,2023-02-01,2023-01-01,0.8660254037844386,0.5000000000000001,1.8636073421978816,4.539568463851684,3.03237789025943,2.527083827758858,,0.0,0,0,0,193,WB_RTFP,-1.305899619385542
Maize White Grain,2023-02-01,2023-01-01,0.8660254037844386,0.5000000000000001,2.1688084144770636,1.5550455711879296,3.270593359455898,1.9858563528737605,,0.0,0,0,0,193,WB_RTFP,-4.791561794519994
Onions Fresh,2023-02-01,2023-01-01,0.8660254037844386,0.5000000000000001,0.4151653647823217,-4.393593959859155,-2.7791913363723553,2.9351878190828185,,0.0,1,0,0,193,WB_RTFP,-0.46307107234000444
Rice Long-Grain Imported,2023-02-01,2023-01-01,0.8660254037844386,0.5000000000000001,1.5604746898532085,2.7307384132253976,3.3966805011625523,1.571965826036803,,,0,0,1,193,WB_RTFP,5.103218394446363
Yam Tuber,2023-02-01,2023-01-01,0.8660254037844386,0.5000000000000001,-0.84952739030979,-0.28360160740350526,0.2596671812949314,1.540516636483047,,0.0,0,0,0,193,WB_RTFP,-5.855068979676348
Agric Hen Eggs (Crate of 30 Pieces),2023-03-01,2023-02-01,1.0,6.123233995736766e-17,2.891985440970668,1.0129082095866382,4.711107160412054,1.8017480927762453,,0.0,0,1,0,194,WB_RTFP,-4.158555842789314
Beans Brown,2023-03-01,2023-02-01,1.0,6.123233995736766e-17,-4.666579510011381,0.7174450801895826,0.23582922031826214,2.374175274339607,,0.0,0,0,0,194,WB_RTFP,3.5308202743008943
Beef Boneless,2023-03-01,2023-02-01,1.0,6.123233995736766e-17,0.38186369703732126,1.626480373764494,5.14806494505804,2.2091794375840745,,0.0,0,0,0,194,WB_RTFP,-0.10241914567967747
Garri White,2023-03-01,2023-02-01,1.0,6.123233995736766e-17,0.9016653809502229,0.16379447842369554,0.08134354559434787,-0.07329209198950748,,0.0,0,1,0,194,WB_RTFP,9.788190735046488
Goat Meat Bone-In,2023-03-01,2023-02-01,1.0,6.123233995736766e-17,-1.305899619385542,1.8636073421978816,4.539568463851684,3.2497650363501718,,0.0,0,0,0,194,WB_RTFP,2.9246836287604827
Maize White Grain,2023-03-01,2023-02-01,1.0,6.123233995736766e-17,-4.791561794519994,2.1688084144770636,1.5550455711879296,1.5687847276377287,,0.0,0,0,0,194,WB_RTFP,6.095419132157609
Onions Fresh,2023-03-01,2023-02-01,1.0,6.123233995736766e-17,-0.46307107234000444,0.4151653647823217,-4.393593959859155,-0.2551558414168875,,0.0,0,0,0,194,WB_RTFP,-0.4550662647699988
Rice Long-Grain Imported,2023-03-01,2023-02-01,1.0,6.123233995736766e-17,5.103218394446363,1.5604746898532085,2.7307384132253976,0.3991058739129638,,,0,0,1,194,WB_RTFP,0.3688485042500078
Yam Tuber,2023-03-01,2023-02-01,1.0,6.123233995736766e-17,-5.855068979676348,-0.84952739030979,-0.28360160740350526,5.177559780716012,,0.0,0,1,0,194,WB_RTFP,2.31618318037754
Agric Hen Eggs (Crate of 30 Pieces),2023-04-01,2023-03-01,0.8660254037844387,-0.4999999999999998,-4.158555842789314,2.891985440970668,1.0129082095866382,0.5535199704671978,,0.0,0,1,0,195,WB_RTFP,1.8115715969586388
Beans Brown,2023-04-01,2023-03-01,0.8660254037844387,-0.4999999999999998,3.5308202743008943,-4.666579510011381,0.7174450801895826,-0.773968142819148,,0.0,0,1,0,195,WB_RTFP,11.323521533229819
Beef Boneless,2023-04-01,2023-03-01,0.8660254037844387,-0.4999999999999998,-0.10241914567967747,0.38186369703732126,1.626480373764494,2.557357877680433,,0.0,0,0,0,195,WB_RTFP,2.912013719794082
Garri White,2023-04-01,2023-03-01,0.8660254037844387,-0.4999999999999998,9.788190735046488,0.9016653809502229,0.16379447842369554,-1.433498573169234,,0.0,0,1,0,195,WB_RTFP,3.176098064341204
Goat Meat Bone-In,2023-04-01,2023-03-01,0.8660254037844387,-0.4999999999999998,2.9246836287604827,-1.305899619385542,1.8636073421978816,1.2975000588437924,,0.0,0,0,0,195,WB_RTFP,1.7317759717394798
Maize White Grain,2023-04-01,2023-03-01,0.8660254037844387,-0.4999999999999998,6.095419132157609,-4.791561794519994,2.1688084144770636,0.42019264618473606,,0.0,0,0,0,195,WB_RTFP,3.765917002339725
Onions Fresh,2023-04-01,2023-03-01,0.8660254037844387,-0.4999999999999998,-0.4550662647699988,-0.46307107234000444,0.4151653647823217,-8.312007274295318,,0.0,0,0,0,195,WB_RTFP,-5.62632238461126
Rice Long-Grain Imported,2023-04-01,2023-03-01,0.8660254037844387,-0.4999999999999998,0.3688485042500078,5.103218394446363,1.5604746898532085,0.559233020408656,,,0,0,1,195,WB_RTFP,-2.2815939278937436
Yam Tuber,2023-04-01,2023-03-01,0.8660254037844387,-0.4999999999999998,2.31618318037754,-5.855068979676348,-0.84952739030979,0.21783490144302586,,0.0,0,1,0,195,WB_RTFP,-1.4510446993542314
Agric Hen Eggs (Crate of 30 Pieces),2023-05-01,2023-04-01,0.49999999999999994,-0.8660254037844387,1.8115715969586388,-4.158555842789314,2.891985440970668,1.4166526808337077,,0.0,0,1,0,196,WB_RTFP,2.573897951976134
Beans Brown,2023-05-01,2023-04-01,0.49999999999999994,-0.8660254037844387,11.323521533229819,3.5308202743008943,-4.666579510011381,-1.2337738779595209,,0.0,0,1,0,196,WB_RTFP,7.315821429218516
Beef Boneless,2023-05-01,2023-04-01,0.49999999999999994,-0.8660254037844387,2.912013719794082,-0.10241914567967747,0.38186369703732126,0.8525814895281147,,0.0,0,0,0,196,WB_RTFP,0.8705506848342148
Garri White,2023-05-01,2023-04-01,0.49999999999999994,-0.8660254037844387,3.176098064341204,9.788190735046488,0.9016653809502229,3.274595200551489,,0.0,0,1,0,196,WB_RTFP,0.8081561292241357
Goat Meat Bone-In,2023-05-01,2023-04-01,0.49999999999999994,-0.8660254037844387,1.7317759717394798,2.9246836287604827,-1.305899619385542,0.21466874732698482,,0.0,0,0,0,196,WB_RTFP,0.5554833564227479
Maize White Grain,2023-05-01,2023-04-01,0.49999999999999994,-0.8660254037844387,3.765917002339725,6.095419132157609,-4.791561794519994,1.2803208916059905,,0.0,0,1,0,196,WB_RTFP,7.46974208771416
Onions Fresh,2023-05-01,2023-04-01,0.49999999999999994,-0.8660254037844387,-5.62632238461126,-0.4550662647699988,-0.46307107234000444,9.210828249781322,,0.0,0,0,0,196,WB_RTFP,1.9444026377252621
Rice Long-Grain Imported,2023-05-01,2023-04-01,0.49999999999999994,-0.8660254037844387,-2.2815939278937436,0.3688485042500078,5.103218394446363,1.8514629156698437,,,0,0,1,196,WB_RTFP,-1.6115836111205817
Yam Tuber,2023-05-01,2023-04-01,0.49999999999999994,-0.8660254037844387,-1.4510446993542314,2.31618318037754,-5.855068979676348,5.6977853726075,,0.0,0,1,0,196,WB_RTFP,4.308382896850871
Agric Hen Eggs (Crate of 30 Pieces),2023-06-01,2023-05-01,1.2246467991473532e-16,-1.0,2.573897951976134,1.8115715969586388,-4.158555842789314,2.25474183121126,,0.0,0,0,0,197,WB_RTFP,7.319416931319522
Beans Brown,2023-06-01,2023-05-01,1.2246467991473532e-16,-1.0,7.315821429218516,11.323521533229819,3.5308202743008943,-9.751787368071984,,0.0,0,1,0,197,WB_RTFP,6.433168507687559
Beef Boneless,2023-06-01,2023-05-01,1.2246467991473532e-16,-1.0,0.8705506848342148,2.912013719794082,-0.10241914567967747,4.026075412735053,,0.0,0,0,0,197,WB_RTFP,6.99546366420889
Garri White,2023-06-01,2023-05-01,1.2246467991473532e-16,-1.0,0.8081561292241357,3.176098064341204,9.788190735046488,3.048025655271913,,0.0,0,0,0,197,WB_RTFP,9.165136363196957
Goat Meat Bone-In,2023-06-01,2023-05-01,1.2246467991473532e-16,-1.0,0.5554833564227479,1.7317759717394798,2.9246836287604827,4.472331215501857,,0.0,0,0,0,197,WB_RTFP,3.2223056705716235
Maize White Grain,2023-06-01,2023-05-01,1.2246467991473532e-16,-1.0,7.46974208771416,3.765917002339725,6.095419132157609,1.7520525004634635,,0.0,0,1,0,197,WB_RTFP,14.741572082029553
Onions Fresh,2023-06-01,2023-05-01,1.2246467991473532e-16,-1.0,1.9444026377252621,-5.62632238461126,-0.4550662647699988,-0.5740753839304613,,0.0,0,0,0,197,WB_RTFP,12.01967135667623
Rice Long-Grain Imported,2023-06-01,2023-05-01,1.2246467991473532e-16,-1.0,-1.6115836111205817,-2.2815939278937436,0.3688485042500078,3.614030272003843,,,0,0,1,197,WB_RTFP,5.342372655755412
Yam Tuber,2023-06-01,2023-05-01,1.2246467991473532e-16,-1.0,4.308382896850871,-1.4510446993542314,2.31618318037754,4.9214413135606705,,0.0,0,0,0,197,WB_RTFP,19.286506277324666
Agric Hen Eggs (Crate of 30 Pieces),2023-07-01,2023-06-01,-0.4999999999999997,-0.8660254037844388,7.319416931319522,2.573897951976134,1.8115715969586388,2.8669391067749794,,0.0,0,0,0,198,WB_RTFP,7.784102255973613
Beans Brown,2023-07-01,2023-06-01,-0.4999999999999997,-0.8660254037844388,6.433168507687559,7.315821429218516,11.323521533229819,3.987337537475688,,0.0,0,0,0,198,WB_RTFP,9.627920492522456
Beef Boneless,2023-07-01,2023-06-01,-0.4999999999999997,-0.8660254037844388,6.99546366420889,0.8705506848342148,2.912013719794082,4.343979275616028,,0.0,0,1,0,198,WB_RTFP,7.074957216958522
Garri White,2023-07-01,2023-06-01,-0.4999999999999997,-0.8660254037844388,9.165136363196957,0.8081561292241357,3.176098064341204,-0.07219205811689333,,0.0,0,0,0,198,WB_RTFP,15.03688254816411
Goat Meat Bone-In,2023-07-01,2023-06-01,-0.4999999999999997,-0.8660254037844388,3.2223056705716235,0.5554833564227479,1.7317759717394798,3.4790176650016047,,0.0,0,1,0,198,WB_RTFP,4.597815302929087
Maize White Grain,2023-07-01,2023-06-01,-0.4999999999999997,-0.8660254037844388,14.741572082029553,7.46974208771416,3.765917002339725,-0.11451637649794177,,0.0,0,1,0,198,WB_RTFP,14.38514822516954
Onions Fresh,2023-07-01,2023-06-01,-0.4999999999999997,-0.8660254037844388,12.01967135667623,1.9444026377252621,-5.62632238461126,2.2681311875361487,,0.0,0,1,0,198,WB_RTFP,19.91688282274289
Rice Long-Grain Imported,2023-07-01,2023-06-01,-0.4999999999999997,-0.8660254037844388,5.342372655755412,-1.6115836111205817,-2.2815939278937436,2.607769112969116,,,0,0,1,198,WB_RTFP,10.1722073063242
Yam Tuber,2023-07-01,2023-06-01,-0.4999999999999997,-0.8660254037844388,19.286506277324666,4.308382896850871,-1.4510446993542314,0.8810684759531728,,0.0,0,0,0,198,WB_RTFP,16.96971295160743
Agric Hen Eggs (Crate of 30 Pieces),2023-08-01,2023-07-01,-0.8660254037844384,-0.5000000000000004,7.784102255973613,7.319416931319522,2.573897951976134,1.7287536441303653,,0.0,0,0,0,199,WB_RTFP,2.758111453763612
Beans Brown,2023-08-01,2023-07-01,-0.8660254037844384,-0.5000000000000004,9.627920492522456,6.433168507687559,7.315821429218516,-7.343161634778783,,0.0,0,0,0,199,WB_RTFP,5.9181918558675495
Beef Boneless,2023-08-01,2023-07-01,-0.8660254037844384,-0.5000000000000004,7.074957216958522,6.99546366420889,0.8705506848342148,-0.06818877504671805,,0.0,0,1,0,199,WB_RTFP,3.3721804617075968
Garri White,2023-08-01,2023-07-01,-0.8660254037844384,-0.5000000000000004,15.03688254816411,9.165136363196957,0.8081561292241357,-3.3740849255710303,,0.0,0,0,0,199,WB_RTFP,-2.400471221772449
Goat Meat Bone-In,2023-08-01,2023-07-01,-0.8660254037844384,-0.5000000000000004,4.597815302929087,3.2223056705716235,0.5554833564227479,-0.8596775680010382,,0.0,0,1,0,199,WB_RTFP,4.777767108685493
Maize White Grain,2023-08-01,2023-07-01,-0.8660254037844384,-0.5000000000000004,14.38514822516954,14.741572082029553,7.46974208771416,-3.3504504809492297,,0.0,0,0,0,199,WB_RTFP,14.263328995202972
Onions Fresh,2023-08-01,2023-07-01,-0.8660254037844384,-0.5000000000000004,19.91688282274289,12.01967135667623,1.9444026377252621,-0.8893817395423054,,0.0,0,1,0,199,WB_RTFP,10.06095153429023
Rice Long-Grain Imported,2023-08-01,2023-07-01,-0.8660254037844384,-0.5000000000000004,10.1722073063242,5.342372655755412,-1.6115836111205817,2.8854563439289382,,,0,0,1,199,WB_RTFP,6.579433767318199
Yam Tuber,2023-08-01,2023-07-01,-0.8660254037844384,-0.5000000000000004,16.96971295160743,19.286506277324666,4.308382896850871,-5.6946731412908065,,0.0,1,0,0,199,WB_RTFP,12.536130620508379
Agric Hen Eggs (Crate of 30 Pieces),2023-09-01,2023-08-01,-1.0,-1.8369701987210297e-16,2.758111453763612,7.784102255973613,7.319416931319522,-0.6046600502173871,,0.0,0,0,0,200,WB_RTFP,3.0575900233038578
Beans Brown,2023-09-01,2023-08-01,-1.0,-1.8369701987210297e-16,5.9181918558675495,9.627920492522456,6.433168507687559,-2.167047125808541,,0.0,0,0,0,200,WB_RTFP,1.6717418723832589
Beef Boneless,2023-09-01,2023-08-01,-1.0,-1.8369701987210297e-16,3.3721804617075968,7.074957216958522,6.99546366420889,0.9425754082573068,,0.0,0,0,0,200,WB_RTFP,1.2033124776060777
Garri White,2023-09-01,2023-08-01,-1.0,-1.8369701987210297e-16,-2.400471221772449,15.03688254816411,9.165136363196957,-1.2311069539105879,,0.0,1,0,0,200,WB_RTFP,0.5973799412376746
Goat Meat Bone-In,2023-09-01,2023-08-01,-1.0,-1.8369701987210297e-16,4.777767108685493,4.597815302929087,3.2223056705716235,0.7852603748878861,,0.0,0,0,0,200,WB_RTFP,0.9197019989896305
Maize White Grain,2023-09-01,2023-08-01,-1.0,-1.8369701987210297e-16,14.263328995202972,14.38514822516954,14.741572082029553,0.3486515565156223,,0.0,1,0,0,200,WB_RTFP,2.780770024997592
Onions Fresh,2023-09-01,2023-08-01,-1.0,-1.8369701987210297e-16,10.06095153429023,19.91688282274289,12.01967135667623,2.7350261498556794,,0.0,0,1,0,200,WB_RTFP,-0.3443947462048902
Rice Long-Grain Imported,2023-09-01,2023-08-01,-1.0,-1.8369701987210297e-16,6.579433767318199,10.1722073063242,5.342372655755412,3.8502838203952727,,,0,0,1,200,WB_RTFP,4.738186479853734
Yam Tuber,2023-09-01,2023-08-01,-1.0,-1.8369701987210297e-16,12.536130620508379,16.96971295160743,19.286506277324666,-1.7719315924823231,,0.0,1,0,0,200,WB_RTFP,0.9050239333902033
Agric Hen Eggs (Crate of 30 Pieces),2023-10-01,2023-09-01,-0.8660254037844386,0.5000000000000001,3.0575900233038578,2.758111453763612,7.784102255973613,2.110729553994739,,0.0,1,0,0,201,WB_RTFP,4.113797625737381
Beans Brown,2023-10-01,2023-09-01,-0.8660254037844386,0.5000000000000001,1.6717418723832589,5.9181918558675495,9.627920492522456,-3.3549329723202237,,0.0,1,0,0,201,WB_RTFP,5.074679928491865
Beef Boneless,2023-10-01,2023-09-01,-0.8660254037844386,0.5000000000000001,1.2033124776060777,3.3721804617075968,7.074957216958522,0.49280906257378465,,0.0,0,0,0,201,WB_RTFP,3.6906034120520737
Garri White,2023-10-01,2023-09-01,-0.8660254037844386,0.5000000000000001,0.5973799412376746,-2.400471221772449,15.03688254816411,-4.736732269687849,,0.0,1,0,0,201,WB_RTFP,2.138464897965342
Goat Meat Bone-In,2023-10-01,2023-09-01,-0.8660254037844386,0.5000000000000001,0.9197019989896305,4.777767108685493,4.597815302929087,1.8281332319923127,,0.0,0,0,0,201,WB_RTFP,4.359379686721931
Maize White Grain,2023-10-01,2023-09-01,-0.8660254037844386,0.5000000000000001,2.780770024997592,14.263328995202972,14.38514822516954,-2.1567445546081365,,0.0,1,0,0,201,WB_RTFP,-5.900301053874591
Onions Fresh,2023-10-01,2023-09-01,-0.8660254037844386,0.5000000000000001,-0.3443947462048902,10.06095153429023,19.91688282274289,3.255982647083333,,0.0,0,0,0,201,WB_RTFP,5.295702975103178
Rice Long-Grain Imported,2023-10-01,2023-09-01,-0.8660254037844386,0.5000000000000001,4.738186479853734,6.579433767318199,10.1722073063242,6.106407121270574,,,0,0,1,201,WB_RTFP,4.68334728750659
Yam Tuber,2023-10-01,2023-09-01,-0.8660254037844386,0.5000000000000001,0.9050239333902033,12.536130620508379,16.96971295160743,-1.152754186137983,,0.0,1,0,0,201,WB_RTFP,5.899976996178058
Agric Hen Eggs (Crate of 30 Pieces),2023-11-01,2023-10-01,-0.5000000000000004,0.8660254037844384,4.113797625737381,3.0575900233038578,2.758111453763612,5.059185099104524,,0.0,1,0,0,202,WB_RTFP,8.066560930146348
Beans Brown,2023-11-01,2023-10-01,-0.5000000000000004,0.8660254037844384,5.074679928491865,1.6717418723832589,5.9181918558675495,-0.22406074138277,,0.0,1,0,0,202,WB_RTFP,4.988261577168673
Beef Boneless,2023-11-01,2023-10-01,-0.5000000000000004,0.8660254037844384,3.6906034120520737,1.2033124776060777,3.3721804617075968,3.32131608494064,,0.0,1,0,0,202,WB_RTFP,5.48861528977076
Garri White,2023-11-01,2023-10-01,-0.5000000000000004,0.8660254037844384,2.138464897965342,0.5973799412376746,-2.400471221772449,0.7086264599412528,,0.0,1,0,0,202,WB_RTFP,-0.6539535875475289
Goat Meat Bone-In,2023-11-01,2023-10-01,-0.5000000000000004,0.8660254037844384,4.359379686721931,0.9197019989896305,4.777767108685493,3.03237789025943,,0.0,1,0,0,202,WB_RTFP,3.9224595734316026
Maize White Grain,2023-11-01,2023-10-01,-0.5000000000000004,0.8660254037844384,-5.900301053874591,2.780770024997592,14.263328995202972,3.270593359455898,,0.0,1,0,0,202,WB_RTFP,-0.38395340002840284
Onions Fresh,2023-11-01,2023-10-01,-0.5000000000000004,0.8660254037844384,5.295702975103178,-0.3443947462048902,10.06095153429023,-2.7791913363723553,,0.0,1,0,0,202,WB_RTFP,6.706897997996686
Rice Long-Grain Imported,2023-11-01,2023-10-01,-0.5000000000000004,0.8660254037844384,4.68334728750659,4.738186479853734,6.579433767318199,3.3966805011625523,,,0,0,1,202,WB_RTFP,5.251458568103362
Yam Tuber,2023-11-01,2023-10-01,-0.5000000000000004,0.8660254037844384,5.899976996178058,0.9050239333902033,12.536130620508379,0.2596671812949314,,0.0,1,0,0,202,WB_RTFP,3.728519826363108
Agric Hen Eggs (Crate of 30 Pieces),2023-12-01,2023-11-01,-2.4492935982947064e-16,1.0,8.066560930146348,4.113797625737381,3.0575900233038578,4.711107160412054,,0.0,1,0,0,203,WB_RTFP,4.222003689895915
Beans Brown,2023-12-01,2023-11-01,-2.4492935982947064e-16,1.0,4.988261577168673,5.074679928491865,1.6717418723832589,0.23582922031826214,,0.0,1,0,0,203,WB_RTFP,13.649872742583135
Beef Boneless,2023-12-01,2023-11-01,-2.4492935982947064e-16,1.0,5.48861528977076,3.6906034120520737,1.2033124776060777,5.14806494505804,,0.0,1,0,0,203,WB_RTFP,3.7470798753377554
Garri White,2023-12-01,2023-11-01,-2.4492935982947064e-16,1.0,-0.6539535875475289,2.138464897965342,0.5973799412376746,0.08134354559434787,,0.0,1,0,0,203,WB_RTFP,4.80086127039101
Goat Meat Bone-In,2023-12-01,2023-11-01,-2.4492935982947064e-16,1.0,3.9224595734316026,4.359379686721931,0.9197019989896305,4.539568463851684,,0.0,1,0,0,203,WB_RTFP,5.651817495181932
Maize White Grain,2023-12-01,2023-11-01,-2.4492935982947064e-16,1.0,-0.38395340002840284,-5.900301053874591,2.780770024997592,1.5550455711879296,,0.0,0,0,0,203,WB_RTFP,6.097045286273661
Onions Fresh,2023-12-01,2023-11-01,-2.4492935982947064e-16,1.0,6.706897997996686,5.295702975103178,-0.3443947462048902,-4.393593959859155,,0.0,1,0,0,203,WB_RTFP,6.359465574474421
Rice Long-Grain Imported,2023-12-01,2023-11-01,-2.4492935982947064e-16,1.0,5.251458568103362,4.68334728750659,4.738186479853734,2.7307384132253976,,,0,0,1,203,WB_RTFP,5.069187400249087
Yam Tuber,2023-12-01,2023-11-01,-2.4492935982947064e-16,1.0,3.728519826363108,5.899976996178058,0.9050239333902033,-0.28360160740350526,,0.0,0,0,0,203,WB_RTFP,5.687655114299139
Agric Hen Eggs (Crate of 30 Pieces),2024-01-01,2023-12-01,0.49999999999999994,0.8660254037844387,4.222003689895915,8.066560930146348,4.113797625737381,1.0129082095866382,,0.0,0,0,0,204,WB_RTFP,5.017699502245265
Beans Brown,2024-01-01,2023-12-01,0.49999999999999994,0.8660254037844387,13.649872742583135,4.988261577168673,5.074679928491865,0.7174450801895826,,0.0,0,0,0,204,WB_RTFP,11.506707026993347
Beef Boneless,2024-01-01,2023-12-01,0.49999999999999994,0.8660254037844387,3.7470798753377554,5.48861528977076,3.6906034120520737,1.626480373764494,,0.0,1,0,0,204,WB_RTFP,9.967591016743803
Garri White,2024-01-01,2023-12-01,0.49999999999999994,0.8660254037844387,4.80086127039101,-0.6539535875475289,2.138464897965342,0.16379447842369554,,0.0,0,0,0,204,WB_RTFP,6.817775323834474
Goat Meat Bone-In,2024-01-01,2023-12-01,0.49999999999999994,0.8660254037844387,5.651817495181932,3.9224595734316026,4.359379686721931,1.8636073421978816,,0.0,1,0,0,204,WB_RTFP,7.311938593077061
Maize White Grain,2024-01-01,2023-12-01,0.49999999999999994,0.8660254037844387,6.097045286273661,-0.38395340002840284,-5.900301053874591,2.1688084144770636,,0.0,0,0,0,204,WB_RTFP,11.734000581300009
Onions Fresh,2024-01-01,2023-12-01,0.49999999999999994,0.8660254037844387,6.359465574474421,6.706897997996686,5.295702975103178,0.4151653647823217,,0.0,1,0,0,204,WB_RTFP,14.262973100718401
Rice Long-Grain Imported,2024-01-01,2023-12-01,0.49999999999999994,0.8660254037844387,5.069187400249087,5.251458568103362,4.68334728750659,1.5604746898532085,,,0,0,1,204,WB_RTFP,8.177314417833337
Yam Tuber,2024-01-01,2023-12-01,0.49999999999999994,0.8660254037844387,5.687655114299139,3.728519826363108,5.899976996178058,-0.84952739030979,,0.0,0,0,0,204,WB_RTFP,7.968670392015897
Agric Hen Eggs (Crate of 30 Pieces),2024-02-01,2024-01-01,0.8660254037844386,0.5000000000000001,5.017699502245265,4.222003689895915,8.066560930146348,2.891985440970668,,0.0,0,0,0,205,WB_RTFP,8.162978466351078
Beans Brown,2024-02-01,2024-01-01,0.8660254037844386,0.5000000000000001,11.506707026993347,13.649872742583135,4.988261577168673,-4.666579510011381,,0.0,0,0,0,205,WB_RTFP,12.695384373143725
Beef Boneless,2024-02-01,2024-01-01,0.8660254037844386,0.5000000000000001,9.967591016743803,3.7470798753377554,5.48861528977076,0.38186369703732126,,0.0,0,0,0,205,WB_RTFP,5.166798541246886
Garri White,2024-02-01,2024-01-01,0.8660254037844386,0.5000000000000001,6.817775323834474,4.80086127039101,-0.6539535875475289,0.9016653809502229,,0.0,0,0,0,205,WB_RTFP,17.108810782939578
Goat Meat Bone-In,2024-02-01,2024-01-01,0.8660254037844386,0.5000000000000001,7.311938593077061,5.651817495181932,3.9224595734316026,-1.305899619385542,,0.0,0,0,0,205,WB_RTFP,5.82048449413175
Maize White Grain,2024-02-01,2024-01-01,0.8660254037844386,0.5000000000000001,11.734000581300009,6.097045286273661,-0.38395340002840284,-4.791561794519994,,0.0,0,0,0,205,WB_RTFP,15.056366369684326
Onions Fresh,2024-02-01,2024-01-01,0.8660254037844386,0.5000000000000001,14.262973100718401,6.359465574474421,6.706897997996686,-0.46307107234000444,,0.0,1,0,0,205,WB_RTFP,-11.592268885454715
Rice Long-Grain Imported,2024-02-01,2024-01-01,0.8660254037844386,0.5000000000000001,8.177314417833337,5.069187400249087,5.251458568103362,5.103218394446363,,,0,0,1,205,WB_RTFP,14.167096831645276
Yam Tuber,2024-02-01,2024-01-01,0.8660254037844386,0.5000000000000001,7.968670392015897,5.687655114299139,3.728519826363108,-5.855068979676348,,0.0,0,0,0,205,WB_RTFP,10.014590155389147
Agric Hen Eggs (Crate of 30 Pieces),2024-03-01,2024-02-01,1.0,6.123233995736766e-17,8.162978466351078,5.017699502245265,4.222003689895915,-4.158555842789314,,0.0,0,1,0,206,WB_RTFP,6.441733074647749
Beans Brown,2024-03-01,2024-02-01,1.0,6.123233995736766e-17,12.695384373143725,11.506707026993347,13.649872742583135,3.5308202743008943,,0.0,0,0,0,206,WB_RTFP,12.461679876843256
Beef Boneless,2024-03-01,2024-02-01,1.0,6.123233995736766e-17,5.166798541246886,9.967591016743803,3.7470798753377554,-0.10241914567967747,,0.0,0,0,0,206,WB_RTFP,6.788063534218591
Garri White,2024-03-01,2024-02-01,1.0,6.123233995736766e-17,17.108810782939578,6.817775323834474,4.80086127039101,9.788190735046488,,0.0,0,1,0,206,WB_RTFP,19.028118521577795
Goat Meat Bone-In,2024-03-01,2024-02-01,1.0,6.123233995736766e-17,5.82048449413175,7.311938593077061,5.651817495181932,2.9246836287604827,,0.0,0,0,0,206,WB_RTFP,7.84609453767835
Maize White Grain,2024-03-01,2024-02-01,1.0,6.123233995736766e-17,15.056366369684326,11.734000581300009,6.097045286273661,6.095419132157609,,0.0,0,0,0,206,WB_RTFP,8.405554112980518
Onions Fresh,2024-03-01,2024-02-01,1.0,6.123233995736766e-17,-11.592268885454715,14.262973100718401,6.359465574474421,-0.4550662647699988,,0.0,0,0,0,206,WB_RTFP,4.009537500107596
Rice Long-Grain Imported,2024-03-01,2024-02-01,1.0,6.123233995736766e-17,14.167096831645276,8.177314417833337,5.069187400249087,0.3688485042500078,,,0,0,1,206,WB_RTFP,11.037657430695846
Yam Tuber,2024-03-01,2024-02-01,1.0,6.123233995736766e-17,10.014590155389147,7.968670392015897,5.687655114299139,2.31618318037754,,0.0,0,1,0,206,WB_RTFP,12.23120265508031
Agric Hen Eggs (Crate of 30 Pieces),2024-04-01,2024-03-01,0.8660254037844387,-0.4999999999999998,6.441733074647749,8.162978466351078,5.017699502245265,1.8115715969586388,,0.0,0,1,0,207,WB_RTFP,4.422668050193446
Beans Brown,2024-04-01,2024-03-01,0.8660254037844387,-0.4999999999999998,12.461679876843256,12.695384373143725,11.506707026993347,11.323521533229819,,0.0,0,1,0,207,WB_RTFP,6.680542348555996
Beef Boneless,2024-04-01,2024-03-01,0.8660254037844387,-0.4999999999999998,6.788063534218591,5.166798541246886,9.967591016743803,2.912013719794082,,0.0,0,0,0,207,WB_RTFP,2.307406562596692
Garri White,2024-04-01,2024-03-01,0.8660254037844387,-0.4999999999999998,19.028118521577795,17.108810782939578,6.817775323834474,3.176098064341204,,0.0,0,1,0,207,WB_RTFP,8.87982518960564
Goat Meat Bone-In,2024-04-01,2024-03-01,0.8660254037844387,-0.4999999999999998,7.84609453767835,5.82048449413175,7.311938593077061,1.7317759717394798,,0.0,0,0,0,207,WB_RTFP,1.9922496434174874
Maize White Grain,2024-04-01,2024-03-01,0.8660254037844387,-0.4999999999999998,8.405554112980518,15.056366369684326,11.734000581300009,3.765917002339725,,0.0,0,0,0,207,WB_RTFP,4.116173562403569
Onions Fresh,2024-04-01,2024-03-01,0.8660254037844387,-0.4999999999999998,4.009537500107596,-11.592268885454715,14.262973100718401,-5.62632238461126,,0.0,0,0,0,207,WB_RTFP,8.25219876167067
Rice Long-Grain Imported,2024-04-01,2024-03-01,0.8660254037844387,-0.4999999999999998,11.037657430695846,14.167096831645276,8.177314417833337,-2.2815939278937436,,,0,0,1,207,WB_RTFP,2.9713857326202797
Yam Tuber,2024-04-01,2024-03-01,0.8660254037844387,-0.4999999999999998,12.23120265508031,10.014590155389147,7.968670392015897,-1.4510446993542314,,0.0,0,1,0,207,WB_RTFP,6.033825582189478
Agric Hen Eggs (Crate of 30 Pieces),2024-05-01,2024-04-01,0.49999999999999994,-0.8660254037844387,4.422668050193446,6.441733074647749,8.162978466351078,2.573897951976134,,0.0,0,1,0,208,WB_RTFP,6.3555764703691064
Beans Brown,2024-05-01,2024-04-01,0.49999999999999994,-0.8660254037844387,6.680542348555996,12.461679876843256,12.695384373143725,7.315821429218516,,0.0,0,1,0,208,WB_RTFP,13.04435922690963
Beef Boneless,2024-05-01,2024-04-01,0.49999999999999994,-0.8660254037844387,2.307406562596692,6.788063534218591,5.166798541246886,0.8705506848342148,,0.0,0,0,0,208,WB_RTFP,3.390699205071579
Garri White,2024-05-01,2024-04-01,0.49999999999999994,-0.8660254037844387,8.87982518960564,19.028118521577795,17.108810782939578,0.8081561292241357,,0.0,0,1,0,208,WB_RTFP,19.966562017166666
Goat Meat Bone-In,2024-05-01,2024-04-01,0.49999999999999994,-0.8660254037844387,1.9922496434174874,7.84609453767835,5.82048449413175,0.5554833564227479,,0.0,0,0,0,208,WB_RTFP,4.3853441125395465
Maize White Grain,2024-05-01,2024-04-01,0.49999999999999994,-0.8660254037844387,4.116173562403569,8.405554112980518,15.056366369684326,7.46974208771416,,0.0,0,1,0,208,WB_RTFP,9.703178914124532
Onions Fresh,2024-05-01,2024-04-01,0.49999999999999994,-0.8660254037844387,8.25219876167067,4.009537500107596,-11.592268885454715,1.9444026377252621,,0.0,0,0,0,208,WB_RTFP,12.635107203842688
Rice Long-Grain Imported,2024-05-01,2024-04-01,0.49999999999999994,-0.8660254037844387,2.9713857326202797,11.037657430695846,14.167096831645276,-1.6115836111205817,,,0,0,1,208,WB_RTFP,7.065462021077407
Yam Tuber,2024-05-01,2024-04-01,0.49999999999999994,-0.8660254037844387,6.033825582189478,12.23120265508031,10.014590155389147,4.308382896850871,,0.0,0,1,0,208,WB_RTFP,12.288219273502254
Agric Hen Eggs (Crate of 30 Pieces),2024-06-01,2024-05-01,1.2246467991473532e-16,-1.0,6.3555764703691064,4.422668050193446,6.441733074647749,7.319416931319522,,0.0,0,0,0,209,WB_RTFP,8.023217195303655
Beans Brown,2024-06-01,2024-05-01,1.2246467991473532e-16,-1.0,13.04435922690963,6.680542348555996,12.461679876843256,6.433168507687559,,0.0,0,1,0,209,WB_RTFP,23.863703226379606
Beef Boneless,2024-06-01,2024-05-01,1.2246467991473532e-16,-1.0,3.390699205071579,2.307406562596692,6.788063534218591,6.99546366420889,,0.0,0,0,0,209,WB_RTFP,5.955269651615458
Garri White,2024-06-01,2024-05-01,1.2246467991473532e-16,-1.0,19.966562017166666,8.87982518960564,19.028118521577795,9.165136363196957,,0.0,0,0,0,209,WB_RTFP,17.647150498261265
Goat Meat Bone-In,2024-06-01,2024-05-01,1.2246467991473532e-16,-1.0,4.3853441125395465,1.9922496434174874,7.84609453767835,3.2223056705716235,,0.0,0,0,0,209,WB_RTFP,5.952671840603041
Maize White Grain,2024-06-01,2024-05-01,1.2246467991473532e-16,-1.0,9.703178914124532,4.116173562403569,8.405554112980518,14.741572082029553,,0.0,0,1,0,209,WB_RTFP,17.58632334745629
Onions Fresh,2024-06-01,2024-05-01,1.2246467991473532e-16,-1.0,12.635107203842688,8.25219876167067,4.009537500107596,12.01967135667623,,0.0,0,0,0,209,WB_RTFP,12.532234660083397
Rice Long-Grain Imported,2024-06-01,2024-05-01,1.2246467991473532e-16,-1.0,7.065462021077407,2.9713857326202797,11.037657430695846,5.342372655755412,,,0,0,1,209,WB_RTFP,8.786828857584283
Yam Tuber,2024-06-01,2024-05-01,1.2246467991473532e-16,-1.0,12.288219273502254,6.033825582189478,12.23120265508031,19.286506277324666,,0.0,0,0,0,209,WB_RTFP,7.841180722156604
Agric Hen Eggs (Crate of 30 Pieces),2024-07-01,2024-06-01,-0.4999999999999997,-0.8660254037844388,8.023217195303655,6.3555764703691064,4.422668050193446,7.784102255973613,,0.0,0,0,0,210,WB_RTFP,3.7689478769021623
Beans Brown,2024-07-01,2024-06-01,-0.4999999999999997,-0.8660254037844388,23.863703226379606,13.04435922690963,6.680542348555996,9.627920492522456,,0.0,0,0,0,210,WB_RTFP,-1.010320804358078
Beef Boneless,2024-07-01,2024-06-01,-0.4999999999999997,-0.8660254037844388,5.955269651615458,3.390699205071579,2.307406562596692,7.074957216958522,,0.0,0,1,0,210,WB_RTFP,2.8553906907005544
Garri White,2024-07-01,2024-06-01,-0.4999999999999997,-0.8660254037844388,17.647150498261265,19.966562017166666,8.87982518960564,15.03688254816411,,0.0,0,0,0,210,WB_RTFP,-2.1882354092477962
Goat Meat Bone-In,2024-07-01,2024-06-01,-0.4999999999999997,-0.8660254037844388,5.952671840603041,4.3853441125395465,1.9922496434174874,4.597815302929087,,0.0,0,1,0,210,WB_RTFP,2.8334497229104194
Maize White Grain,2024-07-01,2024-06-01,-0.4999999999999997,-0.8660254037844388,17.58632334745629,9.703178914124532,4.116173562403569,14.38514822516954,,0.0,0,1,0,210,WB_RTFP,2.4354169562238903
Onions Fresh,2024-07-01,2024-06-01,-0.4999999999999997,-0.8660254037844388,12.532234660083397,12.635107203842688,8.25219876167067,19.91688282274289,,0.0,0,1,0,210,WB_RTFP,2.7703244151479955
Rice Long-Grain Imported,2024-07-01,2024-06-01,-0.4999999999999997,-0.8660254037844388,8.786828857584283,7.065462021077407,2.9713857326202797,10.1722073063242,,,0,0,1,210,WB_RTFP,4.803997020666095
Yam Tuber,2024-07-01,2024-06-01,-0.4999999999999997,-0.8660254037844388,7.841180722156604,12.288219273502254,6.033825582189478,16.96971295160743,,0.0,0,0,0,210,WB_RTFP,0.7128732951852124
Agric Hen Eggs (Crate of 30 Pieces),2024-08-01,2024-07-01,-0.8660254037844384,-0.5000000000000004,3.7689478769021623,8.023217195303655,6.3555764703691064,2.758111453763612,,0.0,0,0,0,211,WB_RTFP,5.165419747676414
Beans Brown,2024-08-01,2024-07-01,-0.8660254037844384,-0.5000000000000004,-1.010320804358078,23.863703226379606,13.04435922690963,5.9181918558675495,,0.0,0,0,0,211,WB_RTFP,3.099765146143141
Beef Boneless,2024-08-01,2024-07-01,-0.8660254037844384,-0.5000000000000004,2.8553906907005544,5.955269651615458,3.390699205071579,3.3721804617075968,,0.0,0,1,0,211,WB_RTFP,4.911229312693632
Garri White,2024-08-01,2024-07-01,-0.8660254037844384,-0.5000000000000004,-2.1882354092477962,17.647150498261265,19.966562017166666,-2.400471221772449,,0.0,0,0,0,211,WB_RTFP,-3.2939498444650273
Goat Meat Bone-In,2024-08-01,2024-07-01,-0.8660254037844384,-0.5000000000000004,2.8334497229104194,5.952671840603041,4.3853441125395465,4.777767108685493,,0.0,0,1,0,211,WB_RTFP,5.405718758793654
Maize White Grain,2024-08-01,2024-07-01,-0.8660254037844384,-0.5000000000000004,2.4354169562238903,17.58632334745629,9.703178914124532,14.263328995202972,,0.0,0,0,0,211,WB_RTFP,3.79970966237142
Onions Fresh,2024-08-01,2024-07-01,-0.8660254037844384,-0.5000000000000004,2.7703244151479955,12.532234660083397,12.635107203842688,10.06095153429023,,0.0,0,1,0,211,WB_RTFP,7.035879067762996
Rice Long-Grain Imported,2024-08-01,2024-07-01,-0.8660254037844384,-0.5000000000000004,4.803997020666095,8.786828857584283,7.065462021077407,6.579433767318199,,,0,0,1,211,WB_RTFP,5.164185779398522
Yam Tuber,2024-08-01,2024-07-01,-0.8660254037844384,-0.5000000000000004,0.7128732951852124,7.841180722156604,12.288219273502254,12.536130620508379,,0.0,1,0,0,211,WB_RTFP,4.10441614708017
Agric Hen Eggs (Crate of 30 Pieces),2024-09-01,2024-08-01,-1.0,-1.8369701987210297e-16,5.165419747676414,3.7689478769021623,8.023217195303655,3.0575900233038578,,0.0,0,0,0,212,WB_RTFP,7.407802838423239
Beans Brown,2024-09-01,2024-08-01,-1.0,-1.8369701987210297e-16,3.099765146143141,-1.010320804358078,23.863703226379606,1.6717418723832589,,0.0,0,0,0,212,WB_RTFP,2.4434314616055497
Beef Boneless,2024-09-01,2024-08-01,-1.0,-1.8369701987210297e-16,4.911229312693632,2.8553906907005544,5.955269651615458,1.2033124776060777,,0.0,0,0,0,212,WB_RTFP,3.8456403338154255
Garri White,2024-09-01,2024-08-01,-1.0,-1.8369701987210297e-16,-3.2939498444650273,-2.1882354092477962,17.647150498261265,0.5973799412376746,,0.0,1,0,0,212,WB_RTFP,-0.22678709492480742
Goat Meat Bone-In,2024-09-01,2024-08-01,-1.0,-1.8369701987210297e-16,5.405718758793654,2.8334497229104194,5.952671840603041,0.9197019989896305,,0.0,0,0,0,212,WB_RTFP,1.0725967510648138
Maize White Grain,2024-09-01,2024-08-01,-1.0,-1.8369701987210297e-16,3.79970966237142,2.4354169562238903,17.58632334745629,2.780770024997592,,0.0,1,0,0,212,WB_RTFP,2.078141377930698
Onions Fresh,2024-09-01,2024-08-01,-1.0,-1.8369701987210297e-16,7.035879067762996,2.7703244151479955,12.532234660083397,-0.3443947462048902,,0.0,0,1,0,212,WB_RTFP,1.0020616973910546
Rice Long-Grain Imported,2024-09-01,2024-08-01,-1.0,-1.8369701987210297e-16,5.164185779398522,4.803997020666095,8.786828857584283,4.738186479853734,,,0,0,1,212,WB_RTFP,4.214106257314398
Yam Tuber,2024-09-01,2024-08-01,-1.0,-1.8369701987210297e-16,4.10441614708017,0.7128732951852124,7.841180722156604,0.9050239333902033,,0.0,1,0,0,212,WB_RTFP,0.0787398932911465
Agric Hen Eggs (Crate of 30 Pieces),2024-10-01,2024-09-01,-0.8660254037844386,0.5000000000000001,7.407802838423239,5.165419747676414,3.7689478769021623,4.113797625737381,,0.0,1,0,0,213,WB_RTFP,3.6198058408064115
Beans Brown,2024-10-01,2024-09-01,-0.8660254037844386,0.5000000000000001,2.4434314616055497,3.099765146143141,-1.010320804358078,5.074679928491865,,0.0,1,0,0,213,WB_RTFP,-10.514281871989994
Beef Boneless,2024-10-01,2024-09-01,-0.8660254037844386,0.5000000000000001,3.8456403338154255,4.911229312693632,2.8553906907005544,3.6906034120520737,,0.0,0,0,0,213,WB_RTFP,0.6743847937102032
Garri White,2024-10-01,2024-09-01,-0.8660254037844386,0.5000000000000001,-0.22678709492480742,-3.2939498444650273,-2.1882354092477962,2.138464897965342,,0.0,1,0,0,213,WB_RTFP,0.3777712105560438
Goat Meat Bone-In,2024-10-01,2024-09-01,-0.8660254037844386,0.5000000000000001,1.0725967510648138,5.405718758793654,2.8334497229104194,4.359379686721931,,0.0,0,0,0,213,WB_RTFP,1.3432317529146198
Maize White Grain,2024-10-01,2024-09-01,-0.8660254037844386,0.5000000000000001,2.078141377930698,3.79970966237142,2.4354169562238903,-5.900301053874591,,0.0,1,0,0,213,WB_RTFP,-3.5703692035630064
Onions Fresh,2024-10-01,2024-09-01,-0.8660254037844386,0.5000000000000001,1.0020616973910546,7.035879067762996,2.7703244151479955,5.295702975103178,,0.0,0,0,0,213,WB_RTFP,4.943693261377979
Rice Long-Grain Imported,2024-10-01,2024-09-01,-0.8660254037844386,0.5000000000000001,4.214106257314398,5.164185779398522,4.803997020666095,4.68334728750659,,,0,0,1,213,WB_RTFP,3.734244133354303
Yam Tuber,2024-10-01,2024-09-01,-0.8660254037844386,0.5000000000000001,0.0787398932911465,4.10441614708017,0.7128732951852124,5.899976996178058,,0.0,1,0,0,213,WB_RTFP,2.9134887724461933
Agric Hen Eggs (Crate of 30 Pieces),2024-11-01,2024-10-01,-0.5000000000000004,0.8660254037844384,3.6198058408064115,7.407802838423239,5.165419747676414,8.066560930146348,,0.0,1,0,0,214,WB_RTFP,3.5266674874774306
Beans Brown,2024-11-01,2024-10-01,-0.5000000000000004,0.8660254037844384,-10.514281871989994,2.4434314616055497,3.099765146143141,4.988261577168673,,0.0,1,0,0,214,WB_RTFP,-3.9624161122074786
Beef Boneless,2024-11-01,2024-10-01,-0.5000000000000004,0.8660254037844384,0.6743847937102032,3.8456403338154255,4.911229312693632,5.48861528977076,,0.0,1,0,0,214,WB_RTFP,4.8787427765543345
Garri White,2024-11-01,2024-10-01,-0.5000000000000004,0.8660254037844384,0.3777712105560438,-0.22678709492480742,-3.2939498444650273,-0.6539535875475289,,0.0,1,0,0,214,WB_RTFP,-2.5548528030628015
Goat Meat Bone-In,2024-11-01,2024-10-01,-0.5000000000000004,0.8660254037844384,1.3432317529146198,1.0725967510648138,5.405718758793654,3.9224595734316026,,0.0,1,0,0,214,WB_RTFP,5.334518228328755
Maize White Grain,2024-11-01,2024-10-01,-0.5000000000000004,0.8660254037844384,-3.5703692035630064,2.078141377930698,3.79970966237142,-0.38395340002840284,,0.0,1,0,0,214,WB_RTFP,-2.137418642048805
Onions Fresh,2024-11-01,2024-10-01,-0.5000000000000004,0.8660254037844384,4.943693261377979,1.0020616973910546,7.035879067762996,6.706897997996686,,0.0,1,0,0,214,WB_RTFP,1.0930381220185525
Rice Long-Grain Imported,2024-11-01,2024-10-01,-0.5000000000000004,0.8660254037844384,3.734244133354303,4.214106257314398,5.164185779398522,5.251458568103362,,,0,0,1,214,WB_RTFP,0.8878269810930872
Yam Tuber,2024-11-01,2024-10-01,-0.5000000000000004,0.8660254037844384,2.9134887724461933,0.0787398932911465,4.10441614708017,3.728519826363108,,0.0,1,0,0,214,WB_RTFP,-1.5375550092449952
Agric Hen Eggs (Crate of 30 Pieces),2024-12-01,2024-11-01,-2.4492935982947064e-16,1.0,3.5266674874774306,3.6198058408064115,7.407802838423239,4.222003689895915,2.4765,0.0,1,0,0,215,WB_RTFP,3.9799044147635687
Beans Brown,2024-12-01,2024-11-01,-2.4492935982947064e-16,1.0,-3.9624161122074786,-10.514281871989994,2.4434314616055497,13.649872742583135,2.4765,0.0,1,0,0,215,WB_RTFP,-3.102903421495795
Beef Boneless,2024-12-01,2024-11-01,-2.4492935982947064e-16,1.0,4.8787427765543345,0.6743847937102032,3.8456403338154255,3.7470798753377554,2.4765,0.0,1,0,0,215,WB_RTFP,6.258072009950277
Garri White,2024-12-01,2024-11-01,-2.4492935982947064e-16,1.0,-2.5548528030628015,0.3777712105560438,-0.22678709492480742,4.80086127039101,2.4765,0.0,1,0,0,215,WB_RTFP,-6.15865345147113
Goat Meat Bone-In,2024-12-01,2024-11-01,-2.4492935982947064e-16,1.0,5.334518228328755,1.3432317529146198,1.0725967510648138,5.651817495181932,2.4765,0.0,1,0,0,215,WB_RTFP,5.023037609545411
Maize White Grain,2024-12-01,2024-11-01,-2.4492935982947064e-16,1.0,-2.137418642048805,-3.5703692035630064,2.078141377930698,6.097045286273661,2.4765,0.0,0,0,0,215,WB_RTFP,-4.2922049128824025
Onions Fresh,2024-12-01,2024-11-01,-2.4492935982947064e-16,1.0,1.0930381220185525,4.943693261377979,1.0020616973910546,6.359465574474421,2.4765,0.0,1,0,0,215,WB_RTFP,4.834732085452242
Rice Long-Grain Imported,2024-12-01,2024-11-01,-2.4492935982947064e-16,1.0,0.8878269810930872,3.734244133354303,4.214106257314398,5.069187400249087,2.4765,,0,0,1,215,WB_RTFP,1.7251707049284137
Yam Tuber,2024-12-01,2024-11-01,-2.4492935982947064e-16,1.0,-1.5375550092449952,2.9134887724461933,0.0787398932911465,5.687655114299139,2.4765,0.0,0,0,0,215,WB_RTFP,2.911852069021603
Agric Hen Eggs (Crate of 30 Pieces),2025-01-01,2024-12-01,0.49999999999999994,0.8660254037844387,3.9799044147635687,3.5266674874774306,3.6198058408064115,5.017699502245265,-2.0628,0.0,0,0,0,216,NBS,-0.8345894224789374
Beans Brown,2025-01-01,2024-12-01,0.49999999999999994,0.8660254037844387,-3.102903421495795,-3.9624161122074786,-10.514281871989994,11.506707026993347,-2.0628,0.0,0,0,0,216,NBS,-32.427371704236144
Beef Boneless,2025-01-01,2024-12-01,0.49999999999999994,0.8660254037844387,6.258072009950277,4.8787427765543345,0.6743847937102032,9.967591016743803,-2.0628,0.0,1,0,0,216,NBS,25.957799608440336
Garri White,2025-01-01,2024-12-01,0.49999999999999994,0.8660254037844387,-6.15865345147113,-2.5548528030628015,0.3777712105560438,6.817775323834474,-2.0628,0.0,0,0,0,216,NBS,29.231300373443524
Goat Meat Bone-In,2025-01-01,2024-12-01,0.49999999999999994,0.8660254037844387,5.023037609545411,5.334518228328755,1.3432317529146198,7.311938593077061,-2.0628,0.0,1,0,0,216,NBS,26.176784487106453
Maize White Grain,2025-01-01,2024-12-01,0.49999999999999994,0.8660254037844387,-4.2922049128824025,-2.137418642048805,-3.5703692035630064,11.734000581300009,-2.0628,0.0,0,0,0,216,NBS,35.598421009129424
Onions Fresh,2025-01-01,2024-12-01,0.49999999999999994,0.8660254037844387,4.834732085452242,1.0930381220185525,4.943693261377979,14.262973100718401,-2.0628,0.0,1,0,0,216,NBS,252.85248681735078
Rice Long-Grain Imported,2025-01-01,2024-12-01,0.49999999999999994,0.8660254037844387,1.7251707049284137,0.8878269810930872,3.734244133354303,8.177314417833337,-2.0628,,0,0,1,216,NBS,4.354879779328091
Yam Tuber,2025-01-01,2024-12-01,0.49999999999999994,0.8660254037844387,2.911852069021603,-1.5375550092449952,2.9134887724461933,7.968670392015897,-2.0628,0.0,0,0,0,216,NBS,-36.83415710717228
Agric Hen Eggs,2025-02-01,2025-01-01,0.8660254037844386,0.5000000000000001,,,,,5.8214,0.0,0,0,0,1,NBS,1.572327044025168
Agric Hen Eggs (Crate of 30 Pieces),2025-02-01,2025-01-01,0.8660254037844386,0.5000000000000001,-0.8345894224789374,3.9799044147635687,3.5266674874774306,8.162978466351078,5.8214,0.0,0,0,0,217,NBS,1.6668538006920475
Beans Brown,2025-02-01,2025-01-01,0.8660254037844386,0.5000000000000001,-32.427371704236144,-3.102903421495795,-3.9624161122074786,12.695384373143725,5.8214,0.0,0,0,0,217,NBS,0.302213111086691
Beans White,2025-02-01,2025-01-01,0.8660254037844386,0.5000000000000001,,,,,5.8214,0.0,0,0,0,1,NBS,-0.4482425783365107
Beef Boneless,2025-02-01,2025-01-01,0.8660254037844386,0.5000000000000001,25.957799608440336,6.258072009950277,4.8787427765543345,5.166798541246886,5.8214,0.0,0,0,0,217,NBS,2.3991559100181803
Bread Sliced 450g,2025-02-01,2025-01-01,0.8660254037844386,0.5000000000000001,,,,,5.8214,-1.1115258862600674,0,0,1,1,NBS,1.770336120838989
Bread Unsliced 450g,2025-02-01,2025-01-01,0.8660254037844386,0.5000000000000001,,,,,5.8214,-1.1115258862600674,0,0,1,1,NBS,3.059229996283497
Carrots Fresh,2025-02-01,2025-01-01,0.8660254037844386,0.5000000000000001,,,,,5.8214,0.0,1,0,0,1,NBS,2.877750173459548
Catfish Fresh,2025-02-01,2025-01-01,0.8660254037844386,0.5000000000000001,,,,,5.8214,0.0,0,0,0,1,NBS,1.0998934352681289
Chicken Feet,2025-02-01,2025-01-01,0.8660254037844386,0.5000000000000001,,,,,5.8214,-1.1115258862600674,0,0,1,1,NBS,1.6088631692084299
Chicken Meat Frozen,2025-02-01,2025-01-01,0.8660254037844386,0.5000000000000001,,,,,5.8214,-1.1115258862600674,0,0,1,1,NBS,1.0127286916753242
Chicken Wings,2025-02-01,2025-01-01,0.8660254037844386,0.5000000000000001,,,,,5.8214,-1.1115258862600674,0,0,1,1,NBS,1.2511203633087664
Crayfish Small White,2025-02-01,2025-01-01,0.8660254037844386,0.5000000000000001,,,,,5.8214,0.0,1,0,0,1,NBS,3.4269893882165503
Dried Fish Bonga,2025-02-01,2025-01-01,0.8660254037844386,0.5000000000000001,,,,,5.8214,0.0,1,0,0,1,NBS,0.4572748117247727
Evaporated Milk Peak 150g,2025-02-01,2025-01-01,0.8660254037844386,0.5000000000000001,,,,,5.8214,-1.1115258862600674,0,0,1,1,NBS,0.32650862068965836
Evaporated Milk Three Crown 160g,2025-02-01,2025-01-01,0.8660254037844386,0.5000000000000001,,,,,5.8214,-1.1115258862600674,0,0,1,1,NBS,-1.184859596526655
Garri White,2025-02-01,2025-01-01,0.8660254037844386,0.5000000000000001,29.231300373443524,-6.15865345147113,-2.5548528030628015,17.108810782939578,5.8214,0.0,0,0,0,217,NBS,0.7588965234334832
Garri Yellow,2025-02-01,2025-01-01,0.8660254037844386,0.5000000000000001,,,,,5.8214,0.0,0,0,0,1,NBS,1.4121092600223761
Ginger Fresh,2025-02-01,2025-01-01,0.8660254037844386,0.5000000000000001,,,,,5.8214,0.0,0,0,0,1,NBS,3.924598269468471
Goat Meat Bone-In,2025-02-01,2025-01-01,0.8660254037844386,0.5000000000000001,26.176784487106453,5.023037609545411,5.334518228328755,5.82048449413175,5.8214,0.0,0,0,0,217,NBS,1.5563430694123026
Groundnut Oil 75cl,2025-02-01,2025-01-01,0.8660254037844386,0.5000000000000001,,,,,5.8214,0.0,0,0,0,1,NBS,3.405074615695991
Groundnuts Roasted 75cl,2025-02-01,2025-01-01,0.8660254037844386,0.5000000000000001,,,,,5.8214,0.0,0,0,0,1,NBS,0.19725600562869872
Irish Potato,2025-02-01,2025-01-01,0.8660254037844386,0.5000000000000001,,,,,5.8214,0.0,0,0,0,1,NBS,-1.9263949612208342
Mackerel Frozen,2025-02-01,2025-01-01,0.8660254037844386,0.5000000000000001,,,,,5.8214,-1.1115258862600674,0,0,1,1,NBS,2.2536983592591264
Maize White Grain,2025-02-01,2025-01-01,0.8660254037844386,0.5000000000000001,35.598421009129424,-4.2922049128824025,-2.137418642048805,15.056366369684326,5.8214,0.0,0,0,0,217,NBS,0.0838796925552554
Onions Fresh,2025-02-01,2025-01-01,0.8660254037844386,0.5000000000000001,252.85248681735078,4.834732085452242,1.0930381220185525,-11.592268885454715,5.8214,0.0,1,0,0,217,NBS,0.32318918997968904
Palm Oil 75cl,2025-02-01,2025-01-01,0.8660254037844386,0.5000000000000001,,,,,5.8214,0.0,0,0,0,1,NBS,2.3442396352927997
Plantain Ripe,2025-02-01,2025-01-01,0.8660254037844386,0.5000000000000001,,,,,5.8214,0.0,0,1,0,1,NBS,2.0506068666279242
Plantain Unripe,2025-02-01,2025-01-01,0.8660254037844386,0.5000000000000001,,,,,5.8214,0.0,0,1,0,1,NBS,0.40583841024599554
Rice Local Broken,2025-02-01,2025-01-01,0.8660254037844386,0.5000000000000001,,,,,5.8214,0.0,0,0,0,1,NBS,2.2646173474473175
Rice Local Short-Grain,2025-02-01,2025-01-01,0.8660254037844386,0.5000000000000001,,,,,5.8214,0.0,0,0,0,1,NBS,1.006769825918763
Rice Long-Grain Imported,2025-02-01,2025-01-01,0.8660254037844386,0.5000000000000001,4.354879779328091,1.7251707049284137,0.8878269810930872,14.167096831645276,5.8214,-1.1115258862600674,0,0,1,217,NBS,2.379184826859526
Semovita 1kg,2025-02-01,2025-01-01,0.8660254037844386,0.5000000000000001,,,,,5.8214,-1.1115258862600674,0,0,1,1,NBS,0.8585907335907361
Smoked Fish Mackerel,2025-02-01,2025-01-01,0.8660254037844386,0.5000000000000001,,,,,5.8214,-1.1115258862600674,0,0,1,1,NBS,0.9318315047442294
Sweet Potatoes,2025-02-01,2025-01-01,0.8660254037844386,0.5000000000000001,,,,,5.8214,0.0,0,0,0,1,NBS,-3.4274855721859954
Tilapia Fresh,2025-02-01,2025-01-01,0.8660254037844386,0.5000000000000001,,,,,5.8214,0.0,0,0,0,1,NBS,0.7616437923464447
Titus Frozen,2025-02-01,2025-01-01,0.8660254037844386,0.5000000000000001,,,,,5.8214,-1.1115258862600674,0,0,1,1,NBS,1.7753048618770473
Tomatoes Fresh,2025-02-01,2025-01-01,0.8660254037844386,0.5000000000000001,,,,,5.8214,0.0,1,0,0,1,NBS,2.746338215712396
Vegetable Oil 75cl,2025-02-01,2025-01-01,0.8660254037844386,0.5000000000000001,,,,,5.8214,-1.1115258862600674,0,0,1,1,NBS,3.849178080350546
Watermelon Fresh Medium,2025-02-01,2025-01-01,0.8660254037844386,0.5000000000000001,,,,,5.8214,0.0,1,0,0,1,NBS,4.071664757623572
Wheat Flour 2kg,2025-02-01,2025-01-01,0.8660254037844386,0.5000000000000001,,,,,5.8214,-1.1115258862600674,0,0,1,1,NBS,1.1288230661465004
Yam Tuber,2025-02-01,2025-01-01,0.8660254037844386,0.5000000000000001,-36.83415710717228,2.911852069021603,-1.5375550092449952,10.014590155389147,5.8214,0.0,0,0,0,217,NBS,1.5416831966575062
Agric Hen Eggs,2025-03-01,2025-02-01,1.0,6.123233995736766e-17,1.572327044025168,,,,-0.9968,0.0,0,1,0,2,NBS,3.6675398904501
Agric Hen Eggs (Crate of 30 Pieces),2025-03-01,2025-02-01,1.0,6.123233995736766e-17,1.6668538006920475,-0.8345894224789374,3.9799044147635687,6.441733074647749,-0.9968,0.0,0,1,0,218,NBS,28.35351365099765
Beans Brown,2025-03-01,2025-02-01,1.0,6.123233995736766e-17,0.302213111086691,-32.427371704236144,-3.102903421495795,12.461679876843256,-0.9968,0.0,0,0,0,218,NBS,6.09498937533457
Beans White,2025-03-01,2025-02-01,1.0,6.123233995736766e-17,-0.4482425783365107,,,,-0.9968,0.0,0,0,0,2,NBS,4.766521782314026
Beef Boneless,2025-03-01,2025-02-01,1.0,6.123233995736766e-17,2.3991559100181803,25.957799608440336,6.258072009950277,6.788063534218591,-0.9968,0.0,0,0,0,218,NBS,4.052023619259071
Bread Sliced 450g,2025-03-01,2025-02-01,1.0,6.123233995736766e-17,1.770336120838989,,,,-0.9968,-2.1035503921377208,0,0,1,2,NBS,2.8765789650928575
Bread Unsliced 450g,2025-03-01,2025-02-01,1.0,6.123233995736766e-17,3.059229996283497,,,,-0.9968,-2.1035503921377208,0,0,1,2,NBS,4.26130102909652
Carrots Fresh,2025-03-01,2025-02-01,1.0,6.123233995736766e-17,2.877750173459548,,,,-0.9968,0.0,0,0,0,2,NBS,5.899085712420926
Catfish Fresh,2025-03-01,2025-02-01,1.0,6.123233995736766e-17,1.0998934352681289,,,,-0.9968,0.0,0,1,0,2,NBS,4.215269209516381
Chicken Feet,2025-03-01,2025-02-01,1.0,6.123233995736766e-17,1.6088631692084299,,,,-0.9968,-2.1035503921377208,0,0,1,2,NBS,4.196472859183298
Chicken Meat Frozen,2025-03-01,2025-02-01,1.0,6.123233995736766e-17,1.0127286916753242,,,,-0.9968,-2.1035503921377208,0,0,1,2,NBS,2.214778396095607
Chicken Wings,2025-03-01,2025-02-01,1.0,6.123233995736766e-17,1.2511203633087664,,,,-0.9968,-2.1035503921377208,0,0,1,2,NBS,6.30118719008923
Crayfish Small White,2025-03-01,2025-02-01,1.0,6.123233995736766e-17,3.4269893882165503,,,,-0.9968,0.0,0,0,0,2,NBS,3.362503183012344
Dried Fish Bonga,2025-03-01,2025-02-01,1.0,6.123233995736766e-17,0.4572748117247727,,,,-0.9968,0.0,0,0,0,2,NBS,5.418164226739508
Evaporated Milk Peak 150g,2025-03-01,2025-02-01,1.0,6.123233995736766e-17,0.32650862068965836,,,,-0.9968,-2.1035503921377208,0,0,1,2,NBS,7.319850058537325
Evaporated Milk Three Crown 160g,2025-03-01,2025-02-01,1.0,6.123233995736766e-17,-1.184859596526655,,,,-0.9968,-2.1035503921377208,0,0,1,2,NBS,5.418766846768452
Garri White,2025-03-01,2025-02-01,1.0,6.123233995736766e-17,0.7588965234334832,29.231300373443524,-6.15865345147113,19.028118521577795,-0.9968,0.0,0,1,0,218,NBS,6.710510863182617
Garri Yellow,2025-03-01,2025-02-01,1.0,6.123233995736766e-17,1.4121092600223761,,,,-0.9968,0.0,0,1,0,2,NBS,5.696041795160167
Ginger Fresh,2025-03-01,2025-02-01,1.0,6.123233995736766e-17,3.924598269468471,,,,-0.9968,0.0,0,0,0,2,NBS,5.222672064777334
Goat Meat Bone-In,2025-03-01,2025-02-01,1.0,6.123233995736766e-17,1.5563430694123026,26.176784487106453,5.023037609545411,7.84609453767835,-0.9968,0.0,0,0,0,218,NBS,9.423406346197494
Groundnut Oil 75cl,2025-03-01,2025-02-01,1.0,6.123233995736766e-17,3.405074615695991,,,,-0.9968,0.0,0,0,0,2,NBS,5.888158219374118
Groundnuts Roasted 75cl,2025-03-01,2025-02-01,1.0,6.123233995736766e-17,0.19725600562869872,,,,-0.9968,0.0,0,0,0,2,NBS,3.979569231798097
Irish Potato,2025-03-01,2025-02-01,1.0,6.123233995736766e-17,-1.9263949612208342,,,,-0.9968,0.0,1,0,0,2,NBS,7.136716370323559
Mackerel Frozen,2025-03-01,2025-02-01,1.0,6.123233995736766e-17,2.2536983592591264,,,,-0.9968,-2.1035503921377208,0,0,1,2,NBS,4.7673007653134425
Maize White Grain,2025-03-01,2025-02-01,1.0,6.123233995736766e-17,0.0838796925552554,35.598421009129424,-4.2922049128824025,8.405554112980518,-0.9968,0.0,0,0,0,218,NBS,9.359285738719937
Onions Fresh,2025-03-01,2025-02-01,1.0,6.123233995736766e-17,0.32318918997968904,252.85248681735078,4.834732085452242,4.009537500107596,-0.9968,0.0,0,0,0,218,NBS,4.577854873035769
Palm Oil 75cl,2025-03-01,2025-02-01,1.0,6.123233995736766e-17,2.3442396352927997,,,,-0.9968,0.0,1,0,0,2,NBS,5.352851120944568
Plantain Ripe,2025-03-01,2025-02-01,1.0,6.123233995736766e-17,2.0506068666279242,,,,-0.9968,0.0,0,1,0,2,NBS,4.60067902846697
Plantain Unripe,2025-03-01,2025-02-01,1.0,6.123233995736766e-17,0.40583841024599554,,,,-0.9968,0.0,0,1,0,2,NBS,4.084279987028072
Rice Local Broken,2025-03-01,2025-02-01,1.0,6.123233995736766e-17,2.2646173474473175,,,,-0.9968,0.0,0,0,0,2,NBS,4.163044113920367
Rice Local Short-Grain,2025-03-01,2025-02-01,1.0,6.123233995736766e-17,1.006769825918763,,,,-0.9968,0.0,0,0,0,2,NBS,7.363966258461696
Rice Long-Grain Imported,2025-03-01,2025-02-01,1.0,6.123233995736766e-17,2.379184826859526,4.354879779328091,1.7251707049284137,11.037657430695846,-0.9968,-2.1035503921377208,0,0,1,218,NBS,4.460662198987175
Semovita 1kg,2025-03-01,2025-02-01,1.0,6.123233995736766e-17,0.8585907335907361,,,,-0.9968,-2.1035503921377208,0,0,1,2,NBS,3.987481995798614
Smoked Fish Mackerel,2025-03-01,2025-02-01,1.0,6.123233995736766e-17,0.9318315047442294,,,,-0.9968,-2.1035503921377208,0,0,1,2,NBS,5.400126785904047
Sweet Potatoes,2025-03-01,2025-02-01,1.0,6.123233995736766e-17,-3.4274855721859954,,,,-0.9968,0.0,0,0,0,2,NBS,10.516215231385884
Tilapia Fresh,2025-03-01,2025-02-01,1.0,6.123233995736766e-17,0.7616437923464447,,,,-0.9968,0.0,0,1,0,2,NBS,6.957370188521028
Titus Frozen,2025-03-01,2025-02-01,1.0,6.123233995736766e-17,1.7753048618770473,,,,-0.9968,-2.1035503921377208,0,0,1,2,NBS,5.314604378995358
Tomatoes Fresh,2025-03-01,2025-02-01,1.0,6.123233995736766e-17,2.746338215712396,,,,-0.9968,0.0,1,0,0,2,NBS,4.158791871411327
Vegetable Oil 75cl,2025-03-01,2025-02-01,1.0,6.123233995736766e-17,3.849178080350546,,,,-0.9968,-2.1035503921377208,0,0,1,2,NBS,7.976029846206623
Watermelon Fresh Medium,2025-03-01,2025-02-01,1.0,6.123233995736766e-17,4.071664757623572,,,,-0.9968,0.0,0,0,0,2,NBS,5.950576264147012
Wheat Flour 2kg,2025-03-01,2025-02-01,1.0,6.123233995736766e-17,1.1288230661465004,,,,-0.9968,-2.1035503921377208,0,0,1,2,NBS,5.742777834892565
Yam Tuber,2025-03-01,2025-02-01,1.0,6.123233995736766e-17,1.5416831966575062,-36.83415710717228,2.911852069021603,12.23120265508031,-0.9968,0.0,0,1,0,218,NBS,5.8901203246242595
Agric Hen Eggs,2025-04-01,2025-03-01,0.8660254037844387,-0.4999999999999998,3.6675398904501,1.572327044025168,,,1.2718,0.0,0,1,0,3,NBS,-0.712152538479216
Agric Hen Eggs (Crate of 30 Pieces),2025-04-01,2025-03-01,0.8660254037844387,-0.4999999999999998,28.35351365099765,1.6668538006920475,-0.8345894224789374,4.422668050193446,1.2718,0.0,0,1,0,219,NBS,-19.820977868630195
Beans Brown,2025-04-01,2025-03-01,0.8660254037844387,-0.4999999999999998,6.09498937533457,0.302213111086691,-32.427371704236144,6.680542348555996,1.2718,0.0,0,1,0,219,NBS,-7.142638728566741
Beans White,2025-04-01,2025-03-01,0.8660254037844387,-0.4999999999999998,4.766521782314026,-0.4482425783365107,,,1.2718,0.0,0,1,0,3,NBS,-5.318020324047124
Beef Boneless,2025-04-01,2025-03-01,0.8660254037844387,-0.4999999999999998,4.052023619259071,2.3991559100181803,25.957799608440336,2.307406562596692,1.2718,0.0,0,0,0,219,NBS,0.32252625124549184
Bread Sliced 450g,2025-04-01,2025-03-01,0.8660254037844387,-0.4999999999999998,2.8765789650928575,1.770336120838989,,,1.2718,1.9193819683138935,0,0,1,3,NBS,0.4898313861097403
Bread Unsliced 450g,2025-04-01,2025-03-01,0.8660254037844387,-0.4999999999999998,4.26130102909652,3.059229996283497,,,1.2718,1.9193819683138935,0,0,1,3,NBS,-0.8787886551715363
Carrots Fresh,2025-04-01,2025-03-01,0.8660254037844387,-0.4999999999999998,5.899085712420926,2.877750173459548,,,1.2718,0.0,0,0,0,3,NBS,-0.8078888575023813
Catfish Fresh,2025-04-01,2025-03-01,0.8660254037844387,-0.4999999999999998,4.215269209516381,1.0998934352681289,,,1.2718,0.0,0,1,0,3,NBS,1.1871925565314578
Chicken Feet,2025-04-01,2025-03-01,0.8660254037844387,-0.4999999999999998,4.196472859183298,1.6088631692084299,,,1.2718,1.9193819683138935,0,0,1,3,NBS,0.448515368247171
Chicken Meat Frozen,2025-04-01,2025-03-01,0.8660254037844387,-0.4999999999999998,2.214778396095607,1.0127286916753242,,,1.2718,1.9193819683138935,0,0,1,3,NBS,1.1358991345530312
Chicken Wings,2025-04-01,2025-03-01,0.8660254037844387,-0.4999999999999998,6.30118719008923,1.2511203633087664,,,1.2718,1.9193819683138935,0,0,1,3,NBS,2.153785554801546
Crayfish Small White,2025-04-01,2025-03-01,0.8660254037844387,-0.4999999999999998,3.362503183012344,3.4269893882165503,,,1.2718,0.0,0,0,0,3,NBS,-0.020129187321615838
Dried Fish Bonga,2025-04-01,2025-03-01,0.8660254037844387,-0.4999999999999998,5.418164226739508,0.4572748117247727,,,1.2718,0.0,0,0,0,3,NBS,2.524877652153301
Evaporated Milk Peak 150g,2025-04-01,2025-03-01,0.8660254037844387,-0.4999999999999998,7.319850058537325,0.32650862068965836,,,1.2718,1.9193819683138935,0,0,1,3,NBS,-0.499409515802951
Evaporated Milk Three Crown 160g,2025-04-01,2025-03-01,0.8660254037844387,-0.4999999999999998,5.418766846768452,-1.184859596526655,,,1.2718,1.9193819683138935,0,0,1,3,NBS,1.922856422134056
Garri White,2025-04-01,2025-03-01,0.8660254037844387,-0.4999999999999998,6.710510863182617,0.7588965234334832,29.231300373443524,8.87982518960564,1.2718,0.0,0,1,0,219,NBS,-1.3103832834419293
Garri Yellow,2025-04-01,2025-03-01,0.8660254037844387,-0.4999999999999998,5.696041795160167,1.4121092600223761,,,1.2718,0.0,0,1,0,3,NBS,-2.35540452407923
Ginger Fresh,2025-04-01,2025-03-01,0.8660254037844387,-0.4999999999999998,5.222672064777334,3.924598269468471,,,1.2718,0.0,0,0,0,3,NBS,8.052423465783232
Goat Meat Bone-In,2025-04-01,2025-03-01,0.8660254037844387,-0.4999999999999998,9.423406346197494,1.5563430694123026,26.176784487106453,1.9922496434174874,1.2718,0.0,0,0,0,219,NBS,-2.6697289501861454
Groundnut Oil 75cl,2025-04-01,2025-03-01,0.8660254037844387,-0.4999999999999998,5.888158219374118,3.405074615695991,,,1.2718,0.0,0,0,0,3,NBS,0.978619494100319
Groundnuts Roasted 75cl,2025-04-01,2025-03-01,0.8660254037844387,-0.4999999999999998,3.979569231798097,0.19725600562869872,,,1.2718,0.0,0,1,0,3,NBS,2.3330975045021907
Irish Potato,2025-04-01,2025-03-01,0.8660254037844387,-0.4999999999999998,7.136716370323559,-1.9263949612208342,,,1.2718,0.0,1,0,0,3,NBS,3.5525252954680786
Mackerel Frozen,2025-04-01,2025-03-01,0.8660254037844387,-0.4999999999999998,4.7673007653134425,2.2536983592591264,,,1.2718,1.9193819683138935,0,0,1,3,NBS,-1.1897574704111125
Maize White Grain,2025-04-01,2025-03-01,0.8660254037844387,-0.4999999999999998,9.359285738719937,0.0838796925552554,35.598421009129424,4.116173562403569,1.2718,0.0,0,0,0,219,NBS,-3.061559635897282
Onions Fresh,2025-04-01,2025-03-01,0.8660254037844387,-0.4999999999999998,4.577854873035769,0.32318918997968904,252.85248681735078,8.25219876167067,1.2718,0.0,0,0,0,219,NBS,4.788653866257797
Palm Oil 75cl,2025-04-01,2025-03-01,0.8660254037844387,-0.4999999999999998,5.352851120944568,2.3442396352927997,,,1.2718,0.0,1,0,0,3,NBS,0.18273966167285938
Plantain Ripe,2025-04-01,2025-03-01,0.8660254037844387,-0.4999999999999998,4.60067902846697,2.0506068666279242,,,1.2718,0.0,1,0,0,3,NBS,2.7374686654216163
Plantain Unripe,2025-04-01,2025-03-01,0.8660254037844387,-0.4999999999999998,4.084279987028072,0.40583841024599554,,,1.2718,0.0,1,0,0,3,NBS,0.7784806982845227
Rice Local Broken,2025-04-01,2025-03-01,0.8660254037844387,-0.4999999999999998,4.163044113920367,2.2646173474473175,,,1.2718,0.0,0,0,0,3,NBS,-5.758066870529587
Rice Local Short-Grain,2025-04-01,2025-03-01,0.8660254037844387,-0.4999999999999998,7.363966258461696,1.006769825918763,,,1.2718,0.0,0,0,0,3,NBS,-4.396158099382852
Rice Long-Grain Imported,2025-04-01,2025-03-01,0.8660254037844387,-0.4999999999999998,4.460662198987175,2.379184826859526,4.354879779328091,2.9713857326202797,1.2718,1.9193819683138935,0,0,1,219,NBS,-3.933555015655854
Semovita 1kg,2025-04-01,2025-03-01,0.8660254037844387,-0.4999999999999998,3.987481995798614,0.8585907335907361,,,1.2718,1.9193819683138935,0,0,1,3,NBS,3.869091444558981
Smoked Fish Mackerel,2025-04-01,2025-03-01,0.8660254037844387,-0.4999999999999998,5.400126785904047,0.9318315047442294,,,1.2718,1.9193819683138935,0,0,1,3,NBS,2.921728005340052
Sweet Potatoes,2025-04-01,2025-03-01,0.8660254037844387,-0.4999999999999998,10.516215231385884,-3.4274855721859954,,,1.2718,0.0,0,1,0,3,NBS,3.136677364048013
Tilapia Fresh,2025-04-01,2025-03-01,0.8660254037844387,-0.4999999999999998,6.957370188521028,0.7616437923464447,,,1.2718,0.0,0,1,0,3,NBS,0.5539435505143686
Titus Frozen,2025-04-01,2025-03-01,0.8660254037844387,-0.4999999999999998,5.314604378995358,1.7753048618770473,,,1.2718,1.9193819683138935,0,0,1,3,NBS,1.3528987151899097
Tomatoes Fresh,2025-04-01,2025-03-01,0.8660254037844387,-0.4999999999999998,4.158791871411327,2.746338215712396,,,1.2718,0.0,0,0,0,3,NBS,10.905948935067178
Vegetable Oil 75cl,2025-04-01,2025-03-01,0.8660254037844387,-0.4999999999999998,7.976029846206623,3.849178080350546,,,1.2718,1.9193819683138935,0,0,1,3,NBS,1.1327505761145273
Watermelon Fresh Medium,2025-04-01,2025-03-01,0.8660254037844387,-0.4999999999999998,5.950576264147012,4.071664757623572,,,1.2718,0.0,0,0,0,3,NBS,0.8099685420566161
Wheat Flour 2kg,2025-04-01,2025-03-01,0.8660254037844387,-0.4999999999999998,5.742777834892565,1.1288230661465004,,,1.2718,1.9193819683138935,0,0,1,3,NBS,1.271923854709489
Yam Tuber,2025-04-01,2025-03-01,0.8660254037844387,-0.4999999999999998,5.8901203246242595,1.5416831966575062,-36.83415710717228,6.033825582189478,1.2718,0.0,0,1,0,219,NBS,4.6213915082222945
Agric Hen Eggs,2025-05-01,2025-04-01,0.49999999999999994,-0.8660254037844387,-0.712152538479216,3.6675398904501,1.572327044025168,,-1.769,0.0,0,1,0,4,NBS,2.47184945241401
Agric Hen Eggs (Crate of 30 Pieces),2025-05-01,2025-04-01,0.49999999999999994,-0.8660254037844387,-19.820977868630195,28.35351365099765,1.6668538006920475,6.3555764703691064,-1.769,0.0,0,1,0,220,NBS,1.849376766208466
Beans Brown,2025-05-01,2025-04-01,0.49999999999999994,-0.8660254037844387,-7.142638728566741,6.09498937533457,0.302213111086691,13.04435922690963,-1.769,0.0,0,1,0,220,NBS,-1.8210332634941206
Beans White,2025-05-01,2025-04-01,0.49999999999999994,-0.8660254037844387,-5.318020324047124,4.766521782314026,-0.4482425783365107,,-1.769,0.0,0,1,0,4,NBS,-2.708231019734797
Beef Boneless,2025-05-01,2025-04-01,0.49999999999999994,-0.8660254037844387,0.32252625124549184,4.052023619259071,2.3991559100181803,3.390699205071579,-1.769,0.0,0,0,0,220,NBS,1.8088360679283877
Bread Sliced 450g,2025-05-01,2025-04-01,0.49999999999999994,-0.8660254037844387,0.4898313861097403,2.8765789650928575,1.770336120838989,,-1.769,4.552511415525107,0,0,1,4,NBS,-1.824804548685155
Bread Unsliced 450g,2025-05-01,2025-04-01,0.49999999999999994,-0.8660254037844387,-0.8787886551715363,4.26130102909652,3.059229996283497,,-1.769,4.552511415525107,0,0,1,4,NBS,0.5518507030603859
Carrots Fresh,2025-05-01,2025-04-01,0.49999999999999994,-0.8660254037844387,-0.8078888575023813,5.899085712420926,2.877750173459548,,-1.769,0.0,0,0,0,4,NBS,-1.0164032889422692
Catfish Fresh,2025-05-01,2025-04-01,0.49999999999999994,-0.8660254037844387,1.1871925565314578,4.215269209516381,1.0998934352681289,,-1.769,0.0,0,1,0,4,NBS,0.7348599997487604
Chicken Feet,2025-05-01,2025-04-01,0.49999999999999994,-0.8660254037844387,0.448515368247171,4.196472859183298,1.6088631692084299,,-1.769,4.552511415525107,0,0,1,4,NBS,0.09792445827505603
Chicken Meat Frozen,2025-05-01,2025-04-01,0.49999999999999994,-0.8660254037844387,1.1358991345530312,2.214778396095607,1.0127286916753242,,-1.769,4.552511415525107,0,0,1,4,NBS,1.1910838566936643
Chicken Wings,2025-05-01,2025-04-01,0.49999999999999994,-0.8660254037844387,2.153785554801546,6.30118719008923,1.2511203633087664,,-1.769,4.552511415525107,0,0,1,4,NBS,1.2487636003956526
Crayfish Small White,2025-05-01,2025-04-01,0.49999999999999994,-0.8660254037844387,-0.020129187321615838,3.362503183012344,3.4269893882165503,,-1.769,0.0,0,0,0,4,NBS,20.90220954796369
Dried Fish Bonga,2025-05-01,2025-04-01,0.49999999999999994,-0.8660254037844387,2.524877652153301,5.418164226739508,0.4572748117247727,,-1.769,0.0,0,0,0,4,NBS,0.6810118749004834
Evaporated Milk Peak 150g,2025-05-01,2025-04-01,0.49999999999999994,-0.8660254037844387,-0.499409515802951,7.319850058537325,0.32650862068965836,,-1.769,4.552511415525107,0,0,1,4,NBS,1.7662619821160908
Evaporated Milk Three Crown 160g,2025-05-01,2025-04-01,0.49999999999999994,-0.8660254037844387,1.922856422134056,5.418766846768452,-1.184859596526655,,-1.769,4.552511415525107,0,0,1,4,NBS,1.931579124995797
Garri White,2025-05-01,2025-04-01,0.49999999999999994,-0.8660254037844387,-1.3103832834419293,6.710510863182617,0.7588965234334832,19.966562017166666,-1.769,0.0,0,1,0,220,NBS,-0.24607835848635684
Garri Yellow,2025-05-01,2025-04-01,0.49999999999999994,-0.8660254037844387,-2.35540452407923,5.696041795160167,1.4121092600223761,,-1.769,0.0,0,1,0,4,NBS,1.1192823094337445
Ginger Fresh,2025-05-01,2025-04-01,0.49999999999999994,-0.8660254037844387,8.052423465783232,5.222672064777334,3.924598269468471,,-1.769,0.0,0,1,0,4,NBS,10.765371198190987
Goat Meat Bone-In,2025-05-01,2025-04-01,0.49999999999999994,-0.8660254037844387,-2.6697289501861454,9.423406346197494,1.5563430694123026,4.3853441125395465,-1.769,0.0,0,0,0,220,NBS,0.037117366902927884
Groundnut Oil 75cl,2025-05-01,2025-04-01,0.49999999999999994,-0.8660254037844387,0.978619494100319,5.888158219374118,3.405074615695991,,-1.769,0.0,0,1,0,4,NBS,-1.0783553619336028
Groundnuts Roasted 75cl,2025-05-01,2025-04-01,0.49999999999999994,-0.8660254037844387,2.3330975045021907,3.979569231798097,0.19725600562869872,,-1.769,0.0,0,1,0,4,NBS,2.3620036767594277
Irish Potato,2025-05-01,2025-04-01,0.49999999999999994,-0.8660254037844387,3.5525252954680786,7.136716370323559,-1.9263949612208342,,-1.769,0.0,0,0,0,4,NBS,6.798692401250128
Mackerel Frozen,2025-05-01,2025-04-01,0.49999999999999994,-0.8660254037844387,-1.1897574704111125,4.7673007653134425,2.2536983592591264,,-1.769,4.552511415525107,0,0,1,4,NBS,0.9006165319156878
Maize White Grain,2025-05-01,2025-04-01,0.49999999999999994,-0.8660254037844387,-3.061559635897282,9.359285738719937,0.0838796925552554,9.703178914124532,-1.769,0.0,0,1,0,220,NBS,-1.8602625019159214
Onions Fresh,2025-05-01,2025-04-01,0.49999999999999994,-0.8660254037844387,4.788653866257797,4.577854873035769,0.32318918997968904,12.635107203842688,-1.769,0.0,0,0,0,220,NBS,6.904945595786005
Palm Oil 75cl,2025-05-01,2025-04-01,0.49999999999999994,-0.8660254037844387,0.18273966167285938,5.352851120944568,2.3442396352927997,,-1.769,0.0,1,0,0,4,NBS,-1.6404647983595422
Plantain Ripe,2025-05-01,2025-04-01,0.49999999999999994,-0.8660254037844387,2.7374686654216163,4.60067902846697,2.0506068666279242,,-1.769,0.0,1,0,0,4,NBS,1.0906969962088064
Plantain Unripe,2025-05-01,2025-04-01,0.49999999999999994,-0.8660254037844387,0.7784806982845227,4.084279987028072,0.40583841024599554,,-1.769,0.0,1,0,0,4,NBS,3.3976906636317583
Rice Local Broken,2025-05-01,2025-04-01,0.49999999999999994,-0.8660254037844387,-5.758066870529587,4.163044113920367,2.2646173474473175,,-1.769,0.0,0,1,0,4,NBS,2.3317142528069157
Rice Local Short-Grain,2025-05-01,2025-04-01,0.49999999999999994,-0.8660254037844387,-4.396158099382852,7.363966258461696,1.006769825918763,,-1.769,0.0,0,1,0,4,NBS,-2.2742006949464932
Rice Long-Grain Imported,2025-05-01,2025-04-01,0.49999999999999994,-0.8660254037844387,-3.933555015655854,4.460662198987175,2.379184826859526,7.065462021077407,-1.769,4.552511415525107,0,0,1,220,NBS,1.1879834195119843
Semovita 1kg,2025-05-01,2025-04-01,0.49999999999999994,-0.8660254037844387,3.869091444558981,3.987481995798614,0.8585907335907361,,-1.769,4.552511415525107,0,0,1,4,NBS,1.6263512316143869
Smoked Fish Mackerel,2025-05-01,2025-04-01,0.49999999999999994,-0.8660254037844387,2.921728005340052,5.400126785904047,0.9318315047442294,,-1.769,4.552511415525107,0,0,1,4,NBS,2.4303983894177206
Sweet Potatoes,2025-05-01,2025-04-01,0.49999999999999994,-0.8660254037844387,3.136677364048013,10.516215231385884,-3.4274855721859954,,-1.769,0.0,0,1,0,4,NBS,11.360584812770401
Tilapia Fresh,2025-05-01,2025-04-01,0.49999999999999994,-0.8660254037844387,0.5539435505143686,6.957370188521028,0.7616437923464447,,-1.769,0.0,0,1,0,4,NBS,1.2515302553340213
Titus Frozen,2025-05-01,2025-04-01,0.49999999999999994,-0.8660254037844387,1.3528987151899097,5.314604378995358,1.7753048618770473,,-1.769,4.552511415525107,0,0,1,4,NBS,2.310545536587716
Tomatoes Fresh,2025-05-01,2025-04-01,0.49999999999999994,-0.8660254037844387,10.905948935067178,4.158791871411327,2.746338215712396,,-1.769,0.0,0,0,0,4,NBS,8.502847526819735
Vegetable Oil 75cl,2025-05-01,2025-04-01,0.49999999999999994,-0.8660254037844387,1.1327505761145273,7.976029846206623,3.849178080350546,,-1.769,4.552511415525107,0,0,1,4,NBS,-0.8095270548564293
Watermelon Fresh Medium,2025-05-01,2025-04-01,0.49999999999999994,-0.8660254037844387,0.8099685420566161,5.950576264147012,4.071664757623572,,-1.769,0.0,0,0,0,4,NBS,1.0280214839478052
Wheat Flour 2kg,2025-05-01,2025-04-01,0.49999999999999994,-0.8660254037844387,1.271923854709489,5.742777834892565,1.1288230661465004,,-1.769,4.552511415525107,0,0,1,4,NBS,0.4555305683092037
Yam Tuber,2025-05-01,2025-04-01,0.49999999999999994,-0.8660254037844387,4.6213915082222945,5.8901203246242595,1.5416831966575062,12.288219273502254,-1.769,0.0,0,1,0,220,NBS,6.040855683725588
Agric Hen Eggs,2025-06-01,2025-05-01,1.2246467991473532e-16,-1.0,2.47184945241401,-0.712152538479216,3.6675398904501,,-17.0713,0.0,0,0,0,5,NBS,0.9031723930305047
Agric Hen Eggs (Crate of 30 Pieces),2025-06-01,2025-05-01,1.2246467991473532e-16,-1.0,1.849376766208466,-19.820977868630195,28.35351365099765,8.023217195303655,-17.0713,0.0,0,0,0,221,NBS,0.99985312711528
Beans Brown,2025-06-01,2025-05-01,1.2246467991473532e-16,-1.0,-1.8210332634941206,-7.142638728566741,6.09498937533457,23.863703226379606,-17.0713,0.0,0,1,0,221,NBS,-2.7319036538582586
Beans White,2025-06-01,2025-05-01,1.2246467991473532e-16,-1.0,-2.708231019734797,-5.318020324047124,4.766521782314026,,-17.0713,0.0,0,1,0,5,NBS,-0.5111467231231459
Beef Boneless,2025-06-01,2025-05-01,1.2246467991473532e-16,-1.0,1.8088360679283877,0.32252625124549184,4.052023619259071,5.955269651615458,-17.0713,0.0,0,0,0,221,NBS,2.1918318094769296
Bread Sliced 450g,2025-06-01,2025-05-01,1.2246467991473532e-16,-1.0,-1.824804548685155,0.4898313861097403,2.8765789650928575,,-17.0713,-0.47978836903150857,0,0,1,5,NBS,-0.37403700553211294
Bread Unsliced 450g,2025-06-01,2025-05-01,1.2246467991473532e-16,-1.0,0.5518507030603859,-0.8787886551715363,4.26130102909652,,-17.0713,-0.47978836903150857,0,0,1,5,NBS,0.892639101320003
Carrots Fresh,2025-06-01,2025-05-01,1.2246467991473532e-16,-1.0,-1.0164032889422692,-0.8078888575023813,5.899085712420926,,-17.0713,0.0,0,1,0,5,NBS,-0.7291977255726612
Catfish Fresh,2025-06-01,2025-05-01,1.2246467991473532e-16,-1.0,0.7348599997487604,1.1871925565314578,4.215269209516381,,-17.0713,0.0,0,0,0,5,NBS,2.3303001368145004
Chicken Feet,2025-06-01,2025-05-01,1.2246467991473532e-16,-1.0,0.09792445827505603,0.448515368247171,4.196472859183298,,-17.0713,-0.47978836903150857,0,0,1,5,NBS,2.002207562183944
Chicken Meat Frozen,2025-06-01,2025-05-01,1.2246467991473532e-16,-1.0,1.1910838566936643,1.1358991345530312,2.214778396095607,,-17.0713,-0.47978836903150857,0,0,1,5,NBS,0.4224828355587906
Chicken Wings,2025-06-01,2025-05-01,1.2246467991473532e-16,-1.0,1.2487636003956526,2.153785554801546,6.30118719008923,,-17.0713,-0.47978836903150857,0,0,1,5,NBS,0.1726168423536345
Crayfish Small White,2025-06-01,2025-05-01,1.2246467991473532e-16,-1.0,20.90220954796369,-0.020129187321615838,3.362503183012344,,-17.0713,0.0,0,1,0,5,NBS,8.778228472294703
Dried Fish Bonga,2025-06-01,2025-05-01,1.2246467991473532e-16,-1.0,0.6810118749004834,2.524877652153301,5.418164226739508,,-17.0713,0.0,0,1,0,5,NBS,4.7900368188951825
Evaporated Milk Peak 150g,2025-06-01,2025-05-01,1.2246467991473532e-16,-1.0,1.7662619821160908,-0.499409515802951,7.319850058537325,,-17.0713,-0.47978836903150857,0,0,1,5,NBS,1.6347912033605194
Evaporated Milk Three Crown 160g,2025-06-01,2025-05-01,1.2246467991473532e-16,-1.0,1.931579124995797,1.922856422134056,5.418766846768452,,-17.0713,-0.47978836903150857,0,0,1,5,NBS,0.44146212254989603
Garri White,2025-06-01,2025-05-01,1.2246467991473532e-16,-1.0,-0.24607835848635684,-1.3103832834419293,6.710510863182617,17.647150498261265,-17.0713,0.0,0,0,0,221,NBS,-3.2493907392363908
Garri Yellow,2025-06-01,2025-05-01,1.2246467991473532e-16,-1.0,1.1192823094337445,-2.35540452407923,5.696041795160167,,-17.0713,0.0,0,0,0,5,NBS,-2.8882121452310394
Ginger Fresh,2025-06-01,2025-05-01,1.2246467991473532e-16,-1.0,10.765371198190987,8.052423465783232,5.222672064777334,,-17.0713,0.0,0,1,0,5,NBS,2.051484170243212
Goat Meat Bone-In,2025-06-01,2025-05-01,1.2246467991473532e-16,-1.0,0.037117366902927884,-2.6697289501861454,9.423406346197494,5.952671840603041,-17.0713,0.0,0,0,0,221,NBS,1.021466441362917
Groundnut Oil 75cl,2025-06-01,2025-05-01,1.2246467991473532e-16,-1.0,-1.0783553619336028,0.978619494100319,5.888158219374118,,-17.0713,0.0,0,1,0,5,NBS,2.0016981466564276
Groundnuts Roasted 75cl,2025-06-01,2025-05-01,1.2246467991473532e-16,-1.0,2.3620036767594277,2.3330975045021907,3.979569231798097,,-17.0713,0.0,0,1,0,5,NBS,1.1669896578851535
Irish Potato,2025-06-01,2025-05-01,1.2246467991473532e-16,-1.0,6.798692401250128,3.5525252954680786,7.136716370323559,,-17.0713,0.0,0,0,0,5,NBS,-1.6890187353742592
Mackerel Frozen,2025-06-01,2025-05-01,1.2246467991473532e-16,-1.0,0.9006165319156878,-1.1897574704111125,4.7673007653134425,,-17.0713,-0.47978836903150857,0,0,1,5,NBS,1.6656940208811033
Maize White Grain,2025-06-01,2025-05-01,1.2246467991473532e-16,-1.0,-1.8602625019159214,-3.061559635897282,9.359285738719937,17.58632334745629,-17.0713,0.0,0,1,0,221,NBS,-2.3163865028153485
Onions Fresh,2025-06-01,2025-05-01,1.2246467991473532e-16,-1.0,6.904945595786005,4.788653866257797,4.577854873035769,12.532234660083397,-17.0713,0.0,0,0,0,221,NBS,-3.0086227276686417
Palm Oil 75cl,2025-06-01,2025-05-01,1.2246467991473532e-16,-1.0,-1.6404647983595422,0.18273966167285938,5.352851120944568,,-17.0713,0.0,1,0,0,5,NBS,1.3769251902968849
Plantain Ripe,2025-06-01,2025-05-01,1.2246467991473532e-16,-1.0,1.0906969962088064,2.7374686654216163,4.60067902846697,,-17.0713,0.0,0,0,0,5,NBS,1.4337641357027309
Plantain Unripe,2025-06-01,2025-05-01,1.2246467991473532e-16,-1.0,3.3976906636317583,0.7784806982845227,4.084279987028072,,-17.0713,0.0,0,0,0,5,NBS,-0.08753531746719112
Rice Local Broken,2025-06-01,2025-05-01,1.2246467991473532e-16,-1.0,2.3317142528069157,-5.758066870529587,4.163044113920367,,-17.0713,0.0,0,1,0,5,NBS,0.12535900023287194
Rice Local Short-Grain,2025-06-01,2025-05-01,1.2246467991473532e-16,-1.0,-2.2742006949464932,-4.396158099382852,7.363966258461696,,-17.0713,0.0,0,1,0,5,NBS,-0.5369185172458213
Rice Long-Grain Imported,2025-06-01,2025-05-01,1.2246467991473532e-16,-1.0,1.1879834195119843,-3.933555015655854,4.460662198987175,8.786828857584283,-17.0713,-0.47978836903150857,0,0,1,221,NBS,0.8845582391762585
Semovita 1kg,2025-06-01,2025-05-01,1.2246467991473532e-16,-1.0,1.6263512316143869,3.869091444558981,3.987481995798614,,-17.0713,-0.47978836903150857,0,0,1,5,NBS,0.7676848699382344
Smoked Fish Mackerel,2025-06-01,2025-05-01,1.2246467991473532e-16,-1.0,2.4303983894177206,2.921728005340052,5.400126785904047,,-17.0713,-0.47978836903150857,0,0,1,5,NBS,2.7166869478328914
Sweet Potatoes,2025-06-01,2025-05-01,1.2246467991473532e-16,-1.0,11.360584812770401,3.136677364048013,10.516215231385884,,-17.0713,0.0,0,1,0,5,NBS,-0.5454388869219118
Tilapia Fresh,2025-06-01,2025-05-01,1.2246467991473532e-16,-1.0,1.2515302553340213,0.5539435505143686,6.957370188521028,,-17.0713,0.0,0,0,0,5,NBS,2.969424143303878
Titus Frozen,2025-06-01,2025-05-01,1.2246467991473532e-16,-1.0,2.310545536587716,1.3528987151899097,5.314604378995358,,-17.0713,-0.47978836903150857,0,0,1,5,NBS,2.6691264078781973
Tomatoes Fresh,2025-06-01,2025-05-01,1.2246467991473532e-16,-1.0,8.502847526819735,10.905948935067178,4.158791871411327,,-17.0713,0.0,0,1,0,5,NBS,0.14791306158496997
Vegetable Oil 75cl,2025-06-01,2025-05-01,1.2246467991473532e-16,-1.0,-0.8095270548564293,1.1327505761145273,7.976029846206623,,-17.0713,-0.47978836903150857,0,0,1,5,NBS,1.533985165004248
Watermelon Fresh Medium,2025-06-01,2025-05-01,1.2246467991473532e-16,-1.0,1.0280214839478052,0.8099685420566161,5.950576264147012,,-17.0713,0.0,0,0,0,5,NBS,-0.059658407505402966
Wheat Flour 2kg,2025-06-01,2025-05-01,1.2246467991473532e-16,-1.0,0.4555305683092037,1.271923854709489,5.742777834892565,,-17.0713,-0.47978836903150857,0,0,1,5,NBS,-0.3951690936675023
Yam Tuber,2025-06-01,2025-05-01,1.2246467991473532e-16,-1.0,6.040855683725588,4.6213915082222945,5.8901203246242595,7.841180722156604,-17.0713,0.0,0,0,0,221,NBS,3.7172686705396973
Agric Hen Eggs,2025-07-01,2025-06-01,-0.4999999999999997,-0.8660254037844388,0.9031723930305047,2.47184945241401,-0.712152538479216,,0.9635,0.0,0,0,0,6,NBS,0.9845970238317125
Agric Hen Eggs (Crate of 30 Pieces),2025-07-01,2025-06-01,-0.4999999999999997,-0.8660254037844388,0.99985312711528,1.849376766208466,-19.820977868630195,3.7689478769021623,0.9635,0.0,0,0,0,222,NBS,-0.5099145663908455
Beans Brown,2025-07-01,2025-06-01,-0.4999999999999997,-0.8660254037844388,-2.7319036538582586,-1.8210332634941206,-7.142638728566741,-1.010320804358078,0.9635,0.0,0,0,0,222,NBS,-0.03103461652851358
Beans White,2025-07-01,2025-06-01,-0.4999999999999997,-0.8660254037844388,-0.5111467231231459,-2.708231019734797,-5.318020324047124,,0.9635,0.0,0,0,0,6,NBS,-0.4492433795712403
Beef Boneless,2025-07-01,2025-06-01,-0.4999999999999997,-0.8660254037844388,2.1918318094769296,1.8088360679283877,0.32252625124549184,2.8553906907005544,0.9635,0.0,0,1,0,222,NBS,0.32883142212614125
Bread Sliced 450g,2025-07-01,2025-06-01,-0.4999999999999997,-0.8660254037844388,-0.37403700553211294,-1.824804548685155,0.4898313861097403,,0.9635,-2.7797630242617943,0,0,1,6,NBS,0.6346168984915579
Bread Unsliced 450g,2025-07-01,2025-06-01,-0.4999999999999997,-0.8660254037844388,0.892639101320003,0.5518507030603859,-0.8787886551715363,,0.9635,-2.7797630242617943,0,0,1,6,NBS,0.49492022038917227
Carrots Fresh,2025-07-01,2025-06-01,-0.4999999999999997,-0.8660254037844388,-0.7291977255726612,-1.0164032889422692,-0.8078888575023813,,0.9635,0.0,0,1,0,6,NBS,0.8067448294032387
Catfish Fresh,2025-07-01,2025-06-01,-0.4999999999999997,-0.8660254037844388,2.3303001368145004,0.7348599997487604,1.1871925565314578,,0.9635,0.0,0,0,0,6,NBS,0.6016451233842535
Chicken Feet,2025-07-01,2025-06-01,-0.4999999999999997,-0.8660254037844388,2.002207562183944,0.09792445827505603,0.448515368247171,,0.9635,-2.7797630242617943,0,0,1,6,NBS,0.6266200266753952
Chicken Meat Frozen,2025-07-01,2025-06-01,-0.4999999999999997,-0.8660254037844388,0.4224828355587906,1.1910838566936643,1.1358991345530312,,0.9635,-2.7797630242617943,0,0,1,6,NBS,0.11571970800916542
Chicken Wings,2025-07-01,2025-06-01,-0.4999999999999997,-0.8660254037844388,0.1726168423536345,1.2487636003956526,2.153785554801546,,0.9635,-2.7797630242617943,0,0,1,6,NBS,-0.07169643687304772
Crayfish Small White,2025-07-01,2025-06-01,-0.4999999999999997,-0.8660254037844388,8.778228472294703,20.90220954796369,-0.020129187321615838,,0.9635,0.0,0,1,0,6,NBS,7.168570158833165
Dried Fish Bonga,2025-07-01,2025-06-01,-0.4999999999999997,-0.8660254037844388,4.7900368188951825,0.6810118749004834,2.524877652153301,,0.9635,0.0,0,1,0,6,NBS,0.6950297259743499
Evaporated Milk Peak 150g,2025-07-01,2025-06-01,-0.4999999999999997,-0.8660254037844388,1.6347912033605194,1.7662619821160908,-0.499409515802951,,0.9635,-2.7797630242617943,0,0,1,6,NBS,0.6136401209775322
Evaporated Milk Three Crown 160g,2025-07-01,2025-06-01,-0.4999999999999997,-0.8660254037844388,0.44146212254989603,1.931579124995797,1.922856422134056,,0.9635,-2.7797630242617943,0,0,1,6,NBS,1.4669040084388074
Garri White,2025-07-01,2025-06-01,-0.4999999999999997,-0.8660254037844388,-3.2493907392363908,-0.24607835848635684,-1.3103832834419293,-2.1882354092477962,0.9635,0.0,0,0,0,222,NBS,-3.0465494265092152
Garri Yellow,2025-07-01,2025-06-01,-0.4999999999999997,-0.8660254037844388,-2.8882121452310394,1.1192823094337445,-2.35540452407923,,0.9635,0.0,0,0,0,6,NBS,-2.723523684059792
Ginger Fresh,2025-07-01,2025-06-01,-0.4999999999999997,-0.8660254037844388,2.051484170243212,10.765371198190987,8.052423465783232,,0.9635,0.0,0,1,0,6,NBS,0.7263220092832423
Goat Meat Bone-In,2025-07-01,2025-06-01,-0.4999999999999997,-0.8660254037844388,1.021466441362917,0.037117366902927884,-2.6697289501861454,2.8334497229104194,0.9635,0.0,0,1,0,222,NBS,0.6168605603076527
Groundnut Oil 75cl,2025-07-01,2025-06-01,-0.4999999999999997,-0.8660254037844388,2.0016981466564276,-1.0783553619336028,0.978619494100319,,0.9635,0.0,0,1,0,6,NBS,0.15184639730700944
Groundnuts Roasted 75cl,2025-07-01,2025-06-01,-0.4999999999999997,-0.8660254037844388,1.1669896578851535,2.3620036767594277,2.3330975045021907,,0.9635,0.0,0,0,0,6,NBS,0.031863321523672994
Irish Potato,2025-07-01,2025-06-01,-0.4999999999999997,-0.8660254037844388,-1.6890187353742592,6.798692401250128,3.5525252954680786,,0.9635,0.0,0,1,0,6,NBS,-0.6285619324124969
Mackerel Frozen,2025-07-01,2025-06-01,-0.4999999999999997,-0.8660254037844388,1.6656940208811033,0.9006165319156878,-1.1897574704111125,,0.9635,-2.7797630242617943,0,0,1,6,NBS,2.2325830808099134
Maize White Grain,2025-07-01,2025-06-01,-0.4999999999999997,-0.8660254037844388,-2.3163865028153485,-1.8602625019159214,-3.061559635897282,2.4354169562238903,0.9635,0.0,0,1,0,222,NBS,-1.8142497706943095
Onions Fresh,2025-07-01,2025-06-01,-0.4999999999999997,-0.8660254037844388,-3.0086227276686417,6.904945595786005,4.788653866257797,2.7703244151479955,0.9635,0.0,0,1,0,222,NBS,-1.2995343228438427
Palm Oil 75cl,2025-07-01,2025-06-01,-0.4999999999999997,-0.8660254037844388,1.3769251902968849,-1.6404647983595422,0.18273966167285938,,0.9635,0.0,0,0,0,6,NBS,1.7687194120741712
Plantain Ripe,2025-07-01,2025-06-01,-0.4999999999999997,-0.8660254037844388,1.4337641357027309,1.0906969962088064,2.7374686654216163,,0.9635,0.0,0,0,0,6,NBS,1.3134817932747511
Plantain Unripe,2025-07-01,2025-06-01,-0.4999999999999997,-0.8660254037844388,-0.08753531746719112,3.3976906636317583,0.7784806982845227,,0.9635,0.0,0,0,0,6,NBS,0.8435908779417467
Rice Local Broken,2025-07-01,2025-06-01,-0.4999999999999997,-0.8660254037844388,0.12535900023287194,2.3317142528069157,-5.758066870529587,,0.9635,0.0,0,1,0,6,NBS,0.2411011578282496
Rice Local Short-Grain,2025-07-01,2025-06-01,-0.4999999999999997,-0.8660254037844388,-0.5369185172458213,-2.2742006949464932,-4.396158099382852,,0.9635,0.0,0,1,0,6,NBS,-0.9582349666992895
Rice Long-Grain Imported,2025-07-01,2025-06-01,-0.4999999999999997,-0.8660254037844388,0.8845582391762585,1.1879834195119843,-3.933555015655854,4.803997020666095,0.9635,-2.7797630242617943,0,0,1,222,NBS,0.5514265164229037
Semovita 1kg,2025-07-01,2025-06-01,-0.4999999999999997,-0.8660254037844388,0.7676848699382344,1.6263512316143869,3.869091444558981,,0.9635,-2.7797630242617943,0,0,1,6,NBS,0.771353914307471
Smoked Fish Mackerel,2025-07-01,2025-06-01,-0.4999999999999997,-0.8660254037844388,2.7166869478328914,2.4303983894177206,2.921728005340052,,0.9635,-2.7797630242617943,0,0,1,6,NBS,1.4131150172566054
Sweet Potatoes,2025-07-01,2025-06-01,-0.4999999999999997,-0.8660254037844388,-0.5454388869219118,11.360584812770401,3.136677364048013,,0.9635,0.0,0,0,0,6,NBS,1.3123839396534498
Tilapia Fresh,2025-07-01,2025-06-01,-0.4999999999999997,-0.8660254037844388,2.969424143303878,1.2515302553340213,0.5539435505143686,,0.9635,0.0,0,0,0,6,NBS,0.0828234044263354
Titus Frozen,2025-07-01,2025-06-01,-0.4999999999999997,-0.8660254037844388,2.6691264078781973,2.310545536587716,1.3528987151899097,,0.9635,-2.7797630242617943,0,0,1,6,NBS,0.5247879770016617
Tomatoes Fresh,2025-07-01,2025-06-01,-0.4999999999999997,-0.8660254037844388,0.14791306158496997,8.502847526819735,10.905948935067178,,0.9635,0.0,0,1,0,6,NBS,-1.9271994665787107
Vegetable Oil 75cl,2025-07-01,2025-06-01,-0.4999999999999997,-0.8660254037844388,1.533985165004248,-0.8095270548564293,1.1327505761145273,,0.9635,-2.7797630242617943,0,0,1,6,NBS,0.022360570076851438
Watermelon Fresh Medium,2025-07-01,2025-06-01,-0.4999999999999997,-0.8660254037844388,-0.059658407505402966,1.0280214839478052,0.8099685420566161,,0.9635,0.0,0,1,0,6,NBS,0.14490241953342142
Wheat Flour 2kg,2025-07-01,2025-06-01,-0.4999999999999997,-0.8660254037844388,-0.3951690936675023,0.4555305683092037,1.271923854709489,,0.9635,-2.7797630242617943,0,0,1,6,NBS,0.6015816704685317
Yam Tuber,2025-07-01,2025-06-01,-0.4999999999999997,-0.8660254037844388,3.7172686705396973,6.040855683725588,4.6213915082222945,0.7128732951852124,0.9635,0.0,0,0,0,222,NBS,0.8401996996387551
Agric Hen Eggs,2025-08-01,2025-07-01,-0.8660254037844384,-0.5000000000000004,0.9845970238317125,0.9031723930305047,2.47184945241401,,-1.2207,0.0,0,0,0,7,NBS,-5.934926321232037
Agric Hen Eggs (Crate of 30 Pieces),2025-08-01,2025-07-01,-0.8660254037844384,-0.5000000000000004,-0.5099145663908455,0.99985312711528,1.849376766208466,5.165419747676414,-1.2207,0.0,0,0,0,223,NBS,-4.0388987479128
Beans Brown,2025-08-01,2025-07-01,-0.8660254037844384,-0.5000000000000004,-0.03103461652851358,-2.7319036538582586,-1.8210332634941206,3.099765146143141,-1.2207,0.0,0,0,0,223,NBS,-20.327516847973715
Beans White,2025-08-01,2025-07-01,-0.8660254037844384,-0.5000000000000004,-0.4492433795712403,-0.5111467231231459,-2.708231019734797,,-1.2207,0.0,0,0,0,7,NBS,-17.61390626237036
Beef Boneless,2025-08-01,2025-07-01,-0.8660254037844384,-0.5000000000000004,0.32883142212614125,2.1918318094769296,1.8088360679283877,4.911229312693632,-1.2207,0.0,0,1,0,223,NBS,0.4204147057316643
Bread Sliced 450g,2025-08-01,2025-07-01,-0.8660254037844384,-0.5000000000000004,0.6346168984915579,-0.37403700553211294,-1.824804548685155,,-1.2207,-1.2297196213469475,0,0,1,7,NBS,-0.15645026385938676
Bread Unsliced 450g,2025-08-01,2025-07-01,-0.8660254037844384,-0.5000000000000004,0.49492022038917227,0.892639101320003,0.5518507030603859,,-1.2207,-1.2297196213469475,0,0,1,7,NBS,-1.3677965671982317
Carrots Fresh,2025-08-01,2025-07-01,-0.8660254037844384,-0.5000000000000004,0.8067448294032387,-0.7291977255726612,-1.0164032889422692,,-1.2207,0.0,0,1,0,7,NBS,-0.40458741492687134
Catfish Fresh,2025-08-01,2025-07-01,-0.8660254037844384,-0.5000000000000004,0.6016451233842535,2.3303001368145004,0.7348599997487604,,-1.2207,0.0,0,0,0,7,NBS,2.671484267522195
Chicken Feet,2025-08-01,2025-07-01,-0.8660254037844384,-0.5000000000000004,0.6266200266753952,2.002207562183944,0.09792445827505603,,-1.2207,-1.2297196213469475,0,0,1,7,NBS,2.8568332249620854
Chicken Meat Frozen,2025-08-01,2025-07-01,-0.8660254037844384,-0.5000000000000004,0.11571970800916542,0.4224828355587906,1.1910838566936643,,-1.2207,-1.2297196213469475,0,0,1,7,NBS,0.2522342336479966
Chicken Wings,2025-08-01,2025-07-01,-0.8660254037844384,-0.5000000000000004,-0.07169643687304772,0.1726168423536345,1.2487636003956526,,-1.2207,-1.2297196213469475,0,0,1,7,NBS,1.1682291300518122
Crayfish Small White,2025-08-01,2025-07-01,-0.8660254037844384,-0.5000000000000004,7.168570158833165,8.778228472294703,20.90220954796369,,-1.2207,0.0,0,1,0,7,NBS,-6.119699083969299
Dried Fish Bonga,2025-08-01,2025-07-01,-0.8660254037844384,-0.5000000000000004,0.6950297259743499,4.7900368188951825,0.6810118749004834,,-1.2207,0.0,0,1,0,7,NBS,-0.7530065121066243
Evaporated Milk Peak 150g,2025-08-01,2025-07-01,-0.8660254037844384,-0.5000000000000004,0.6136401209775322,1.6347912033605194,1.7662619821160908,,-1.2207,-1.2297196213469475,0,0,1,7,NBS,-0.3063986081577319
Evaporated Milk Three Crown 160g,2025-08-01,2025-07-01,-0.8660254037844384,-0.5000000000000004,1.4669040084388074,0.44146212254989603,1.931579124995797,,-1.2207,-1.2297196213469475,0,0,1,7,NBS,-1.4240386385540815
Garri White,2025-08-01,2025-07-01,-0.8660254037844384,-0.5000000000000004,-3.0465494265092152,-3.2493907392363908,-0.24607835848635684,-3.2939498444650273,-1.2207,0.0,0,0,0,223,NBS,-25.909712070170986
Garri Yellow,2025-08-01,2025-07-01,-0.8660254037844384,-0.5000000000000004,-2.723523684059792,-2.8882121452310394,1.1192823094337445,,-1.2207,0.0,0,0,0,7,NBS,-26.25415844790532
Ginger Fresh,2025-08-01,2025-07-01,-0.8660254037844384,-0.5000000000000004,0.7263220092832423,2.051484170243212,10.765371198190987,,-1.2207,0.0,0,0,0,7,NBS,-2.604633246930399
Goat Meat Bone-In,2025-08-01,2025-07-01,-0.8660254037844384,-0.5000000000000004,0.6168605603076527,1.021466441362917,0.037117366902927884,5.405718758793654,-1.2207,0.0,0,1,0,223,NBS,-0.1533429795743002
Groundnut Oil 75cl,2025-08-01,2025-07-01,-0.8660254037844384,-0.5000000000000004,0.15184639730700944,2.0016981466564276,-1.0783553619336028,,-1.2207,0.0,0,0,0,7,NBS,-1.2558568597185071
Groundnuts Roasted 75cl,2025-08-01,2025-07-01,-0.8660254037844384,-0.5000000000000004,0.031863321523672994,1.1669896578851535,2.3620036767594277,,-1.2207,0.0,0,0,0,7,NBS,0.2142505024458785
Irish Potato,2025-08-01,2025-07-01,-0.8660254037844384,-0.5000000000000004,-0.6285619324124969,-1.6890187353742592,6.798692401250128,,-1.2207,0.0,0,1,0,7,NBS,-17.811399453046604
Mackerel Frozen,2025-08-01,2025-07-01,-0.8660254037844384,-0.5000000000000004,2.2325830808099134,1.6656940208811033,0.9006165319156878,,-1.2207,-1.2297196213469475,0,0,1,7,NBS,0.7779895833883277
Maize White Grain,2025-08-01,2025-07-01,-0.8660254037844384,-0.5000000000000004,-1.8142497706943095,-2.3163865028153485,-1.8602625019159214,3.79970966237142,-1.2207,0.0,0,0,0,223,NBS,-18.492299517487854
Onions Fresh,2025-08-01,2025-07-01,-0.8660254037844384,-0.5000000000000004,-1.2995343228438427,-3.0086227276686417,6.904945595786005,7.035879067762996,-1.2207,0.0,0,1,0,223,NBS,-13.187241675115036
Palm Oil 75cl,2025-08-01,2025-07-01,-0.8660254037844384,-0.5000000000000004,1.7687194120741712,1.3769251902968849,-1.6404647983595422,,-1.2207,0.0,0,0,0,7,NBS,-1.6220619218810017
Plantain Ripe,2025-08-01,2025-07-01,-0.8660254037844384,-0.5000000000000004,1.3134817932747511,1.4337641357027309,1.0906969962088064,,-1.2207,0.0,0,0,0,7,NBS,0.4613146062684592
Plantain Unripe,2025-08-01,2025-07-01,-0.8660254037844384,-0.5000000000000004,0.8435908779417467,-0.08753531746719112,3.3976906636317583,,-1.2207,0.0,0,0,0,7,NBS,-5.144791339615596
Rice Local Broken,2025-08-01,2025-07-01,-0.8660254037844384,-0.5000000000000004,0.2411011578282496,0.12535900023287194,2.3317142528069157,,-1.2207,0.0,0,0,0,7,NBS,-10.216739815548815
Rice Local Short-Grain,2025-08-01,2025-07-01,-0.8660254037844384,-0.5000000000000004,-0.9582349666992895,-0.5369185172458213,-2.2742006949464932,,-1.2207,0.0,0,0,0,7,NBS,-4.8544865241973545
Rice Long-Grain Imported,2025-08-01,2025-07-01,-0.8660254037844384,-0.5000000000000004,0.5514265164229037,0.8845582391762585,1.1879834195119843,5.164185779398522,-1.2207,-1.2297196213469475,0,0,1,223,NBS,-10.723179750361433
Semovita 1kg,2025-08-01,2025-07-01,-0.8660254037844384,-0.5000000000000004,0.771353914307471,0.7676848699382344,1.6263512316143869,,-1.2207,-1.2297196213469475,0,0,1,7,NBS,-0.19275763625045128
Smoked Fish Mackerel,2025-08-01,2025-07-01,-0.8660254037844384,-0.5000000000000004,1.4131150172566054,2.7166869478328914,2.4303983894177206,,-1.2207,-1.2297196213469475,0,0,1,7,NBS,-1.5656435347358832
Sweet Potatoes,2025-08-01,2025-07-01,-0.8660254037844384,-0.5000000000000004,1.3123839396534498,-0.5454388869219118,11.360584812770401,,-1.2207,0.0,0,0,0,7,NBS,-16.632952505769396
Tilapia Fresh,2025-08-01,2025-07-01,-0.8660254037844384,-0.5000000000000004,0.0828234044263354,2.969424143303878,1.2515302553340213,,-1.2207,0.0,0,0,0,7,NBS,0.057963322485576896
Titus Frozen,2025-08-01,2025-07-01,-0.8660254037844384,-0.5000000000000004,0.5247879770016617,2.6691264078781973,2.310545536587716,,-1.2207,-1.2297196213469475,0,0,1,7,NBS,0.6199523236253279
Tomatoes Fresh,2025-08-01,2025-07-01,-0.8660254037844384,-0.5000000000000004,-1.9271994665787107,0.14791306158496997,8.502847526819735,,-1.2207,0.0,0,1,0,7,NBS,-6.015103553648338
Vegetable Oil 75cl,2025-08-01,2025-07-01,-0.8660254037844384,-0.5000000000000004,0.022360570076851438,1.533985165004248,-0.8095270548564293,,-1.2207,-1.2297196213469475,0,0,1,7,NBS,-4.734968819861152
Watermelon Fresh Medium,2025-08-01,2025-07-01,-0.8660254037844384,-0.5000000000000004,0.14490241953342142,-0.059658407505402966,1.0280214839478052,,-1.2207,0.0,0,1,0,7,NBS,-1.0200598960711682
Wheat Flour 2kg,2025-08-01,2025-07-01,-0.8660254037844384,-0.5000000000000004,0.6015816704685317,-0.3951690936675023,0.4555305683092037,,-1.2207,-1.2297196213469475,0,0,1,7,NBS,-6.904000629457164
Yam Tuber,2025-08-01,2025-07-01,-0.8660254037844384,-0.5000000000000004,0.8401996996387551,3.7172686705396973,6.040855683725588,4.10441614708017,-1.2207,0.0,1,0,0,223,NBS,-16.030027370793754
Agric Hen Eggs,2025-09-01,2025-08-01,-1.0,-1.8369701987210297e-16,-5.934926321232037,0.9845970238317125,0.9031723930305047,,-3.5844,0.0,0,0,0,8,NBS,-2.544169611307412
Agric Hen Eggs (Crate of 30 Pieces),2025-09-01,2025-08-01,-1.0,-1.8369701987210297e-16,-4.0388987479128,-0.5099145663908455,0.99985312711528,7.407802838423239,-3.5844,0.0,0,0,0,224,NBS,-2.354277351090295
Beans Brown,2025-09-01,2025-08-01,-1.0,-1.8369701987210297e-16,-20.327516847973715,-0.03103461652851358,-2.7319036538582586,2.4434314616055497,-3.5844,0.0,0,0,0,224,NBS,-1.7350174800575768
Beans White,2025-09-01,2025-08-01,-1.0,-1.8369701987210297e-16,-17.61390626237036,-0.4492433795712403,-0.5111467231231459,,-3.5844,0.0,0,0,0,8,NBS,-2.4967116919621057
Beef Boneless,2025-09-01,2025-08-01,-1.0,-1.8369701987210297e-16,0.4204147057316643,0.32883142212614125,2.1918318094769296,3.8456403338154255,-3.5844,0.0,0,0,0,224,NBS,0.017200990660448667
Bread Sliced 450g,2025-09-01,2025-08-01,-1.0,-1.8369701987210297e-16,-0.15645026385938676,0.6346168984915579,-0.37403700553211294,,-3.5844,0.2278528945152125,0,0,1,8,NBS,0.07473165910309998
Bread Unsliced 450g,2025-09-01,2025-08-01,-1.0,-1.8369701987210297e-16,-1.3677965671982317,0.49492022038917227,0.892639101320003,,-3.5844,0.2278528945152125,0,0,1,8,NBS,-0.030202938038992322
Carrots Fresh,2025-09-01,2025-08-01,-1.0,-1.8369701987210297e-16,-0.40458741492687134,0.8067448294032387,-0.7291977255726612,,-3.5844,0.0,0,0,0,8,NBS,0.7578779417630743
Catfish Fresh,2025-09-01,2025-08-01,-1.0,-1.8369701987210297e-16,2.671484267522195,0.6016451233842535,2.3303001368145004,,-3.5844,0.0,1,0,0,8,NBS,0.699118012401434
Chicken Feet,2025-09-01,2025-08-01,-1.0,-1.8369701987210297e-16,2.8568332249620854,0.6266200266753952,2.002207562183944,,-3.5844,0.2278528945152125,0,0,1,8,NBS,0.028366495116904922
Chicken Meat Frozen,2025-09-01,2025-08-01,-1.0,-1.8369701987210297e-16,0.2522342336479966,0.11571970800916542,0.4224828355587906,,-3.5844,0.2278528945152125,0,0,1,8,NBS,0.3593792168129273
Chicken Wings,2025-09-01,2025-08-01,-1.0,-1.8369701987210297e-16,1.1682291300518122,-0.07169643687304772,0.1726168423536345,,-3.5844,0.2278528945152125,0,0,1,8,NBS,0.10770752603781464
Crayfish Small White,2025-09-01,2025-08-01,-1.0,-1.8369701987210297e-16,-6.119699083969299,7.168570158833165,8.778228472294703,,-3.5844,0.0,0,0,0,8,NBS,-0.590692002152926
Dried Fish Bonga,2025-09-01,2025-08-01,-1.0,-1.8369701987210297e-16,-0.7530065121066243,0.6950297259743499,4.7900368188951825,,-3.5844,0.0,0,0,0,8,NBS,0.14886633654902504
Evaporated Milk Peak 150g,2025-09-01,2025-08-01,-1.0,-1.8369701987210297e-16,-0.3063986081577319,0.6136401209775322,1.6347912033605194,,-3.5844,0.2278528945152125,0,0,1,8,NBS,0.2685591848210711
Evaporated Milk Three Crown 160g,2025-09-01,2025-08-01,-1.0,-1.8369701987210297e-16,-1.4240386385540815,1.4669040084388074,0.44146212254989603,,-3.5844,0.2278528945152125,0,0,1,8,NBS,-1.0491277409148791
Garri White,2025-09-01,2025-08-01,-1.0,-1.8369701987210297e-16,-25.909712070170986,-3.0465494265092152,-3.2493907392363908,-0.22678709492480742,-3.5844,0.0,1,0,0,224,NBS,-6.5145357253922125
Garri Yellow,2025-09-01,2025-08-01,-1.0,-1.8369701987210297e-16,-26.25415844790532,-2.723523684059792,-2.8882121452310394,,-3.5844,0.0,1,0,0,8,NBS,-4.067986067447126
Ginger Fresh,2025-09-01,2025-08-01,-1.0,-1.8369701987210297e-16,-2.604633246930399,0.7263220092832423,2.051484170243212,,-3.5844,0.0,0,0,0,8,NBS,-0.8816934319281766
Goat Meat Bone-In,2025-09-01,2025-08-01,-1.0,-1.8369701987210297e-16,-0.1533429795743002,0.6168605603076527,1.021466441362917,1.0725967510648138,-3.5844,0.0,0,0,0,224,NBS,0.0309799804723232
Groundnut Oil 75cl,2025-09-01,2025-08-01,-1.0,-1.8369701987210297e-16,-1.2558568597185071,0.15184639730700944,2.0016981466564276,,-3.5844,0.0,0,0,0,8,NBS,1.0270213605643619
Groundnuts Roasted 75cl,2025-09-01,2025-08-01,-1.0,-1.8369701987210297e-16,0.2142505024458785,0.031863321523672994,1.1669896578851535,,-3.5844,0.0,0,0,0,8,NBS,0.10443666635133741
Irish Potato,2025-09-01,2025-08-01,-1.0,-1.8369701987210297e-16,-17.811399453046604,-0.6285619324124969,-1.6890187353742592,,-3.5844,0.0,0,0,0,8,NBS,-2.2663618518695916
Mackerel Frozen,2025-09-01,2025-08-01,-1.0,-1.8369701987210297e-16,0.7779895833883277,2.2325830808099134,1.6656940208811033,,-3.5844,0.2278528945152125,0,0,1,8,NBS,-0.11230440607038483
Maize White Grain,2025-09-01,2025-08-01,-1.0,-1.8369701987210297e-16,-18.492299517487854,-1.8142497706943095,-2.3163865028153485,2.078141377930698,-3.5844,0.0,1,0,0,224,NBS,-6.557032301480481
Onions Fresh,2025-09-01,2025-08-01,-1.0,-1.8369701987210297e-16,-13.187241675115036,-1.2995343228438427,-3.0086227276686417,1.0020616973910546,-3.5844,0.0,0,1,0,224,NBS,-2.1260031141453917
Palm Oil 75cl,2025-09-01,2025-08-01,-1.0,-1.8369701987210297e-16,-1.6220619218810017,1.7687194120741712,1.3769251902968849,,-3.5844,0.0,0,0,0,8,NBS,0.5286371670143231
Plantain Ripe,2025-09-01,2025-08-01,-1.0,-1.8369701987210297e-16,0.4613146062684592,1.3134817932747511,1.4337641357027309,,-3.5844,0.0,1,0,0,8,NBS,0.3078384709602755
Plantain Unripe,2025-09-01,2025-08-01,-1.0,-1.8369701987210297e-16,-5.144791339615596,0.8435908779417467,-0.08753531746719112,,-3.5844,0.0,1,0,0,8,NBS,0.951733206375116
Rice Local Broken,2025-09-01,2025-08-01,-1.0,-1.8369701987210297e-16,-10.216739815548815,0.2411011578282496,0.12535900023287194,,-3.5844,0.0,0,0,0,8,NBS,-0.36608896392515966
Rice Local Short-Grain,2025-09-01,2025-08-01,-1.0,-1.8369701987210297e-16,-4.8544865241973545,-0.9582349666992895,-0.5369185172458213,,-3.5844,0.0,0,0,0,8,NBS,-0.5565541507329796
Rice Long-Grain Imported,2025-09-01,2025-08-01,-1.0,-1.8369701987210297e-16,-10.723179750361433,0.5514265164229037,0.8845582391762585,4.214106257314398,-3.5844,0.2278528945152125,0,0,1,224,NBS,-1.6779078295299898
Semovita 1kg,2025-09-01,2025-08-01,-1.0,-1.8369701987210297e-16,-0.19275763625045128,0.771353914307471,0.7676848699382344,,-3.5844,0.2278528945152125,0,0,1,8,NBS,1.181146391610688
Smoked Fish Mackerel,2025-09-01,2025-08-01,-1.0,-1.8369701987210297e-16,-1.5656435347358832,1.4131150172566054,2.7166869478328914,,-3.5844,0.2278528945152125,0,0,1,8,NBS,0.20728071501394663
Sweet Potatoes,2025-09-01,2025-08-01,-1.0,-1.8369701987210297e-16,-16.632952505769396,1.3123839396534498,-0.5454388869219118,,-3.5844,0.0,1,0,0,8,NBS,-4.95312304204687
Tilapia Fresh,2025-09-01,2025-08-01,-1.0,-1.8369701987210297e-16,0.057963322485576896,0.0828234044263354,2.969424143303878,,-3.5844,0.0,1,0,0,8,NBS,-0.1921103875709318
Titus Frozen,2025-09-01,2025-08-01,-1.0,-1.8369701987210297e-16,0.6199523236253279,0.5247879770016617,2.6691264078781973,,-3.5844,0.2278528945152125,0,0,1,8,NBS,0.6754004941104563
Tomatoes Fresh,2025-09-01,2025-08-01,-1.0,-1.8369701987210297e-16,-6.015103553648338,-1.9271994665787107,0.14791306158496997,,-3.5844,0.0,0,0,0,8,NBS,-0.4488141815947255
Vegetable Oil 75cl,2025-09-01,2025-08-01,-1.0,-1.8369701987210297e-16,-4.734968819861152,0.022360570076851438,1.533985165004248,,-3.5844,0.2278528945152125,0,0,1,8,NBS,-0.277895282881957
Watermelon Fresh Medium,2025-09-01,2025-08-01,-1.0,-1.8369701987210297e-16,-1.0200598960711682,0.14490241953342142,-0.059658407505402966,,-3.5844,0.0,0,1,0,8,NBS,0.3113086131953935
Wheat Flour 2kg,2025-09-01,2025-08-01,-1.0,-1.8369701987210297e-16,-6.904000629457164,0.6015816704685317,-0.3951690936675023,,-3.5844,0.2278528945152125,0,0,1,8,NBS,-0.6459164099136161
Yam Tuber,2025-09-01,2025-08-01,-1.0,-1.8369701987210297e-16,-16.030027370793754,0.8401996996387551,3.7172686705396973,0.0787398932911465,-3.5844,0.0,1,0,0,224,NBS,-1.614936605709083
Agric Hen Eggs,2025-10-01,2025-09-01,-0.8660254037844386,0.5000000000000001,-2.544169611307412,-5.934926321232037,0.9845970238317125,,-1.7875,0.0,1,0,0,9,NBS,1.8411086939005727
Agric Hen Eggs (Crate of 30 Pieces),2025-10-01,2025-09-01,-0.8660254037844386,0.5000000000000001,-2.354277351090295,-4.0388987479128,-0.5099145663908455,3.6198058408064115,-1.7875,0.0,1,0,0,225,NBS,1.613124738252969
Beans Brown,2025-10-01,2025-09-01,-0.8660254037844386,0.5000000000000001,-1.7350174800575768,-20.327516847973715,-0.03103461652851358,-10.514281871989994,-1.7875,0.0,1,0,0,225,NBS,-3.041701546459885
Beans White,2025-10-01,2025-09-01,-0.8660254037844386,0.5000000000000001,-2.4967116919621057,-17.61390626237036,-0.4492433795712403,,-1.7875,0.0,1,0,0,9,NBS,-2.1929014056744522
Beef Boneless,2025-10-01,2025-09-01,-0.8660254037844386,0.5000000000000001,0.017200990660448667,0.4204147057316643,0.32883142212614125,0.6743847937102032,-1.7875,0.0,0,0,0,225,NBS,-0.1565312443067901
Bread Sliced 450g,2025-10-01,2025-09-01,-0.8660254037844386,0.5000000000000001,0.07473165910309998,-0.15645026385938676,0.6346168984915579,,-1.7875,-2.397113042118837,0,0,1,9,NBS,0.9033369266068902
Bread Unsliced 450g,2025-10-01,2025-09-01,-0.8660254037844386,0.5000000000000001,-0.030202938038992322,-1.3677965671982317,0.49492022038917227,,-1.7875,-2.397113042118837,0,0,1,9,NBS,1.8152950175808424
Carrots Fresh,2025-10-01,2025-09-01,-0.8660254037844386,0.5000000000000001,0.7578779417630743,-0.40458741492687134,0.8067448294032387,,-1.7875,0.0,0,0,0,9,NBS,0.5370462974538359
Catfish Fresh,2025-10-01,2025-09-01,-0.8660254037844386,0.5000000000000001,0.699118012401434,2.671484267522195,0.6016451233842535,,-1.7875,0.0,1,0,0,9,NBS,1.2134561406738742
Chicken Feet,2025-10-01,2025-09-01,-0.8660254037844386,0.5000000000000001,0.028366495116904922,2.8568332249620854,0.6266200266753952,,-1.7875,-2.397113042118837,0,0,1,9,NBS,0.9836331226705575
Chicken Meat Frozen,2025-10-01,2025-09-01,-0.8660254037844386,0.5000000000000001,0.3593792168129273,0.2522342336479966,0.11571970800916542,,-1.7875,-2.397113042118837,0,0,1,9,NBS,0.4064279611544652
Chicken Wings,2025-10-01,2025-09-01,-0.8660254037844386,0.5000000000000001,0.10770752603781464,1.1682291300518122,-0.07169643687304772,,-1.7875,-2.397113042118837,0,0,1,9,NBS,0.9675081408286879
Crayfish Small White,2025-10-01,2025-09-01,-0.8660254037844386,0.5000000000000001,-0.590692002152926,-6.119699083969299,7.168570158833165,,-1.7875,0.0,0,0,0,9,NBS,-0.7356132775912072
Dried Fish Bonga,2025-10-01,2025-09-01,-0.8660254037844386,0.5000000000000001,0.14886633654902504,-0.7530065121066243,0.6950297259743499,,-1.7875,0.0,0,0,0,9,NBS,2.6053424028152916
Evaporated Milk Peak 150g,2025-10-01,2025-09-01,-0.8660254037844386,0.5000000000000001,0.2685591848210711,-0.3063986081577319,0.6136401209775322,,-1.7875,-2.397113042118837,0,0,1,9,NBS,2.3157996519048485
Evaporated Milk Three Crown 160g,2025-10-01,2025-09-01,-0.8660254037844386,0.5000000000000001,-1.0491277409148791,-1.4240386385540815,1.4669040084388074,,-1.7875,-2.397113042118837,0,0,1,9,NBS,4.252106624626695
Garri White,2025-10-01,2025-09-01,-0.8660254037844386,0.5000000000000001,-6.5145357253922125,-25.909712070170986,-3.0465494265092152,0.3777712105560438,-1.7875,0.0,1,0,0,225,NBS,-2.878019683865185
Garri Yellow,2025-10-01,2025-09-01,-0.8660254037844386,0.5000000000000001,-4.067986067447126,-26.25415844790532,-2.723523684059792,,-1.7875,0.0,1,0,0,9,NBS,-3.7223915689599707
Ginger Fresh,2025-10-01,2025-09-01,-0.8660254037844386,0.5000000000000001,-0.8816934319281766,-2.604633246930399,0.7263220092832423,,-1.7875,0.0,0,0,0,9,NBS,-0.889536416083414
Goat Meat Bone-In,2025-10-01,2025-09-01,-0.8660254037844386,0.5000000000000001,0.0309799804723232,-0.1533429795743002,0.6168605603076527,1.3432317529146198,-1.7875,0.0,0,0,0,225,NBS,1.1519222188299816
Groundnut Oil 75cl,2025-10-01,2025-09-01,-0.8660254037844386,0.5000000000000001,1.0270213605643619,-1.2558568597185071,0.15184639730700944,,-1.7875,0.0,0,0,0,9,NBS,0.6213625418489022
Groundnuts Roasted 75cl,2025-10-01,2025-09-01,-0.8660254037844386,0.5000000000000001,0.10443666635133741,0.2142505024458785,0.031863321523672994,,-1.7875,0.0,1,0,0,9,NBS,-0.2131914073278951
Irish Potato,2025-10-01,2025-09-01,-0.8660254037844386,0.5000000000000001,-2.2663618518695916,-17.811399453046604,-0.6285619324124969,,-1.7875,0.0,1,0,0,9,NBS,-4.02733468455504
Mackerel Frozen,2025-10-01,2025-09-01,-0.8660254037844386,0.5000000000000001,-0.11230440607038483,0.7779895833883277,2.2325830808099134,,-1.7875,-2.397113042118837,0,0,1,9,NBS,0.8714688376452173
Maize White Grain,2025-10-01,2025-09-01,-0.8660254037844386,0.5000000000000001,-6.557032301480481,-18.492299517487854,-1.8142497706943095,-3.5703692035630064,-1.7875,0.0,1,0,0,225,NBS,1.8071746860512272
Onions Fresh,2025-10-01,2025-09-01,-0.8660254037844386,0.5000000000000001,-2.1260031141453917,-13.187241675115036,-1.2995343228438427,4.943693261377979,-1.7875,0.0,0,0,0,225,NBS,4.656427828428056
Palm Oil 75cl,2025-10-01,2025-09-01,-0.8660254037844386,0.5000000000000001,0.5286371670143231,-1.6220619218810017,1.7687194120741712,,-1.7875,0.0,0,1,0,9,NBS,0.49497109368812353
Plantain Ripe,2025-10-01,2025-09-01,-0.8660254037844386,0.5000000000000001,0.3078384709602755,0.4613146062684592,1.3134817932747511,,-1.7875,0.0,1,0,0,9,NBS,0.07057163020465218
Plantain Unripe,2025-10-01,2025-09-01,-0.8660254037844386,0.5000000000000001,0.951733206375116,-5.144791339615596,0.8435908779417467,,-1.7875,0.0,1,0,0,9,NBS,0.3184455902696781
Rice Local Broken,2025-10-01,2025-09-01,-0.8660254037844386,0.5000000000000001,-0.36608896392515966,-10.216739815548815,0.2411011578282496,,-1.7875,0.0,1,0,0,9,NBS,-0.09812651836738073
Rice Local Short-Grain,2025-10-01,2025-09-01,-0.8660254037844386,0.5000000000000001,-0.5565541507329796,-4.8544865241973545,-0.9582349666992895,,-1.7875,0.0,1,0,0,9,NBS,-2.005181930832489
Rice Long-Grain Imported,2025-10-01,2025-09-01,-0.8660254037844386,0.5000000000000001,-1.6779078295299898,-10.723179750361433,0.5514265164229037,3.734244133354303,-1.7875,-2.397113042118837,0,0,1,225,NBS,-2.760734873733983
Semovita 1kg,2025-10-01,2025-09-01,-0.8660254037844386,0.5000000000000001,1.181146391610688,-0.19275763625045128,0.771353914307471,,-1.7875,-2.397113042118837,0,0,1,9,NBS,0.08119643585906555
Smoked Fish Mackerel,2025-10-01,2025-09-01,-0.8660254037844386,0.5000000000000001,0.20728071501394663,-1.5656435347358832,1.4131150172566054,,-1.7875,-2.397113042118837,0,0,1,9,NBS,-0.007863262676299776
Sweet Potatoes,2025-10-01,2025-09-01,-0.8660254037844386,0.5000000000000001,-4.95312304204687,-16.632952505769396,1.3123839396534498,,-1.7875,0.0,1,0,0,9,NBS,0.5573200695151881
Tilapia Fresh,2025-10-01,2025-09-01,-0.8660254037844386,0.5000000000000001,-0.1921103875709318,0.057963322485576896,0.0828234044263354,,-1.7875,0.0,1,0,0,9,NBS,1.7464821234705274
Titus Frozen,2025-10-01,2025-09-01,-0.8660254037844386,0.5000000000000001,0.6754004941104563,0.6199523236253279,0.5247879770016617,,-1.7875,-2.397113042118837,0,0,1,9,NBS,0.9885171455780384
Tomatoes Fresh,2025-10-01,2025-09-01,-0.8660254037844386,0.5000000000000001,-0.4488141815947255,-6.015103553648338,-1.9271994665787107,,-1.7875,0.0,0,0,0,9,NBS,-0.8336979622452723
Vegetable Oil 75cl,2025-10-01,2025-09-01,-0.8660254037844386,0.5000000000000001,-0.277895282881957,-4.734968819861152,0.022360570076851438,,-1.7875,-2.397113042118837,0,0,1,9,NBS,-0.7846100017649071
Watermelon Fresh Medium,2025-10-01,2025-09-01,-0.8660254037844386,0.5000000000000001,0.3113086131953935,-1.0200598960711682,0.14490241953342142,,-1.7875,0.0,0,0,0,9,NBS,0.4124989106542909
Wheat Flour 2kg,2025-10-01,2025-09-01,-0.8660254037844386,0.5000000000000001,-0.6459164099136161,-6.904000629457164,0.6015816704685317,,-1.7875,-2.397113042118837,0,0,1,9,NBS,-2.3859913231992325
Yam Tuber,2025-10-01,2025-09-01,-0.8660254037844386,0.5000000000000001,-1.614936605709083,-16.030027370793754,0.8401996996387551,2.9134887724461933,-1.7875,0.0,1,0,0,225,NBS,-1.394911472087157
Agric Hen Eggs,2025-11-01,2025-10-01,-0.5000000000000004,0.8660254037844384,1.8411086939005727,-2.544169611307412,-5.934926321232037,,8.42,0.0,1,0,0,10,NBS,-3.093476798924011
Agric Hen Eggs (Crate of 30 Pieces),2025-11-01,2025-10-01,-0.5000000000000004,0.8660254037844384,1.613124738252969,-2.354277351090295,-4.0388987479128,3.5266674874774306,8.42,0.0,1,0,0,226,NBS,-0.44785508450678746
Beans Brown,2025-11-01,2025-10-01,-0.5000000000000004,0.8660254037844384,-3.041701546459885,-1.7350174800575768,-20.327516847973715,-3.9624161122074786,8.42,0.0,1,0,0,226,NBS,-12.127029928487442
Beans White,2025-11-01,2025-10-01,-0.5000000000000004,0.8660254037844384,-2.1929014056744522,-2.4967116919621057,-17.61390626237036,,8.42,0.0,1,0,0,10,NBS,-9.902885717524656
Beef Boneless,2025-11-01,2025-10-01,-0.5000000000000004,0.8660254037844384,-0.1565312443067901,0.017200990660448667,0.4204147057316643,4.8787427765543345,8.42,0.0,1,0,0,226,NBS,0.8424190315757585
Bread Sliced 450g,2025-11-01,2025-10-01,-0.5000000000000004,0.8660254037844384,0.9033369266068902,0.07473165910309998,-0.15645026385938676,,8.42,-2.5754481506694016,0,0,1,10,NBS,0.10563947693538189
Bread Unsliced 450g,2025-11-01,2025-10-01,-0.5000000000000004,0.8660254037844384,1.8152950175808424,-0.030202938038992322,-1.3677965671982317,,8.42,-2.5754481506694016,0,0,1,10,NBS,-0.20708247312031247
Carrots Fresh,2025-11-01,2025-10-01,-0.5000000000000004,0.8660254037844384,0.5370462974538359,0.7578779417630743,-0.40458741492687134,,8.42,0.0,1,0,0,10,NBS,-0.33470288642380996
Catfish Fresh,2025-11-01,2025-10-01,-0.5000000000000004,0.8660254037844384,1.2134561406738742,0.699118012401434,2.671484267522195,,8.42,0.0,1,0,0,10,NBS,0.8314633125908522
Chicken Feet,2025-11-01,2025-10-01,-0.5000000000000004,0.8660254037844384,0.9836331226705575,0.028366495116904922,2.8568332249620854,,8.42,-2.5754481506694016,0,0,1,10,NBS,0.10965440142070015
Chicken Meat Frozen,2025-11-01,2025-10-01,-0.5000000000000004,0.8660254037844384,0.4064279611544652,0.3593792168129273,0.2522342336479966,,8.42,-2.5754481506694016,0,0,1,10,NBS,0.4193604160380726
Chicken Wings,2025-11-01,2025-10-01,-0.5000000000000004,0.8660254037844384,0.9675081408286879,0.10770752603781464,1.1682291300518122,,8.42,-2.5754481506694016,0,0,1,10,NBS,0.1759160779207125
Crayfish Small White,2025-11-01,2025-10-01,-0.5000000000000004,0.8660254037844384,-0.7356132775912072,-0.590692002152926,-6.119699083969299,,8.42,0.0,1,0,0,10,NBS,-0.9606223101885081
Dried Fish Bonga,2025-11-01,2025-10-01,-0.5000000000000004,0.8660254037844384,2.6053424028152916,0.14886633654902504,-0.7530065121066243,,8.42,0.0,1,0,0,10,NBS,0.7021722283605536
Evaporated Milk Peak 150g,2025-11-01,2025-10-01,-0.5000000000000004,0.8660254037844384,2.3157996519048485,0.2685591848210711,-0.3063986081577319,,8.42,-2.5754481506694016,0,0,1,10,NBS,-0.1275811557907791
Evaporated Milk Three Crown 160g,2025-11-01,2025-10-01,-0.5000000000000004,0.8660254037844384,4.252106624626695,-1.0491277409148791,-1.4240386385540815,,8.42,-2.5754481506694016,0,0,1,10,NBS,1.2502262973493883
Garri White,2025-11-01,2025-10-01,-0.5000000000000004,0.8660254037844384,-2.878019683865185,-6.5145357253922125,-25.909712070170986,-2.5548528030628015,8.42,0.0,1,0,0,226,NBS,-3.1877074253859106
Garri Yellow,2025-11-01,2025-10-01,-0.5000000000000004,0.8660254037844384,-3.7223915689599707,-4.067986067447126,-26.25415844790532,,8.42,0.0,1,0,0,10,NBS,-4.047848027403466
Ginger Fresh,2025-11-01,2025-10-01,-0.5000000000000004,0.8660254037844384,-0.889536416083414,-0.8816934319281766,-2.604633246930399,,8.42,0.0,1,0,0,10,NBS,-0.4498681420962769
Goat Meat Bone-In,2025-11-01,2025-10-01,-0.5000000000000004,0.8660254037844384,1.1519222188299816,0.0309799804723232,-0.1533429795743002,5.334518228328755,8.42,0.0,1,0,0,226,NBS,0.2894895696690547
Groundnut Oil 75cl,2025-11-01,2025-10-01,-0.5000000000000004,0.8660254037844384,0.6213625418489022,1.0270213605643619,-1.2558568597185071,,8.42,0.0,1,0,0,10,NBS,1.1859158090766542
Groundnuts Roasted 75cl,2025-11-01,2025-10-01,-0.5000000000000004,0.8660254037844384,-0.2131914073278951,0.10443666635133741,0.2142505024458785,,8.42,0.0,1,0,0,10,NBS,1.1265706265839004
Irish Potato,2025-11-01,2025-10-01,-0.5000000000000004,0.8660254037844384,-4.02733468455504,-2.2663618518695916,-17.811399453046604,,8.42,0.0,1,0,0,10,NBS,8.906923921088229
Mackerel Frozen,2025-11-01,2025-10-01,-0.5000000000000004,0.8660254037844384,0.8714688376452173,-0.11230440607038483,0.7779895833883277,,8.42,-2.5754481506694016,0,0,1,10,NBS,0.8604730174798902
Maize White Grain,2025-11-01,2025-10-01,-0.5000000000000004,0.8660254037844384,1.8071746860512272,-6.557032301480481,-18.492299517487854,-2.137418642048805,8.42,0.0,1,0,0,226,NBS,-6.738952627274141
Onions Fresh,2025-11-01,2025-10-01,-0.5000000000000004,0.8660254037844384,4.656427828428056,-2.1260031141453917,-13.187241675115036,1.0930381220185525,8.42,0.0,1,0,0,226,NBS,-2.598076473339561
Palm Oil 75cl,2025-11-01,2025-10-01,-0.5000000000000004,0.8660254037844384,0.49497109368812353,0.5286371670143231,-1.6220619218810017,,8.42,0.0,0,1,0,10,NBS,-1.1493754679065438
Plantain Ripe,2025-11-01,2025-10-01,-0.5000000000000004,0.8660254037844384,0.07057163020465218,0.3078384709602755,0.4613146062684592,,8.42,0.0,0,0,0,10,NBS,-1.0086482072600544
Plantain Unripe,2025-11-01,2025-10-01,-0.5000000000000004,0.8660254037844384,0.3184455902696781,0.951733206375116,-5.144791339615596,,8.42,0.0,0,0,0,10,NBS,-1.4058463508437313
Rice Local Broken,2025-11-01,2025-10-01,-0.5000000000000004,0.8660254037844384,-0.09812651836738073,-0.36608896392515966,-10.216739815548815,,8.42,0.0,1,0,0,10,NBS,-4.463300549096305
Rice Local Short-Grain,2025-11-01,2025-10-01,-0.5000000000000004,0.8660254037844384,-2.005181930832489,-0.5565541507329796,-4.8544865241973545,,8.42,0.0,1,0,0,10,NBS,-2.7082527772262166
Rice Long-Grain Imported,2025-11-01,2025-10-01,-0.5000000000000004,0.8660254037844384,-2.760734873733983,-1.6779078295299898,-10.723179750361433,0.8878269810930872,8.42,-2.5754481506694016,0,0,1,226,NBS,-1.5842822177290605
Semovita 1kg,2025-11-01,2025-10-01,-0.5000000000000004,0.8660254037844384,0.08119643585906555,1.181146391610688,-0.19275763625045128,,8.42,-2.5754481506694016,0,0,1,10,NBS,0.2620814448885733
Smoked Fish Mackerel,2025-11-01,2025-10-01,-0.5000000000000004,0.8660254037844384,-0.007863262676299776,0.20728071501394663,-1.5656435347358832,,8.42,-2.5754481506694016,0,0,1,10,NBS,0.845607942198856
Sweet Potatoes,2025-11-01,2025-10-01,-0.5000000000000004,0.8660254037844384,0.5573200695151881,-4.95312304204687,-16.632952505769396,,8.42,0.0,1,0,0,10,NBS,-3.4946364719904754
Tilapia Fresh,2025-11-01,2025-10-01,-0.5000000000000004,0.8660254037844384,1.7464821234705274,-0.1921103875709318,0.057963322485576896,,8.42,0.0,1,0,0,10,NBS,1.0386651477584996
Titus Frozen,2025-11-01,2025-10-01,-0.5000000000000004,0.8660254037844384,0.9885171455780384,0.6754004941104563,0.6199523236253279,,8.42,-2.5754481506694016,0,0,1,10,NBS,-0.03647274285937252
Tomatoes Fresh,2025-11-01,2025-10-01,-0.5000000000000004,0.8660254037844384,-0.8336979622452723,-0.4488141815947255,-6.015103553648338,,8.42,0.0,0,0,0,10,NBS,-2.0604016798380087
Vegetable Oil 75cl,2025-11-01,2025-10-01,-0.5000000000000004,0.8660254037844384,-0.7846100017649071,-0.277895282881957,-4.734968819861152,,8.42,-2.5754481506694016,0,0,1,10,NBS,1.8806038155098292
Watermelon Fresh Medium,2025-11-01,2025-10-01,-0.5000000000000004,0.8660254037844384,0.4124989106542909,0.3113086131953935,-1.0200598960711682,,8.42,0.0,1,0,0,10,NBS,2.263281227398539
Wheat Flour 2kg,2025-11-01,2025-10-01,-0.5000000000000004,0.8660254037844384,-2.3859913231992325,-0.6459164099136161,-6.904000629457164,,8.42,-2.5754481506694016,0,0,1,10,NBS,0.5754274773882573
Yam Tuber,2025-11-01,2025-10-01,-0.5000000000000004,0.8660254037844384,-1.394911472087157,-1.614936605709083,-16.030027370793754,-1.5375550092449952,8.42,0.0,1,0,0,226,NBS,0.5810764738144902
Agric Hen Eggs,2025-12-01,2025-11-01,-2.4492935982947064e-16,1.0,-3.093476798924011,1.8411086939005727,-2.544169611307412,,0.8589,0.0,1,0,0,11,NBS,-1.6369351349144745
Agric Hen Eggs (Crate of 30 Pieces),2025-12-01,2025-11-01,-2.4492935982947064e-16,1.0,-0.44785508450678746,1.613124738252969,-2.354277351090295,3.9799044147635687,0.8589,0.0,1,0,0,227,NBS,-0.6546913681641731
Beans Brown,2025-12-01,2025-11-01,-2.4492935982947064e-16,1.0,-12.127029928487442,-3.041701546459885,-1.7350174800575768,-3.102903421495795,0.8589,0.0,1,0,0,227,NBS,-19.192905114962223
Beans White,2025-12-01,2025-11-01,-2.4492935982947064e-16,1.0,-9.902885717524656,-2.1929014056744522,-2.4967116919621057,,0.8589,0.0,1,0,0,11,NBS,-16.0564246669183
Beef Boneless,2025-12-01,2025-11-01,-2.4492935982947064e-16,1.0,0.8424190315757585,-0.1565312443067901,0.017200990660448667,6.258072009950277,0.8589,0.0,1,0,0,227,NBS,-0.3348185205450882
Bread Sliced 450g,2025-12-01,2025-11-01,-2.4492935982947064e-16,1.0,0.10563947693538189,0.9033369266068902,0.07473165910309998,,0.8589,-0.9939785859609973,0,0,1,11,NBS,-0.5753362587045618
Bread Unsliced 450g,2025-12-01,2025-11-01,-2.4492935982947064e-16,1.0,-0.20708247312031247,1.8152950175808424,-0.030202938038992322,,0.8589,-0.9939785859609973,0,0,1,11,NBS,0.041755502552764945
Carrots Fresh,2025-12-01,2025-11-01,-2.4492935982947064e-16,1.0,-0.33470288642380996,0.5370462974538359,0.7578779417630743,,0.8589,0.0,1,0,0,11,NBS,-0.17051273387016508
Catfish Fresh,2025-12-01,2025-11-01,-2.4492935982947064e-16,1.0,0.8314633125908522,1.2134561406738742,0.699118012401434,,0.8589,0.0,0,0,0,11,NBS,-0.4764286710018162
Chicken Feet,2025-12-01,2025-11-01,-2.4492935982947064e-16,1.0,0.10965440142070015,0.9836331226705575,0.028366495116904922,,0.8589,-0.9939785859609973,0,0,1,11,NBS,5.710743978285504
Chicken Meat Frozen,2025-12-01,2025-11-01,-2.4492935982947064e-16,1.0,0.4193604160380726,0.4064279611544652,0.3593792168129273,,0.8589,-0.9939785859609973,0,0,1,11,NBS,-0.2391884136254685
Chicken Wings,2025-12-01,2025-11-01,-2.4492935982947064e-16,1.0,0.1759160779207125,0.9675081408286879,0.10770752603781464,,0.8589,-0.9939785859609973,0,0,1,11,NBS,0.781149076346721
Crayfish Small White,2025-12-01,2025-11-01,-2.4492935982947064e-16,1.0,-0.9606223101885081,-0.7356132775912072,-0.590692002152926,,0.8589,0.0,1,0,0,11,NBS,-0.24027736466387672
Dried Fish Bonga,2025-12-01,2025-11-01,-2.4492935982947064e-16,1.0,0.7021722283605536,2.6053424028152916,0.14886633654902504,,0.8589,0.0,1,0,0,11,NBS,-0.27629481358704133
Evaporated Milk Peak 150g,2025-12-01,2025-11-01,-2.4492935982947064e-16,1.0,-0.1275811557907791,2.3157996519048485,0.2685591848210711,,0.8589,-0.9939785859609973,0,0,1,11,NBS,-0.8828538985616863
Evaporated Milk Three Crown 160g,2025-12-01,2025-11-01,-2.4492935982947064e-16,1.0,1.2502262973493883,4.252106624626695,-1.0491277409148791,,0.8589,-0.9939785859609973,0,0,1,11,NBS,-2.325483555434016
Garri White,2025-12-01,2025-11-01,-2.4492935982947064e-16,1.0,-3.1877074253859106,-2.878019683865185,-6.5145357253922125,-6.15865345147113,0.8589,0.0,1,0,0,227,NBS,-5.287300231792125
Garri Yellow,2025-12-01,2025-11-01,-2.4492935982947064e-16,1.0,-4.047848027403466,-3.7223915689599707,-4.067986067447126,,0.8589,0.0,1,0,0,11,NBS,-5.938263680079281
Ginger Fresh,2025-12-01,2025-11-01,-2.4492935982947064e-16,1.0,-0.4498681420962769,-0.889536416083414,-0.8816934319281766,,0.8589,0.0,1,0,0,11,NBS,-0.5325977263957782
Goat Meat Bone-In,2025-12-01,2025-11-01,-2.4492935982947064e-16,1.0,0.2894895696690547,1.1519222188299816,0.0309799804723232,5.023037609545411,0.8589,0.0,1,0,0,227,NBS,-0.9037255892085372
Groundnut Oil 75cl,2025-12-01,2025-11-01,-2.4492935982947064e-16,1.0,1.1859158090766542,0.6213625418489022,1.0270213605643619,,0.8589,0.0,1,0,0,11,NBS,-6.282129293522731
Groundnuts Roasted 75cl,2025-12-01,2025-11-01,-2.4492935982947064e-16,1.0,1.1265706265839004,-0.2131914073278951,0.10443666635133741,,0.8589,0.0,1,0,0,11,NBS,-3.01542172826742
Irish Potato,2025-12-01,2025-11-01,-2.4492935982947064e-16,1.0,8.906923921088229,-4.02733468455504,-2.2663618518695916,,0.8589,0.0,0,0,0,11,NBS,11.464509174419412
Mackerel Frozen,2025-12-01,2025-11-01,-2.4492935982947064e-16,1.0,0.8604730174798902,0.8714688376452173,-0.11230440607038483,,0.8589,-0.9939785859609973,0,0,1,11,NBS,-0.3354781939174045
Maize White Grain,2025-12-01,2025-11-01,-2.4492935982947064e-16,1.0,-6.738952627274141,1.8071746860512272,-6.557032301480481,-4.2922049128824025,0.8589,0.0,0,0,0,227,NBS,-5.309503774725332
Onions Fresh,2025-12-01,2025-11-01,-2.4492935982947064e-16,1.0,-2.598076473339561,4.656427828428056,-2.1260031141453917,4.834732085452242,0.8589,0.0,1,0,0,227,NBS,-12.03358418931998
Palm Oil 75cl,2025-12-01,2025-11-01,-2.4492935982947064e-16,1.0,-1.1493754679065438,0.49497109368812353,0.5286371670143231,,0.8589,0.0,0,1,0,11,NBS,-3.31881071299025
Plantain Ripe,2025-12-01,2025-11-01,-2.4492935982947064e-16,1.0,-1.0086482072600544,0.07057163020465218,0.3078384709602755,,0.8589,0.0,0,0,0,11,NBS,-2.4648250391353543
Plantain Unripe,2025-12-01,2025-11-01,-2.4492935982947064e-16,1.0,-1.4058463508437313,0.3184455902696781,0.951733206375116,,0.8589,0.0,0,0,0,11,NBS,-2.8109148869503664
Rice Local Broken,2025-12-01,2025-11-01,-2.4492935982947064e-16,1.0,-4.463300549096305,-0.09812651836738073,-0.36608896392515966,,0.8589,0.0,1,0,0,11,NBS,-1.7487046632124414
Rice Local Short-Grain,2025-12-01,2025-11-01,-2.4492935982947064e-16,1.0,-2.7082527772262166,-2.005181930832489,-0.5565541507329796,,0.8589,0.0,1,0,0,11,NBS,-0.9060393673299583
Rice Long-Grain Imported,2025-12-01,2025-11-01,-2.4492935982947064e-16,1.0,-1.5842822177290605,-2.760734873733983,-1.6779078295299898,1.7251707049284137,0.8589,-0.9939785859609973,0,0,1,227,NBS,-0.8258430762992708
Semovita 1kg,2025-12-01,2025-11-01,-2.4492935982947064e-16,1.0,0.2620814448885733,0.08119643585906555,1.181146391610688,,0.8589,-0.9939785859609973,0,0,1,11,NBS,-3.8235044907642735
Smoked Fish Mackerel,2025-12-01,2025-11-01,-2.4492935982947064e-16,1.0,0.845607942198856,-0.007863262676299776,0.20728071501394663,,0.8589,-0.9939785859609973,0,0,1,11,NBS,0.04551451292309494
Sweet Potatoes,2025-12-01,2025-11-01,-2.4492935982947064e-16,1.0,-3.4946364719904754,0.5573200695151881,-4.95312304204687,,0.8589,0.0,0,0,0,11,NBS,-7.0175871949412
Tilapia Fresh,2025-12-01,2025-11-01,-2.4492935982947064e-16,1.0,1.0386651477584996,1.7464821234705274,-0.1921103875709318,,0.8589,0.0,0,0,0,11,NBS,-0.5948554695072827
Titus Frozen,2025-12-01,2025-11-01,-2.4492935982947064e-16,1.0,-0.03647274285937252,0.9885171455780384,0.6754004941104563,,0.8589,-0.9939785859609973,0,0,1,11,NBS,-1.1273254009957268
Tomatoes Fresh,2025-12-01,2025-11-01,-2.4492935982947064e-16,1.0,-2.0604016798380087,-0.8336979622452723,-0.4488141815947255,,0.8589,0.0,1,0,0,11,NBS,-14.957120561213822
Vegetable Oil 75cl,2025-12-01,2025-11-01,-2.4492935982947064e-16,1.0,1.8806038155098292,-0.7846100017649071,-0.277895282881957,,0.8589,-0.9939785859609973,0,0,1,11,NBS,0.23464183424974916
Watermelon Fresh Medium,2025-12-01,2025-11-01,-2.4492935982947064e-16,1.0,2.263281227398539,0.4124989106542909,0.3113086131953935,,0.8589,0.0,1,0,0,11,NBS,-5.067140674801507
Wheat Flour 2kg,2025-12-01,2025-11-01,-2.4492935982947064e-16,1.0,0.5754274773882573,-2.3859913231992325,-0.6459164099136161,,0.8589,-0.9939785859609973,0,0,1,11,NBS,-4.107348222678498
Yam Tuber,2025-12-01,2025-11-01,-2.4492935982947064e-16,1.0,0.5810764738144902,-1.394911472087157,-1.614936605709083,2.911852069021603,0.8589,0.0,0,0,0,227,NBS,0.9353553515197177
Agric Hen Eggs,2026-01-01,2025-12-01,0.49999999999999994,0.8660254037844387,-1.6369351349144745,-3.093476798924011,1.8411086939005727,,-1.1987,0.0,0,0,0,12,NBS,-0.33200531208499307
Agric Hen Eggs (Crate of 30 Pieces),2026-01-01,2025-12-01,0.49999999999999994,0.8660254037844387,-0.6546913681641731,-0.44785508450678746,1.613124738252969,-0.8345894224789374,-1.1987,0.0,0,0,0,228,NBS,-0.06664293390876708
Beans Brown,2026-01-01,2025-12-01,0.49999999999999994,0.8660254037844387,-19.192905114962223,-12.127029928487442,-3.041701546459885,-32.427371704236144,-1.1987,0.0,0,0,0,228,NBS,0.9855132748318285
Beans White,2026-01-01,2025-12-01,0.49999999999999994,0.8660254037844387,-16.0564246669183,-9.902885717524656,-2.1929014056744522,,-1.1987,0.0,0,0,0,12,NBS,0.7519485710479001
Beef Boneless,2026-01-01,2025-12-01,0.49999999999999994,0.8660254037844387,-0.3348185205450882,0.8424190315757585,-0.1565312443067901,25.957799608440336,-1.1987,0.0,1,0,0,228,NBS,-0.1586035912384598
Bread Sliced 450g,2026-01-01,2025-12-01,0.49999999999999994,0.8660254037844387,-0.5753362587045618,0.10563947693538189,0.9033369266068902,,-1.1987,0.4981733643308006,0,0,1,12,NBS,-0.03717851082075674
Bread Unsliced 450g,2026-01-01,2025-12-01,0.49999999999999994,0.8660254037844387,0.041755502552764945,-0.20708247312031247,1.8152950175808424,,-1.1987,0.4981733643308006,0,0,1,12,NBS,0.1707466688589676
Carrots Fresh,2026-01-01,2025-12-01,0.49999999999999994,0.8660254037844387,-0.17051273387016508,-0.33470288642380996,0.5370462974538359,,-1.1987,0.0,1,0,0,12,NBS,1.7028323256940148
Catfish Fresh,2026-01-01,2025-12-01,0.49999999999999994,0.8660254037844387,-0.4764286710018162,0.8314633125908522,1.2134561406738742,,-1.1987,0.0,0,0,0,12,NBS,-0.2438863621382792
Chicken Feet,2026-01-01,2025-12-01,0.49999999999999994,0.8660254037844387,5.710743978285504,0.10965440142070015,0.9836331226705575,,-1.1987,0.4981733643308006,0,0,1,12,NBS,-0.09704615757870627
Chicken Meat Frozen,2026-01-01,2025-12-01,0.49999999999999994,0.8660254037844387,-0.2391884136254685,0.4193604160380726,0.4064279611544652,,-1.1987,0.4981733643308006,0,0,1,12,NBS,0.0
Chicken Wings,2026-01-01,2025-12-01,0.49999999999999994,0.8660254037844387,0.781149076346721,0.1759160779207125,0.9675081408286879,,-1.1987,0.4981733643308006,0,0,1,12,NBS,-0.21710655445487115
Crayfish Small White,2026-01-01,2025-12-01,0.49999999999999994,0.8660254037844387,-0.24027736466387672,-0.9606223101885081,-0.7356132775912072,,-1.1987,0.0,1,0,0,12,NBS,0.8620970785134796
Dried Fish Bonga,2026-01-01,2025-12-01,0.49999999999999994,0.8660254037844387,-0.27629481358704133,0.7021722283605536,2.6053424028152916,,-1.1987,0.0,1,0,0,12,NBS,0.3387673231721511
Evaporated Milk Peak 150g,2026-01-01,2025-12-01,0.49999999999999994,0.8660254037844387,-0.8828538985616863,-0.1275811557907791,2.3157996519048485,,-1.1987,0.4981733643308006,0,0,1,12,NBS,-0.8028869561896856
Evaporated Milk Three Crown 160g,2026-01-01,2025-12-01,0.49999999999999994,0.8660254037844387,-2.325483555434016,1.2502262973493883,4.252106624626695,,-1.1987,0.4981733643308006,0,0,1,12,NBS,-0.5804061766416124
Garri White,2026-01-01,2025-12-01,0.49999999999999994,0.8660254037844387,-5.287300231792125,-3.1877074253859106,-2.878019683865185,29.231300373443524,-1.1987,0.0,0,0,0,228,NBS,-0.5641712607553195
Garri Yellow,2026-01-01,2025-12-01,0.49999999999999994,0.8660254037844387,-5.938263680079281,-4.047848027403466,-3.7223915689599707,,-1.1987,0.0,0,0,0,12,NBS,-1.5959484699008764
Ginger Fresh,2026-01-01,2025-12-01,0.49999999999999994,0.8660254037844387,-0.5325977263957782,-0.4498681420962769,-0.889536416083414,,-1.1987,0.0,1,0,0,12,NBS,1.5513302311702004
Goat Meat Bone-In,2026-01-01,2025-12-01,0.49999999999999994,0.8660254037844387,-0.9037255892085372,0.2894895696690547,1.1519222188299816,26.176784487106453,-1.1987,0.0,1,0,0,228,NBS,-0.3362569043631747
Groundnut Oil 75cl,2026-01-01,2025-12-01,0.49999999999999994,0.8660254037844387,-6.282129293522731,1.1859158090766542,0.6213625418489022,,-1.1987,0.0,1,0,0,12,NBS,-1.8704322655962669
Groundnuts Roasted 75cl,2026-01-01,2025-12-01,0.49999999999999994,0.8660254037844387,-3.01542172826742,1.1265706265839004,-0.2131914073278951,,-1.1987,0.0,0,0,0,12,NBS,-0.8443055721850445
Irish Potato,2026-01-01,2025-12-01,0.49999999999999994,0.8660254037844387,11.464509174419412,8.906923921088229,-4.02733468455504,,-1.1987,0.0,0,0,0,12,NBS,3.7233064054115195
Mackerel Frozen,2026-01-01,2025-12-01,0.49999999999999994,0.8660254037844387,-0.3354781939174045,0.8604730174798902,0.8714688376452173,,-1.1987,0.4981733643308006,0,0,1,12,NBS,-0.42144906743184496
Maize White Grain,2026-01-01,2025-12-01,0.49999999999999994,0.8660254037844387,-5.309503774725332,-6.738952627274141,1.8071746860512272,35.598421009129424,-1.1987,0.0,0,0,0,228,NBS,-1.7998172647283317
Onions Fresh,2026-01-01,2025-12-01,0.49999999999999994,0.8660254037844387,-12.03358418931998,-2.598076473339561,4.656427828428056,252.85248681735078,-1.1987,0.0,1,0,0,228,NBS,-4.190585044225903
Palm Oil 75cl,2026-01-01,2025-12-01,0.49999999999999994,0.8660254037844387,-3.31881071299025,-1.1493754679065438,0.49497109368812353,,-1.1987,0.0,0,0,0,12,NBS,-2.440351766874038
Plantain Ripe,2026-01-01,2025-12-01,0.49999999999999994,0.8660254037844387,-2.4648250391353543,-1.0086482072600544,0.07057163020465218,,-1.1987,0.0,0,1,0,12,NBS,0.297448859458993
Plantain Unripe,2026-01-01,2025-12-01,0.49999999999999994,0.8660254037844387,-2.8109148869503664,-1.4058463508437313,0.3184455902696781,,-1.1987,0.0,0,1,0,12,NBS,-0.9199945800217768
Rice Local Broken,2026-01-01,2025-12-01,0.49999999999999994,0.8660254037844387,-1.7487046632124414,-4.463300549096305,-0.09812651836738073,,-1.1987,0.0,0,0,0,12,NBS,0.11247816125865562
Rice Local Short-Grain,2026-01-01,2025-12-01,0.49999999999999994,0.8660254037844387,-0.9060393673299583,-2.7082527772262166,-2.005181930832489,,-1.1987,0.0,0,0,0,12,NBS,-0.17614412383203382
Rice Long-Grain Imported,2026-01-01,2025-12-01,0.49999999999999994,0.8660254037844387,-0.8258430762992708,-1.5842822177290605,-2.760734873733983,4.354879779328091,-1.1987,0.4981733643308006,0,0,1,228,NBS,-0.19125757534456111
Semovita 1kg,2026-01-01,2025-12-01,0.49999999999999994,0.8660254037844387,-3.8235044907642735,0.2620814448885733,0.08119643585906555,,-1.1987,0.4981733643308006,0,0,1,12,NBS,-1.5822742990551308
Smoked Fish Mackerel,2026-01-01,2025-12-01,0.49999999999999994,0.8660254037844387,0.04551451292309494,0.845607942198856,-0.007863262676299776,,-1.1987,0.4981733643308006,0,0,1,12,NBS,-0.4271009469392628
Sweet Potatoes,2026-01-01,2025-12-01,0.49999999999999994,0.8660254037844387,-7.0175871949412,-3.4946364719904754,0.5573200695151881,,-1.1987,0.0,0,0,0,12,NBS,-1.0905081954148188
Tilapia Fresh,2026-01-01,2025-12-01,0.49999999999999994,0.8660254037844387,-0.5948554695072827,1.0386651477584996,1.7464821234705274,,-1.1987,0.0,0,0,0,12,NBS,0.05474352657799386
Titus Frozen,2026-01-01,2025-12-01,0.49999999999999994,0.8660254037844387,-1.1273254009957268,-0.03647274285937252,0.9885171455780384,,-1.1987,0.4981733643308006,0,0,1,12,NBS,0.04068688289589062
Tomatoes Fresh,2026-01-01,2025-12-01,0.49999999999999994,0.8660254037844387,-14.957120561213822,-2.0604016798380087,-0.8336979622452723,,-1.1987,0.0,1,0,0,12,NBS,-3.0697190426638765
Vegetable Oil 75cl,2026-01-01,2025-12-01,0.49999999999999994,0.8660254037844387,0.23464183424974916,1.8806038155098292,-0.7846100017649071,,-1.1987,0.4981733643308006,0,0,1,12,NBS,-1.5665253758163522
Watermelon Fresh Medium,2026-01-01,2025-12-01,0.49999999999999994,0.8660254037844387,-5.067140674801507,2.263281227398539,0.4124989106542909,,-1.1987,0.0,1,0,0,12,NBS,0.5378827385830176
Wheat Flour 2kg,2026-01-01,2025-12-01,0.49999999999999994,0.8660254037844387,-4.107348222678498,0.5754274773882573,-2.3859913231992325,,-1.1987,0.4981733643308006,0,0,1,12,NBS,-0.2998266755382617
Yam Tuber,2026-01-01,2025-12-01,0.49999999999999994,0.8660254037844387,0.9353553515197177,0.5810764738144902,-1.394911472087157,-36.83415710717228,-1.1987,0.0,0,0,0,228,NBS,0.5417033723833509
Agric Hen Eggs,2026-02-01,2026-01-01,0.8660254037844386,0.5000000000000001,-0.33200531208499307,-1.6369351349144745,-3.093476798924011,1.572327044025168,-1.3228,0.0,0,0,0,13,NBS,3.410226515656234
Agric Hen Eggs (Crate of 30 Pieces),2026-02-01,2026-01-01,0.8660254037844386,0.5000000000000001,-0.06664293390876708,-0.6546913681641731,-0.44785508450678746,1.6668538006920475,-1.3228,0.0,0,0,0,229,NBS,1.4213696742954918
Beans Brown,2026-02-01,2026-01-01,0.8660254037844386,0.5000000000000001,0.9855132748318285,-19.192905114962223,-12.127029928487442,0.302213111086691,-1.3228,0.0,0,0,0,229,NBS,3.565346197412933
Beans White,2026-02-01,2026-01-01,0.8660254037844386,0.5000000000000001,0.7519485710479001,-16.0564246669183,-9.902885717524656,-0.4482425783365107,-1.3228,0.0,0,0,0,13,NBS,3.7374680761379064
Beef Boneless,2026-02-01,2026-01-01,0.8660254037844386,0.5000000000000001,-0.1586035912384598,-0.3348185205450882,0.8424190315757585,2.3991559100181803,-1.3228,0.0,0,0,0,229,NBS,0.2865800525736262
Bread Sliced 450g,2026-02-01,2026-01-01,0.8660254037844386,0.5000000000000001,-0.03717851082075674,-0.5753362587045618,0.10563947693538189,1.770336120838989,-1.3228,-2.4750771094954827,0,0,1,13,NBS,0.3221336404700681
Bread Unsliced 450g,2026-02-01,2026-01-01,0.8660254037844386,0.5000000000000001,0.1707466688589676,0.041755502552764945,-0.20708247312031247,3.059229996283497,-1.3228,-2.4750771094954827,0,0,1,13,NBS,0.8484902051149268
Carrots Fresh,2026-02-01,2026-01-01,0.8660254037844386,0.5000000000000001,1.7028323256940148,-0.17051273387016508,-0.33470288642380996,2.877750173459548,-1.3228,0.0,1,0,0,13,NBS,0.9001397827990365
Catfish Fresh,2026-02-01,2026-01-01,0.8660254037844386,0.5000000000000001,-0.2438863621382792,-0.4764286710018162,0.8314633125908522,1.0998934352681289,-1.3228,0.0,0,0,0,13,NBS,0.18765693141271633
Chicken Feet,2026-02-01,2026-01-01,0.8660254037844386,0.5000000000000001,-0.09704615757870627,5.710743978285504,0.10965440142070015,1.6088631692084299,-1.3228,-2.4750771094954827,0,0,1,13,NBS,0.45281606055087575
Chicken Meat Frozen,2026-02-01,2026-01-01,0.8660254037844386,0.5000000000000001,0.0,-0.2391884136254685,0.4193604160380726,1.0127286916753242,-1.3228,-2.4750771094954827,0,0,1,13,NBS,0.12825654015291565
Chicken Wings,2026-02-01,2026-01-01,0.8660254037844386,0.5000000000000001,-0.21710655445487115,0.781149076346721,0.1759160779207125,1.2511203633087664,-1.3228,-2.4750771094954827,0,0,1,13,NBS,0.30529294875654145
Crayfish Small White,2026-02-01,2026-01-01,0.8660254037844386,0.5000000000000001,0.8620970785134796,-0.24027736466387672,-0.9606223101885081,3.4269893882165503,-1.3228,0.0,1,0,0,13,NBS,1.444562739750066
Dried Fish Bonga,2026-02-01,2026-01-01,0.8660254037844386,0.5000000000000001,0.3387673231721511,-0.27629481358704133,0.7021722283605536,0.4572748117247727,-1.3228,0.0,1,0,0,13,NBS,0.15739256650317834
Evaporated Milk Peak 150g,2026-02-01,2026-01-01,0.8660254037844386,0.5000000000000001,-0.8028869561896856,-0.8828538985616863,-0.1275811557907791,0.32650862068965836,-1.3228,-2.4750771094954827,0,0,1,13,NBS,0.525474948511162
Evaporated Milk Three Crown 160g,2026-02-01,2026-01-01,0.8660254037844386,0.5000000000000001,-0.5804061766416124,-2.325483555434016,1.2502262973493883,-1.184859596526655,-1.3228,-2.4750771094954827,0,0,1,13,NBS,0.512309508594444
Garri White,2026-02-01,2026-01-01,0.8660254037844386,0.5000000000000001,-0.5641712607553195,-5.287300231792125,-3.1877074253859106,0.7588965234334832,-1.3228,0.0,0,0,0,229,NBS,2.414570325656107
Garri Yellow,2026-02-01,2026-01-01,0.8660254037844386,0.5000000000000001,-1.5959484699008764,-5.938263680079281,-4.047848027403466,1.4121092600223761,-1.3228,0.0,0,0,0,13,NBS,2.4126729203927555
Ginger Fresh,2026-02-01,2026-01-01,0.8660254037844386,0.5000000000000001,1.5513302311702004,-0.5325977263957782,-0.4498681420962769,3.924598269468471,-1.3228,0.0,0,0,0,13,NBS,1.1459991955967253
Goat Meat Bone-In,2026-02-01,2026-01-01,0.8660254037844386,0.5000000000000001,-0.3362569043631747,-0.9037255892085372,0.2894895696690547,1.5563430694123026,-1.3228,0.0,0,0,0,229,NBS,0.2906576422156748
Groundnut Oil 75cl,2026-02-01,2026-01-01,0.8660254037844386,0.5000000000000001,-1.8704322655962669,-6.282129293522731,1.1859158090766542,3.405074615695991,-1.3228,0.0,0,0,0,13,NBS,0.5576795835818604
Groundnuts Roasted 75cl,2026-02-01,2026-01-01,0.8660254037844386,0.5000000000000001,-0.8443055721850445,-3.01542172826742,1.1265706265839004,0.19725600562869872,-1.3228,0.0,0,0,0,13,NBS,0.6688090369072031
Irish Potato,2026-02-01,2026-01-01,0.8660254037844386,0.5000000000000001,3.7233064054115195,11.464509174419412,8.906923921088229,-1.9263949612208342,-1.3228,0.0,0,0,0,13,NBS,1.797359953381128
Mackerel Frozen,2026-02-01,2026-01-01,0.8660254037844386,0.5000000000000001,-0.42144906743184496,-0.3354781939174045,0.8604730174798902,2.2536983592591264,-1.3228,-2.4750771094954827,0,0,1,13,NBS,0.25456308662070715
Maize White Grain,2026-02-01,2026-01-01,0.8660254037844386,0.5000000000000001,-1.7998172647283317,-5.309503774725332,-6.738952627274141,0.0838796925552554,-1.3228,0.0,0,0,0,229,NBS,1.4313208172421321
Onions Fresh,2026-02-01,2026-01-01,0.8660254037844386,0.5000000000000001,-4.190585044225903,-12.03358418931998,-2.598076473339561,0.32318918997968904,-1.3228,0.0,1,0,0,229,NBS,1.0558552783861197
Palm Oil 75cl,2026-02-01,2026-01-01,0.8660254037844386,0.5000000000000001,-2.440351766874038,-3.31881071299025,-1.1493754679065438,2.3442396352927997,-1.3228,0.0,0,0,0,13,NBS,0.8739456023800996
Plantain Ripe,2026-02-01,2026-01-01,0.8660254037844386,0.5000000000000001,0.297448859458993,-2.4648250391353543,-1.0086482072600544,2.0506068666279242,-1.3228,0.0,0,1,0,13,NBS,1.0928411954657546
Plantain Unripe,2026-02-01,2026-01-01,0.8660254037844386,0.5000000000000001,-0.9199945800217768,-2.8109148869503664,-1.4058463508437313,0.40583841024599554,-1.3228,0.0,0,1,0,13,NBS,1.617984098390024
Rice Local Broken,2026-02-01,2026-01-01,0.8660254037844386,0.5000000000000001,0.11247816125865562,-1.7487046632124414,-4.463300549096305,2.2646173474473175,-1.3228,0.0,0,0,0,13,NBS,0.40290088638195165
Rice Local Short-Grain,2026-02-01,2026-01-01,0.8660254037844386,0.5000000000000001,-0.17614412383203382,-0.9060393673299583,-2.7082527772262166,1.006769825918763,-1.3228,0.0,0,0,0,13,NBS,0.9284244474245806
Rice Long-Grain Imported,2026-02-01,2026-01-01,0.8660254037844386,0.5000000000000001,-0.19125757534456111,-0.8258430762992708,-1.5842822177290605,2.379184826859526,-1.3228,-2.4750771094954827,0,0,1,229,NBS,0.6727324864247208
Semovita 1kg,2026-02-01,2026-01-01,0.8660254037844386,0.5000000000000001,-1.5822742990551308,-3.8235044907642735,0.2620814448885733,0.8585907335907361,-1.3228,-2.4750771094954827,0,0,1,13,NBS,0.30480299700568203
Smoked Fish Mackerel,2026-02-01,2026-01-01,0.8660254037844386,0.5000000000000001,-0.4271009469392628,0.04551451292309494,0.845607942198856,0.9318315047442294,-1.3228,-2.4750771094954827,0,0,1,13,NBS,0.27589093441877655
Sweet Potatoes,2026-02-01,2026-01-01,0.8660254037844386,0.5000000000000001,-1.0905081954148188,-7.0175871949412,-3.4946364719904754,-3.4274855721859954,-1.3228,0.0,0,0,0,13,NBS,8.15953803800442
Tilapia Fresh,2026-02-01,2026-01-01,0.8660254037844386,0.5000000000000001,0.05474352657799386,-0.5948554695072827,1.0386651477584996,0.7616437923464447,-1.3228,0.0,0,0,0,13,NBS,0.2352683700826086
Titus Frozen,2026-02-01,2026-01-01,0.8660254037844386,0.5000000000000001,0.04068688289589062,-1.1273254009957268,-0.03647274285937252,1.7753048618770473,-1.3228,-2.4750771094954827,0,0,1,13,NBS,0.31527391786168035
Tomatoes Fresh,2026-02-01,2026-01-01,0.8660254037844386,0.5000000000000001,-3.0697190426638765,-14.957120561213822,-2.0604016798380087,2.746338215712396,-1.3228,0.0,1,0,0,13,NBS,5.1510271800126795
Vegetable Oil 75cl,2026-02-01,2026-01-01,0.8660254037844386,0.5000000000000001,-1.5665253758163522,0.23464183424974916,1.8806038155098292,3.849178080350546,-1.3228,-2.4750771094954827,0,0,1,13,NBS,0.3986401527499739
Watermelon Fresh Medium,2026-02-01,2026-01-01,0.8660254037844386,0.5000000000000001,0.5378827385830176,-5.067140674801507,2.263281227398539,4.071664757623572,-1.3228,0.0,1,0,0,13,NBS,1.1179283498330417
Wheat Flour 2kg,2026-02-01,2026-01-01,0.8660254037844386,0.5000000000000001,-0.2998266755382617,-4.107348222678498,0.5754274773882573,1.1288230661465004,-1.3228,-2.4750771094954827,0,0,1,13,NBS,0.258434125388618
Yam Tuber,2026-02-01,2026-01-01,0.8660254037844386,0.5000000000000001,0.5417033723833509,0.9353553515197177,0.5810764738144902,1.5416831966575062,-1.3228,0.0,0,0,0,229,NBS,2.0926922779025414
Agric Hen Eggs,2026-03-01,2026-02-01,1.0,6.123233995736766e-17,3.410226515656234,-0.33200531208499307,-1.6369351349144745,3.6675398904501,1.6155,0.0,0,1,0,14,NBS,3.273605798268586
Agric Hen Eggs (Crate of 30 Pieces),2026-03-01,2026-02-01,1.0,6.123233995736766e-17,1.4213696742954918,-0.06664293390876708,-0.6546913681641731,28.35351365099765,1.6155,0.0,0,1,0,230,NBS,2.0020474918225117
Beans Brown,2026-03-01,2026-02-01,1.0,6.123233995736766e-17,3.565346197412933,0.9855132748318285,-19.192905114962223,6.09498937533457,1.6155,0.0,0,0,0,230,NBS,1.408095208957949
Beans White,2026-03-01,2026-02-01,1.0,6.123233995736766e-17,3.7374680761379064,0.7519485710479001,-16.0564246669183,4.766521782314026,1.6155,0.0,0,0,0,14,NBS,1.712969971238043
Beef Boneless,2026-03-01,2026-02-01,1.0,6.123233995736766e-17,0.2865800525736262,-0.1586035912384598,-0.3348185205450882,4.052023619259071,1.6155,0.0,0,0,0,230,NBS,0.1369332464929096
Bread Sliced 450g,2026-03-01,2026-02-01,1.0,6.123233995736766e-17,0.3221336404700681,-0.03717851082075674,-0.5753362587045618,2.8765789650928575,1.6155,-4.251939598878951,0,0,1,14,NBS,0.17519941640056214
Bread Unsliced 450g,2026-03-01,2026-02-01,1.0,6.123233995736766e-17,0.8484902051149268,0.1707466688589676,0.041755502552764945,4.26130102909652,1.6155,-4.251939598878951,0,0,1,14,NBS,0.16964749629091447
Carrots Fresh,2026-03-01,2026-02-01,1.0,6.123233995736766e-17,0.9001397827990365,1.7028323256940148,-0.17051273387016508,5.899085712420926,1.6155,0.0,0,0,0,14,NBS,1.6477131446607896
Catfish Fresh,2026-03-01,2026-02-01,1.0,6.123233995736766e-17,0.18765693141271633,-0.2438863621382792,-0.4764286710018162,4.215269209516381,1.6155,0.0,0,1,0,14,NBS,0.24831161293727977
Chicken Feet,2026-03-01,2026-02-01,1.0,6.123233995736766e-17,0.45281606055087575,-0.09704615757870627,5.710743978285504,4.196472859183298,1.6155,-4.251939598878951,0,0,1,14,NBS,0.22438012158330078
Chicken Meat Frozen,2026-03-01,2026-02-01,1.0,6.123233995736766e-17,0.12825654015291565,0.0,-0.2391884136254685,2.214778396095607,1.6155,-4.251939598878951,0,0,1,14,NBS,0.1519194404497881
Chicken Wings,2026-03-01,2026-02-01,1.0,6.123233995736766e-17,0.30529294875654145,-0.21710655445487115,0.781149076346721,6.30118719008923,1.6155,-4.251939598878951,0,0,1,14,NBS,0.2799506134300245
Crayfish Small White,2026-03-01,2026-02-01,1.0,6.123233995736766e-17,1.444562739750066,0.8620970785134796,-0.24027736466387672,3.362503183012344,1.6155,0.0,0,0,0,14,NBS,0.403293736255228
Dried Fish Bonga,2026-03-01,2026-02-01,1.0,6.123233995736766e-17,0.15739256650317834,0.3387673231721511,-0.27629481358704133,5.418164226739508,1.6155,0.0,0,0,0,14,NBS,0.17486527955778985
Evaporated Milk Peak 150g,2026-03-01,2026-02-01,1.0,6.123233995736766e-17,0.525474948511162,-0.8028869561896856,-0.8828538985616863,7.319850058537325,1.6155,-4.251939598878951,0,0,1,14,NBS,0.5246428981733331
Evaporated Milk Three Crown 160g,2026-03-01,2026-02-01,1.0,6.123233995736766e-17,0.512309508594444,-0.5804061766416124,-2.325483555434016,5.418766846768452,1.6155,-4.251939598878951,0,0,1,14,NBS,0.5517241379310311
Garri White,2026-03-01,2026-02-01,1.0,6.123233995736766e-17,2.414570325656107,-0.5641712607553195,-5.287300231792125,6.710510863182617,1.6155,0.0,0,1,0,230,NBS,1.3811945055778985
Garri Yellow,2026-03-01,2026-02-01,1.0,6.123233995736766e-17,2.4126729203927555,-1.5959484699008764,-5.938263680079281,5.696041795160167,1.6155,0.0,0,1,0,14,NBS,1.4149262242497684
Ginger Fresh,2026-03-01,2026-02-01,1.0,6.123233995736766e-17,1.1459991955967253,1.5513302311702004,-0.5325977263957782,5.222672064777334,1.6155,0.0,0,0,0,14,NBS,0.6140795252958187
Goat Meat Bone-In,2026-03-01,2026-02-01,1.0,6.123233995736766e-17,0.2906576422156748,-0.3362569043631747,-0.9037255892085372,9.423406346197494,1.6155,0.0,0,0,0,230,NBS,0.21619284401686034
Groundnut Oil 75cl,2026-03-01,2026-02-01,1.0,6.123233995736766e-17,0.5576795835818604,-1.8704322655962669,-6.282129293522731,5.888158219374118,1.6155,0.0,0,0,0,14,NBS,0.25638698552434835
Groundnuts Roasted 75cl,2026-03-01,2026-02-01,1.0,6.123233995736766e-17,0.6688090369072031,-0.8443055721850445,-3.01542172826742,3.979569231798097,1.6155,0.0,0,0,0,14,NBS,0.2700799405669363
Irish Potato,2026-03-01,2026-02-01,1.0,6.123233995736766e-17,1.797359953381128,3.7233064054115195,11.464509174419412,7.136716370323559,1.6155,0.0,1,0,0,14,NBS,1.7661230910140713
Mackerel Frozen,2026-03-01,2026-02-01,1.0,6.123233995736766e-17,0.25456308662070715,-0.42144906743184496,-0.3354781939174045,4.7673007653134425,1.6155,-4.251939598878951,0,0,1,14,NBS,0.20779714300518393
Maize White Grain,2026-03-01,2026-02-01,1.0,6.123233995736766e-17,1.4313208172421321,-1.7998172647283317,-5.309503774725332,9.359285738719937,1.6155,0.0,0,0,0,230,NBS,0.9361413384936235
Onions Fresh,2026-03-01,2026-02-01,1.0,6.123233995736766e-17,1.0558552783861197,-4.190585044225903,-12.03358418931998,4.577854873035769,1.6155,0.0,0,0,0,230,NBS,1.5874973571076367
Palm Oil 75cl,2026-03-01,2026-02-01,1.0,6.123233995736766e-17,0.8739456023800996,-2.440351766874038,-3.31881071299025,5.352851120944568,1.6155,0.0,1,0,0,14,NBS,0.2689613567047555
Plantain Ripe,2026-03-01,2026-02-01,1.0,6.123233995736766e-17,1.0928411954657546,0.297448859458993,-2.4648250391353543,4.60067902846697,1.6155,0.0,0,1,0,14,NBS,1.211831111405992
Plantain Unripe,2026-03-01,2026-02-01,1.0,6.123233995736766e-17,1.617984098390024,-0.9199945800217768,-2.8109148869503664,4.084279987028072,1.6155,0.0,0,1,0,14,NBS,1.1174791748845614
Rice Local Broken,2026-03-01,2026-02-01,1.0,6.123233995736766e-17,0.40290088638195165,0.11247816125865562,-1.7487046632124414,4.163044113920367,1.6155,0.0,0,0,0,14,NBS,0.36459527631276245
Rice Local Short-Grain,2026-03-01,2026-02-01,1.0,6.123233995736766e-17,0.9284244474245806,-0.17614412383203382,-0.9060393673299583,7.363966258461696,1.6155,0.0,0,0,0,14,NBS,0.9376361670423217
Rice Long-Grain Imported,2026-03-01,2026-02-01,1.0,6.123233995736766e-17,0.6727324864247208,-0.19125757534456111,-0.8258430762992708,4.460662198987175,1.6155,-4.251939598878951,0,0,1,230,NBS,0.5443554767857739
Semovita 1kg,2026-03-01,2026-02-01,1.0,6.123233995736766e-17,0.30480299700568203,-1.5822742990551308,-3.8235044907642735,3.987481995798614,1.6155,-4.251939598878951,0,0,1,14,NBS,-3.5974369042944265
Smoked Fish Mackerel,2026-03-01,2026-02-01,1.0,6.123233995736766e-17,0.27589093441877655,-0.4271009469392628,0.04551451292309494,5.400126785904047,1.6155,-4.251939598878951,0,0,1,14,NBS,0.26413934067124334
Sweet Potatoes,2026-03-01,2026-02-01,1.0,6.123233995736766e-17,8.15953803800442,-1.0905081954148188,-7.0175871949412,10.516215231385884,1.6155,0.0,0,0,0,14,NBS,2.8469971815597184
Tilapia Fresh,2026-03-01,2026-02-01,1.0,6.123233995736766e-17,0.2352683700826086,0.05474352657799386,-0.5948554695072827,6.957370188521028,1.6155,0.0,0,1,0,14,NBS,0.2193640829694532
Titus Frozen,2026-03-01,2026-02-01,1.0,6.123233995736766e-17,0.31527391786168035,0.04068688289589062,-1.1273254009957268,5.314604378995358,1.6155,-4.251939598878951,0,0,1,14,NBS,0.22109813645856402
Tomatoes Fresh,2026-03-01,2026-02-01,1.0,6.123233995736766e-17,5.1510271800126795,-3.0697190426638765,-14.957120561213822,4.158791871411327,1.6155,0.0,1,0,0,14,NBS,2.554226260638748
Vegetable Oil 75cl,2026-03-01,2026-02-01,1.0,6.123233995736766e-17,0.3986401527499739,-1.5665253758163522,0.23464183424974916,7.976029846206623,1.6155,-4.251939598878951,0,0,1,14,NBS,0.2687249326641439
Watermelon Fresh Medium,2026-03-01,2026-02-01,1.0,6.123233995736766e-17,1.1179283498330417,0.5378827385830176,-5.067140674801507,5.950576264147012,1.6155,0.0,0,0,0,14,NBS,1.0327762334445545
Wheat Flour 2kg,2026-03-01,2026-02-01,1.0,6.123233995736766e-17,0.258434125388618,-0.2998266755382617,-4.107348222678498,5.742777834892565,1.6155,-4.251939598878951,0,0,1,14,NBS,0.2750255439561533
Yam Tuber,2026-03-01,2026-02-01,1.0,6.123233995736766e-17,2.0926922779025414,0.5417033723833509,0.9353553515197177,5.8901203246242595,1.6155,0.0,0,1,0,230,NBS,1.6932275639049976
Agric Hen Eggs,2026-04-01,2026-03-01,0.8660254037844387,-0.4999999999999998,3.273605798268586,3.410226515656234,-0.33200531208499307,-0.712152538479216,22.5465,0.0,0,1,0,15,NBS,1.0683094198377985
Agric Hen Eggs (Crate of 30 Pieces),2026-04-01,2026-03-01,0.8660254037844387,-0.4999999999999998,2.0020474918225117,1.4213696742954918,-0.06664293390876708,-19.820977868630195,22.5465,0.0,0,1,0,231,NBS,0.25278982704539654
Beans Brown,2026-04-01,2026-03-01,0.8660254037844387,-0.4999999999999998,1.408095208957949,3.565346197412933,0.9855132748318285,-7.142638728566741,22.5465,0.0,0,1,0,231,NBS,0.986536938567717
Beans White,2026-04-01,2026-03-01,0.8660254037844387,-0.4999999999999998,1.712969971238043,3.7374680761379064,0.7519485710479001,-5.318020324047124,22.5465,0.0,0,1,0,15,NBS,1.1514691022457502
Beef Boneless,2026-04-01,2026-03-01,0.8660254037844387,-0.4999999999999998,0.1369332464929096,0.2865800525736262,-0.1586035912384598,0.32252625124549184,22.5465,0.0,0,0,0,231,NBS,0.2408989310924703
Bread Sliced 450g,2026-04-01,2026-03-01,0.8660254037844387,-0.4999999999999998,0.17519941640056214,0.3221336404700681,-0.03717851082075674,0.4898313861097403,22.5465,1.8344024183440277,0,0,1,15,NBS,0.43514334660450515
Bread Unsliced 450g,2026-04-01,2026-03-01,0.8660254037844387,-0.4999999999999998,0.16964749629091447,0.8484902051149268,0.1707466688589676,-0.8787886551715363,22.5465,1.8344024183440277,0,0,1,15,NBS,0.33872036196831434
Carrots Fresh,2026-04-01,2026-03-01,0.8660254037844387,-0.4999999999999998,1.6477131446607896,0.9001397827990365,1.7028323256940148,-0.8078888575023813,22.5465,0.0,0,0,0,15,NBS,1.100305529484591
Catfish Fresh,2026-04-01,2026-03-01,0.8660254037844387,-0.4999999999999998,0.24831161293727977,0.18765693141271633,-0.2438863621382792,1.1871925565314578,22.5465,0.0,0,1,0,15,NBS,0.2315781855980692
Chicken Feet,2026-04-01,2026-03-01,0.8660254037844387,-0.4999999999999998,0.22438012158330078,0.45281606055087575,-0.09704615757870627,0.448515368247171,22.5465,1.8344024183440277,0,0,1,15,NBS,0.30553915348570104
Chicken Meat Frozen,2026-04-01,2026-03-01,0.8660254037844387,-0.4999999999999998,0.1519194404497881,0.12825654015291565,0.0,1.1358991345530312,22.5465,1.8344024183440277,0,0,1,15,NBS,0.2767185232679825
Chicken Wings,2026-04-01,2026-03-01,0.8660254037844387,-0.4999999999999998,0.2799506134300245,0.30529294875654145,-0.21710655445487115,2.153785554801546,22.5465,1.8344024183440277,0,0,1,15,NBS,0.29992217588250547
Crayfish Small White,2026-04-01,2026-03-01,0.8660254037844387,-0.4999999999999998,0.403293736255228,1.444562739750066,0.8620970785134796,-0.020129187321615838,22.5465,0.0,0,0,0,15,NBS,0.42298757792844643
Dried Fish Bonga,2026-04-01,2026-03-01,0.8660254037844387,-0.4999999999999998,0.17486527955778985,0.15739256650317834,0.3387673231721511,2.524877652153301,22.5465,0.0,0,0,0,15,NBS,0.2989323453025161
Evaporated Milk Peak 150g,2026-04-01,2026-03-01,0.8660254037844387,-0.4999999999999998,0.5246428981733331,0.525474948511162,-0.8028869561896856,-0.499409515802951,22.5465,1.8344024183440277,0,0,1,15,NBS,0.4904761904761967
Evaporated Milk Three Crown 160g,2026-04-01,2026-03-01,0.8660254037844387,-0.4999999999999998,0.5517241379310311,0.512309508594444,-0.5804061766416124,1.922856422134056,22.5465,1.8344024183440277,0,0,1,15,NBS,0.38365912208504493
Garri White,2026-04-01,2026-03-01,0.8660254037844387,-0.4999999999999998,1.3811945055778985,2.414570325656107,-0.5641712607553195,-1.3103832834419293,22.5465,0.0,0,1,0,231,NBS,0.9257179928637393
Garri Yellow,2026-04-01,2026-03-01,0.8660254037844387,-0.4999999999999998,1.4149262242497684,2.4126729203927555,-1.5959484699008764,-2.35540452407923,22.5465,0.0,0,1,0,15,NBS,0.9687811163825888
Ginger Fresh,2026-04-01,2026-03-01,0.8660254037844387,-0.4999999999999998,0.6140795252958187,1.1459991955967253,1.5513302311702004,8.052423465783232,22.5465,0.0,0,0,0,15,NBS,0.7321452740807421
Goat Meat Bone-In,2026-04-01,2026-03-01,0.8660254037844387,-0.4999999999999998,0.21619284401686034,0.2906576422156748,-0.3362569043631747,-2.6697289501861454,22.5465,0.0,0,0,0,231,NBS,0.20523165814936295
Groundnut Oil 75cl,2026-04-01,2026-03-01,0.8660254037844387,-0.4999999999999998,0.25638698552434835,0.5576795835818604,-1.8704322655962669,0.978619494100319,22.5465,0.0,0,0,0,15,NBS,0.3624207507702648
Groundnuts Roasted 75cl,2026-04-01,2026-03-01,0.8660254037844387,-0.4999999999999998,0.2700799405669363,0.6688090369072031,-0.8443055721850445,2.3330975045021907,22.5465,0.0,0,1,0,15,NBS,0.22150189086980188
Irish Potato,2026-04-01,2026-03-01,0.8660254037844387,-0.4999999999999998,1.7661230910140713,1.797359953381128,3.7233064054115195,3.5525252954680786,22.5465,0.0,1,0,0,15,NBS,1.0193699863040306
Mackerel Frozen,2026-04-01,2026-03-01,0.8660254037844387,-0.4999999999999998,0.20779714300518393,0.25456308662070715,-0.42144906743184496,-1.1897574704111125,22.5465,1.8344024183440277,0,0,1,15,NBS,0.2728684629214273
Maize White Grain,2026-04-01,2026-03-01,0.8660254037844387,-0.4999999999999998,0.9361413384936235,1.4313208172421321,-1.7998172647283317,-3.061559635897282,22.5465,0.0,0,0,0,231,NBS,1.0033986081890323
Onions Fresh,2026-04-01,2026-03-01,0.8660254037844387,-0.4999999999999998,1.5874973571076367,1.0558552783861197,-4.190585044225903,4.788653866257797,22.5465,0.0,0,0,0,231,NBS,0.9755970654040214
Palm Oil 75cl,2026-04-01,2026-03-01,0.8660254037844387,-0.4999999999999998,0.2689613567047555,0.8739456023800996,-2.440351766874038,0.18273966167285938,22.5465,0.0,1,0,0,15,NBS,0.12283883044064137
Plantain Ripe,2026-04-01,2026-03-01,0.8660254037844387,-0.4999999999999998,1.211831111405992,1.0928411954657546,0.297448859458993,2.7374686654216163,22.5465,0.0,1,0,0,15,NBS,1.1406630455141453
Plantain Unripe,2026-04-01,2026-03-01,0.8660254037844387,-0.4999999999999998,1.1174791748845614,1.617984098390024,-0.9199945800217768,0.7784806982845227,22.5465,0.0,1,0,0,15,NBS,1.065660668309687
Rice Local Broken,2026-04-01,2026-03-01,0.8660254037844387,-0.4999999999999998,0.36459527631276245,0.40290088638195165,0.11247816125865562,-5.758066870529587,22.5465,0.0,0,0,0,15,NBS,0.33494025451805687
Rice Local Short-Grain,2026-04-01,2026-03-01,0.8660254037844387,-0.4999999999999998,0.9376361670423217,0.9284244474245806,-0.17614412383203382,-4.396158099382852,22.5465,0.0,0,0,0,15,NBS,0.9102730819245952
Rice Long-Grain Imported,2026-04-01,2026-03-01,0.8660254037844387,-0.4999999999999998,0.5443554767857739,0.6727324864247208,-0.19125757534456111,-3.933555015655854,22.5465,1.8344024183440277,0,0,1,231,NBS,0.44427856445861114
Semovita 1kg,2026-04-01,2026-03-01,0.8660254037844387,-0.4999999999999998,-3.5974369042944265,0.30480299700568203,-1.5822742990551308,3.869091444558981,22.5465,1.8344024183440277,0,0,1,15,NBS,0.03471547199156433
Smoked Fish Mackerel,2026-04-01,2026-03-01,0.8660254037844387,-0.4999999999999998,0.26413934067124334,0.27589093441877655,-0.4271009469392628,2.921728005340052,22.5465,1.8344024183440277,0,0,1,15,NBS,0.1770060553866859
Sweet Potatoes,2026-04-01,2026-03-01,0.8660254037844387,-0.4999999999999998,2.8469971815597184,8.15953803800442,-1.0905081954148188,3.136677364048013,22.5465,0.0,0,1,0,15,NBS,1.9267450563777988
Tilapia Fresh,2026-04-01,2026-03-01,0.8660254037844387,-0.4999999999999998,0.2193640829694532,0.2352683700826086,0.05474352657799386,0.5539435505143686,22.5465,0.0,0,1,0,15,NBS,0.17905590561098084
Titus Frozen,2026-04-01,2026-03-01,0.8660254037844387,-0.4999999999999998,0.22109813645856402,0.31527391786168035,0.04068688289589062,1.3528987151899097,22.5465,1.8344024183440277,0,0,1,15,NBS,0.6086776548505979
Tomatoes Fresh,2026-04-01,2026-03-01,0.8660254037844387,-0.4999999999999998,2.554226260638748,5.1510271800126795,-3.0697190426638765,10.905948935067178,22.5465,0.0,0,0,0,15,NBS,6.603918729354263
Vegetable Oil 75cl,2026-04-01,2026-03-01,0.8660254037844387,-0.4999999999999998,0.2687249326641439,0.3986401527499739,-1.5665253758163522,1.1327505761145273,22.5465,1.8344024183440277,0,0,1,15,NBS,0.3352372258271341
Watermelon Fresh Medium,2026-04-01,2026-03-01,0.8660254037844387,-0.4999999999999998,1.0327762334445545,1.1179283498330417,0.5378827385830176,0.8099685420566161,22.5465,0.0,0,0,0,15,NBS,0.5410894320736714
Wheat Flour 2kg,2026-04-01,2026-03-01,0.8660254037844387,-0.4999999999999998,0.2750255439561533,0.258434125388618,-0.2998266755382617,1.271923854709489,22.5465,1.8344024183440277,0,0,1,15,NBS,0.1611753232384716
Yam Tuber,2026-04-01,2026-03-01,0.8660254037844387,-0.4999999999999998,1.6932275639049976,2.0926922779025414,0.5417033723833509,4.6213915082222945,22.5465,0.0,0,1,0,231,NBS,3.4391756422809783
Agric Hen Eggs,2026-05-01,2026-04-01,0.49999999999999994,-0.8660254037844387,1.0683094198377985,3.273605798268586,3.410226515656234,2.47184945241401,18.9659,0.0,0,1,0,16,NBS,0.7406835892292074
Agric Hen Eggs (Crate of 30 Pieces),2026-05-01,2026-04-01,0.49999999999999994,-0.8660254037844387,0.25278982704539654,2.0020474918225117,1.4213696742954918,1.849376766208466,18.9659,0.0,0,1,0,232,NBS,0.09880988619772602
Beans Brown,2026-05-01,2026-04-01,0.49999999999999994,-0.8660254037844387,0.986536938567717,1.408095208957949,3.565346197412933,-1.8210332634941206,18.9659,0.0,0,1,0,232,NBS,0.44811902041181906
Beans White,2026-05-01,2026-04-01,0.49999999999999994,-0.8660254037844387,1.1514691022457502,1.712969971238043,3.7374680761379064,-2.708231019734797,18.9659,0.0,0,1,0,16,NBS,0.45302130361721815
Beef Boneless,2026-05-01,2026-04-01,0.49999999999999994,-0.8660254037844387,0.2408989310924703,0.1369332464929096,0.2865800525736262,1.8088360679283877,18.9659,0.0,0,0,0,232,NBS,3.6339910461651526
Bread Sliced 450g,2026-05-01,2026-04-01,0.49999999999999994,-0.8660254037844387,0.43514334660450515,0.17519941640056214,0.3221336404700681,-1.824804548685155,18.9659,-1.4241445720326151,0,0,1,16,NBS,0.2721977891358751
Bread Unsliced 450g,2026-05-01,2026-04-01,0.49999999999999994,-0.8660254037844387,0.33872036196831434,0.16964749629091447,0.8484902051149268,0.5518507030603859,18.9659,-1.4241445720326151,0,0,1,16,NBS,0.2329405316525035
Carrots Fresh,2026-05-01,2026-04-01,0.49999999999999994,-0.8660254037844387,1.100305529484591,1.6477131446607896,0.9001397827990365,-1.0164032889422692,18.9659,0.0,0,0,0,16,NBS,2.734158963419442
Catfish Fresh,2026-05-01,2026-04-01,0.49999999999999994,-0.8660254037844387,0.2315781855980692,0.24831161293727977,0.18765693141271633,0.7348599997487604,18.9659,0.0,0,1,0,16,NBS,0.40580233340443694
Chicken Feet,2026-05-01,2026-04-01,0.49999999999999994,-0.8660254037844387,0.30553915348570104,0.22438012158330078,0.45281606055087575,0.09792445827505603,18.9659,-1.4241445720326151,0,0,1,16,NBS,0.35220352654428133
Chicken Meat Frozen,2026-05-01,2026-04-01,0.49999999999999994,-0.8660254037844387,0.2767185232679825,0.1519194404497881,0.12825654015291565,1.1910838566936643,18.9659,-1.4241445720326151,0,0,1,16,NBS,1.1711256940938997
Chicken Wings,2026-05-01,2026-04-01,0.49999999999999994,-0.8660254037844387,0.29992217588250547,0.2799506134300245,0.30529294875654145,1.2487636003956526,18.9659,-1.4241445720326151,0,0,1,16,NBS,0.22998887856549022
Crayfish Small White,2026-05-01,2026-04-01,0.49999999999999994,-0.8660254037844387,0.42298757792844643,0.403293736255228,1.444562739750066,20.90220954796369,18.9659,0.0,0,0,0,16,NBS,1.2831483760259221
Dried Fish Bonga,2026-05-01,2026-04-01,0.49999999999999994,-0.8660254037844387,0.2989323453025161,0.17486527955778985,0.15739256650317834,0.6810118749004834,18.9659,0.0,0,0,0,16,NBS,0.7483846976246822
Evaporated Milk Peak 150g,2026-05-01,2026-04-01,0.49999999999999994,-0.8660254037844387,0.4904761904761967,0.5246428981733331,0.525474948511162,1.7662619821160908,18.9659,-1.4241445720326151,0,0,1,16,NBS,0.26726057906458767
Evaporated Milk Three Crown 160g,2026-05-01,2026-04-01,0.49999999999999994,-0.8660254037844387,0.38365912208504493,0.5517241379310311,0.512309508594444,1.931579124995797,18.9659,-1.4241445720326151,0,0,1,16,NBS,0.14625814027970918
Garri White,2026-05-01,2026-04-01,0.49999999999999994,-0.8660254037844387,0.9257179928637393,1.3811945055778985,2.414570325656107,-0.24607835848635684,18.9659,0.0,0,1,0,232,NBS,0.5290743670886
Garri Yellow,2026-05-01,2026-04-01,0.49999999999999994,-0.8660254037844387,0.9687811163825888,1.4149262242497684,2.4126729203927555,1.1192823094337445,18.9659,0.0,0,1,0,16,NBS,0.4049099684425572
Ginger Fresh,2026-05-01,2026-04-01,0.49999999999999994,-0.8660254037844387,0.7321452740807421,0.6140795252958187,1.1459991955967253,10.765371198190987,18.9659,0.0,0,1,0,16,NBS,5.822473673461337
Goat Meat Bone-In,2026-05-01,2026-04-01,0.49999999999999994,-0.8660254037844387,0.20523165814936295,0.21619284401686034,0.2906576422156748,0.037117366902927884,18.9659,0.0,0,0,0,232,NBS,0.7178578597798912
Groundnut Oil 75cl,2026-05-01,2026-04-01,0.49999999999999994,-0.8660254037844387,0.3624207507702648,0.25638698552434835,0.5576795835818604,-1.0783553619336028,18.9659,0.0,0,1,0,16,NBS,0.28186708758819456
Groundnuts Roasted 75cl,2026-05-01,2026-04-01,0.49999999999999994,-0.8660254037844387,0.22150189086980188,0.2700799405669363,0.6688090369072031,2.3620036767594277,18.9659,0.0,0,1,0,16,NBS,0.11859198965014084
Irish Potato,2026-05-01,2026-04-01,0.49999999999999994,-0.8660254037844387,1.0193699863040306,1.7661230910140713,1.797359953381128,6.798692401250128,18.9659,0.0,0,0,0,16,NBS,1.8787162751060515
Mackerel Frozen,2026-05-01,2026-04-01,0.49999999999999994,-0.8660254037844387,0.2728684629214273,0.20779714300518393,0.25456308662070715,0.9006165319156878,18.9659,-1.4241445720326151,0,0,1,16,NBS,0.3058193345206295
Maize White Grain,2026-05-01,2026-04-01,0.49999999999999994,-0.8660254037844387,1.0033986081890323,0.9361413384936235,1.4313208172421321,-1.8602625019159214,18.9659,0.0,0,1,0,232,NBS,0.5546448424192274
Onions Fresh,2026-05-01,2026-04-01,0.49999999999999994,-0.8660254037844387,0.9755970654040214,1.5874973571076367,1.0558552783861197,6.904945595786005,18.9659,0.0,0,0,0,232,NBS,1.3414749353738875
Palm Oil 75cl,2026-05-01,2026-04-01,0.49999999999999994,-0.8660254037844387,0.12283883044064137,0.2689613567047555,0.8739456023800996,-1.6404647983595422,18.9659,0.0,1,0,0,16,NBS,0.012519196100679864
Plantain Ripe,2026-05-01,2026-04-01,0.49999999999999994,-0.8660254037844387,1.1406630455141453,1.211831111405992,1.0928411954657546,1.0906969962088064,18.9659,0.0,1,0,0,16,NBS,2.3278208855719518
Plantain Unripe,2026-05-01,2026-04-01,0.49999999999999994,-0.8660254037844387,1.065660668309687,1.1174791748845614,1.617984098390024,3.3976906636317583,18.9659,0.0,1,0,0,16,NBS,2.4866607633448945
Rice Local Broken,2026-05-01,2026-04-01,0.49999999999999994,-0.8660254037844387,0.33494025451805687,0.36459527631276245,0.40290088638195165,2.3317142528069157,18.9659,0.0,0,1,0,16,NBS,0.5601654081920593
Rice Local Short-Grain,2026-05-01,2026-04-01,0.49999999999999994,-0.8660254037844387,0.9102730819245952,0.9376361670423217,0.9284244474245806,-2.2742006949464932,18.9659,0.0,0,1,0,16,NBS,0.6332389724522658
Rice Long-Grain Imported,2026-05-01,2026-04-01,0.49999999999999994,-0.8660254037844387,0.44427856445861114,0.5443554767857739,0.6727324864247208,1.1879834195119843,18.9659,-1.4241445720326151,0,0,1,232,NBS,0.5367751409090626
Semovita 1kg,2026-05-01,2026-04-01,0.49999999999999994,-0.8660254037844387,0.03471547199156433,-3.5974369042944265,0.30480299700568203,1.6263512316143869,18.9659,-1.4241445720326151,0,0,1,16,NBS,0.2563426292239823
Smoked Fish Mackerel,2026-05-01,2026-04-01,0.49999999999999994,-0.8660254037844387,0.1770060553866859,0.26413934067124334,0.27589093441877655,2.4303983894177206,18.9659,-1.4241445720326151,0,0,1,16,NBS,0.2610746568834976
Sweet Potatoes,2026-05-01,2026-04-01,0.49999999999999994,-0.8660254037844387,1.9267450563777988,2.8469971815597184,8.15953803800442,11.360584812770401,18.9659,0.0,0,1,0,16,NBS,2.1260215563188467
Tilapia Fresh,2026-05-01,2026-04-01,0.49999999999999994,-0.8660254037844387,0.17905590561098084,0.2193640829694532,0.2352683700826086,1.2515302553340213,18.9659,0.0,0,1,0,16,NBS,0.15393032019546116
Titus Frozen,2026-05-01,2026-04-01,0.49999999999999994,-0.8660254037844387,0.6086776548505979,0.22109813645856402,0.31527391786168035,2.310545536587716,18.9659,-1.4241445720326151,0,0,1,16,NBS,20.614252452240912
Tomatoes Fresh,2026-05-01,2026-04-01,0.49999999999999994,-0.8660254037844387,6.603918729354263,2.554226260638748,5.1510271800126795,8.502847526819735,18.9659,0.0,0,0,0,16,NBS,32.48437924477044
Vegetable Oil 75cl,2026-05-01,2026-04-01,0.49999999999999994,-0.8660254037844387,0.3352372258271341,0.2687249326641439,0.3986401527499739,-0.8095270548564293,18.9659,-1.4241445720326151,0,0,1,16,NBS,0.31198610662854787
Watermelon Fresh Medium,2026-05-01,2026-04-01,0.49999999999999994,-0.8660254037844387,0.5410894320736714,1.0327762334445545,1.1179283498330417,1.0280214839478052,18.9659,0.0,0,0,0,16,NBS,0.30636193993960337
Wheat Flour 2kg,2026-05-01,2026-04-01,0.49999999999999994,-0.8660254037844387,0.1611753232384716,0.2750255439561533,0.258434125388618,0.4555305683092037,18.9659,-1.4241445720326151,0,0,1,16,NBS,0.1753711294937066
Yam Tuber,2026-05-01,2026-04-01,0.49999999999999994,-0.8660254037844387,3.4391756422809783,1.6932275639049976,2.0926922779025414,6.040855683725588,18.9659,0.0,0,1,0,232,NBS,5.798166295538354
